[0.000000] (-) TimerEvent: {}
[0.000545] (node_control_msgs) JobQueued: {'identifier': 'node_control_msgs', 'dependencies': OrderedDict()}
[0.001139] (node_driver_msgs) JobQueued: {'identifier': 'node_driver_msgs', 'dependencies': OrderedDict()}
[0.001440] (node_app_msgs) JobQueued: {'identifier': 'node_app_msgs', 'dependencies': OrderedDict([('node_control_msgs', '/data/rl_deploy/install/node_control_msgs')])}
[0.001767] (robot_msgs) JobQueued: {'identifier': 'robot_msgs', 'dependencies': OrderedDict([('node_control_msgs', '/data/rl_deploy/install/node_control_msgs')])}
[0.001858] (robot_rl_controller) JobQueued: {'identifier': 'robot_rl_controller', 'dependencies': OrderedDict([('node_control_msgs', '/data/rl_deploy/install/node_control_msgs'), ('node_app_msgs', '/data/rl_deploy/install/node_app_msgs'), ('robot_msgs', '/data/rl_deploy/install/robot_msgs')])}
[0.001946] (robot_state) JobQueued: {'identifier': 'robot_state', 'dependencies': OrderedDict([('node_control_msgs', '/data/rl_deploy/install/node_control_msgs'), ('robot_msgs', '/data/rl_deploy/install/robot_msgs')])}
[0.002011] (node_control_msgs) JobStarted: {'identifier': 'node_control_msgs'}
[0.010926] (node_driver_msgs) JobStarted: {'identifier': 'node_driver_msgs'}
[0.018178] (node_control_msgs) JobProgress: {'identifier': 'node_control_msgs', 'progress': 'cmake'}
[0.019835] (node_control_msgs) JobProgress: {'identifier': 'node_control_msgs', 'progress': 'build'}
[0.021387] (node_control_msgs) Command: {'cmd': ['/usr/local/bin/cmake', '--build', '/data/rl_deploy/build/node_control_msgs', '--', '-j8', '-l8'], 'cwd': '/data/rl_deploy/build/node_control_msgs', 'env': OrderedDict([('LESSOPEN', '| /usr/bin/lesspipe %s'), ('USER', 'root'), ('SSH_CLIENT', '192.168.8.113 50272 22'), ('LC_TIME', 'zh_CN.UTF-8'), ('XDG_SESSION_TYPE', 'tty'), ('GIT_ASKPASS', '/root/.vscode-server/cli/servers/Stable-61b3d0ab13be7dda2389f1d3e60a119c7f660cc3/server/extensions/git/dist/askpass.sh'), ('SHLVL', '2'), ('LD_LIBRARY_PATH', '/opt/ros/humble/lib/aarch64-linux-gnu:/opt/ros/humble/lib::/app/lib:/app/lib:/usr/local/cuda-12/lib64:/usr/local/cuda-12/lib64:/usr/local/cuda-12/lib64'), ('BROWSER', '/root/.vscode-server/cli/servers/Stable-61b3d0ab13be7dda2389f1d3e60a119c7f660cc3/server/bin/helpers/browser.sh'), ('LYOS_LOCALHOST_ONLY', '1'), ('MOTD_SHOWN', 'pam'), ('HOME', '/root'), ('OLDPWD', '/root/.vscode-server'), ('TERM_PROGRAM_VERSION', '1.110.1'), ('VSCODE_IPC_HOOK_CLI', '/run/user/0/vscode-ipc-2d12e5c4-ef4a-4996-a4ea-3ebfab8c4620.sock'), ('JETSON_L4T', '36.4.4'), ('ROS_PYTHON_VERSION', '3'), ('JETSON_MODEL', 'NVIDIA Jetson Orin NX Engineering Reference Developer Kit Super'), ('VSCODE_GIT_ASKPASS_MAIN', '/root/.vscode-server/cli/servers/Stable-61b3d0ab13be7dda2389f1d3e60a119c7f660cc3/server/extensions/git/dist/askpass-main.js'), ('LC_MONETARY', 'zh_CN.UTF-8'), ('VSCODE_GIT_ASKPASS_NODE', '/root/.vscode-server/cli/servers/Stable-61b3d0ab13be7dda2389f1d3e60a119c7f660cc3/server/node'), ('VSCODE_PYTHON_AUTOACTIVATE_GUARD', '1'), ('DBUS_SESSION_BUS_ADDRESS', 'unix:path=/run/user/0/bus'), ('COLORTERM', 'truecolor'), ('LYOS_DOMAIN_ID', '18:45:b3:02:00:08'), ('DEBUGINFOD_URLS', ''), ('ROS_DISTRO', 'humble'), ('LOGNAME', 'root'), ('JETSON_MODULE', 'NVIDIA Jetson Orin NX (16GB ram)'), ('JETSON_SERIAL_NUMBER', 'DummySN'), ('_', '/usr/bin/colcon'), ('ROS_VERSION', '2'), ('XDG_SESSION_CLASS', 'user'), ('TERM', 'xterm-256color'), ('XDG_SESSION_ID', '5'), ('ROS_LOCALHOST_ONLY', '1'), ('PATH', '/root/.vscode-server/cli/servers/Stable-61b3d0ab13be7dda2389f1d3e60a119c7f660cc3/server/bin/remote-cli:/opt/ros/humble/bin:/usr/local/sbin:/usr/local/bin:/usr/sbin:/usr/bin:/sbin:/bin:/usr/games:/usr/local/games:/snap/bin:/app/bin:/app/bin:/usr/local/cuda-12/bin:/usr/local/cuda-12/bin:/usr/local/cuda-12/bin'), ('LC_ADDRESS', 'zh_CN.UTF-8'), ('XDG_RUNTIME_DIR', '/run/user/0'), ('LANG', 'en_US.UTF-8'), ('LC_TELEPHONE', 'zh_CN.UTF-8'), ('LS_COLORS', 'rs=0:di=01;34:ln=01;36:mh=00:pi=40;33:so=01;35:do=01;35:bd=40;33;01:cd=40;33;01:or=40;31;01:mi=00:su=37;41:sg=30;43:ca=30;41:tw=30;42:ow=34;42:st=37;44:ex=01;32:*.tar=01;31:*.tgz=01;31:*.arc=01;31:*.arj=01;31:*.taz=01;31:*.lha=01;31:*.lz4=01;31:*.lzh=01;31:*.lzma=01;31:*.tlz=01;31:*.txz=01;31:*.tzo=01;31:*.t7z=01;31:*.zip=01;31:*.z=01;31:*.dz=01;31:*.gz=01;31:*.lrz=01;31:*.lz=01;31:*.lzo=01;31:*.xz=01;31:*.zst=01;31:*.tzst=01;31:*.bz2=01;31:*.bz=01;31:*.tbz=01;31:*.tbz2=01;31:*.tz=01;31:*.deb=01;31:*.rpm=01;31:*.jar=01;31:*.war=01;31:*.ear=01;31:*.sar=01;31:*.rar=01;31:*.alz=01;31:*.ace=01;31:*.zoo=01;31:*.cpio=01;31:*.7z=01;31:*.rz=01;31:*.cab=01;31:*.wim=01;31:*.swm=01;31:*.dwm=01;31:*.esd=01;31:*.jpg=01;35:*.jpeg=01;35:*.mjpg=01;35:*.mjpeg=01;35:*.gif=01;35:*.bmp=01;35:*.pbm=01;35:*.pgm=01;35:*.ppm=01;35:*.tga=01;35:*.xbm=01;35:*.xpm=01;35:*.tif=01;35:*.tiff=01;35:*.png=01;35:*.svg=01;35:*.svgz=01;35:*.mng=01;35:*.pcx=01;35:*.mov=01;35:*.mpg=01;35:*.mpeg=01;35:*.m2v=01;35:*.mkv=01;35:*.webm=01;35:*.webp=01;35:*.ogm=01;35:*.mp4=01;35:*.m4v=01;35:*.mp4v=01;35:*.vob=01;35:*.qt=01;35:*.nuv=01;35:*.wmv=01;35:*.asf=01;35:*.rm=01;35:*.rmvb=01;35:*.flc=01;35:*.avi=01;35:*.fli=01;35:*.flv=01;35:*.gl=01;35:*.dl=01;35:*.xcf=01;35:*.xwd=01;35:*.yuv=01;35:*.cgm=01;35:*.emf=01;35:*.ogv=01;35:*.ogx=01;35:*.aac=00;36:*.au=00;36:*.flac=00;36:*.m4a=00;36:*.mid=00;36:*.midi=00;36:*.mka=00;36:*.mp3=00;36:*.mpc=00;36:*.ogg=00;36:*.ra=00;36:*.wav=00;36:*.oga=00;36:*.opus=00;36:*.spx=00;36:*.xspf=00;36:'), ('JETSON_SOC', 'tegra234'), ('VSCODE_GIT_IPC_HANDLE', '/run/user/0/vscode-git-994ffc2805.sock'), ('TERM_PROGRAM', 'vscode'), ('ROSDISTRO_INDEX_URL', 'https://mirrors.tuna.tsinghua.edu.cn/rosdistro/index_v4.yaml'), ('ROS_DOMAIN_ID', '193'), ('AMENT_PREFIX_PATH', '/opt/ros/humble'), ('SHELL', '/bin/bash'), ('LC_NAME', 'zh_CN.UTF-8'), ('LESSCLOSE', '/usr/bin/lesspipe %s %s'), ('LC_MEASUREMENT', 'zh_CN.UTF-8'), ('LC_IDENTIFICATION', 'zh_CN.UTF-8'), ('VSCODE_GIT_ASKPASS_EXTRA_ARGS', ''), ('JETSON_CUDA_ARCH_BIN', '8.7'), ('PWD', '/data/rl_deploy/build/node_control_msgs'), ('LC_ALL', 'en_US.UTF-8'), ('SSH_CONNECTION', '192.168.8.113 50272 192.168.8.111 22'), ('XDG_DATA_DIRS', '/usr/share/gnome:/usr/local/share:/usr/share:/var/lib/snapd/desktop'), ('PYTHONPATH', '/opt/ros/humble/lib/python3.10/site-packages:/opt/ros/humble/local/lib/python3.10/dist-packages'), ('LC_NUMERIC', 'zh_CN.UTF-8'), ('LC_PAPER', 'zh_CN.UTF-8'), ('COLCON', '1'), ('JETSON_JETPACK', '6.2.1'), ('JETSON_P_NUMBER', 'p3767-0000'), ('CMAKE_PREFIX_PATH', '/opt/ros/humble')]), 'shell': False}
[0.027934] (node_driver_msgs) JobProgress: {'identifier': 'node_driver_msgs', 'progress': 'cmake'}
[0.029564] (node_driver_msgs) JobProgress: {'identifier': 'node_driver_msgs', 'progress': 'build'}
[0.030077] (node_driver_msgs) Command: {'cmd': ['/usr/local/bin/cmake', '--build', '/data/rl_deploy/build/node_driver_msgs', '--', '-j8', '-l8'], 'cwd': '/data/rl_deploy/build/node_driver_msgs', 'env': OrderedDict([('LESSOPEN', '| /usr/bin/lesspipe %s'), ('USER', 'root'), ('SSH_CLIENT', '192.168.8.113 50272 22'), ('LC_TIME', 'zh_CN.UTF-8'), ('XDG_SESSION_TYPE', 'tty'), ('GIT_ASKPASS', '/root/.vscode-server/cli/servers/Stable-61b3d0ab13be7dda2389f1d3e60a119c7f660cc3/server/extensions/git/dist/askpass.sh'), ('SHLVL', '2'), ('LD_LIBRARY_PATH', '/opt/ros/humble/lib/aarch64-linux-gnu:/opt/ros/humble/lib::/app/lib:/app/lib:/usr/local/cuda-12/lib64:/usr/local/cuda-12/lib64:/usr/local/cuda-12/lib64'), ('BROWSER', '/root/.vscode-server/cli/servers/Stable-61b3d0ab13be7dda2389f1d3e60a119c7f660cc3/server/bin/helpers/browser.sh'), ('LYOS_LOCALHOST_ONLY', '1'), ('MOTD_SHOWN', 'pam'), ('HOME', '/root'), ('OLDPWD', '/root/.vscode-server'), ('TERM_PROGRAM_VERSION', '1.110.1'), ('VSCODE_IPC_HOOK_CLI', '/run/user/0/vscode-ipc-2d12e5c4-ef4a-4996-a4ea-3ebfab8c4620.sock'), ('JETSON_L4T', '36.4.4'), ('ROS_PYTHON_VERSION', '3'), ('JETSON_MODEL', 'NVIDIA Jetson Orin NX Engineering Reference Developer Kit Super'), ('VSCODE_GIT_ASKPASS_MAIN', '/root/.vscode-server/cli/servers/Stable-61b3d0ab13be7dda2389f1d3e60a119c7f660cc3/server/extensions/git/dist/askpass-main.js'), ('LC_MONETARY', 'zh_CN.UTF-8'), ('VSCODE_GIT_ASKPASS_NODE', '/root/.vscode-server/cli/servers/Stable-61b3d0ab13be7dda2389f1d3e60a119c7f660cc3/server/node'), ('VSCODE_PYTHON_AUTOACTIVATE_GUARD', '1'), ('DBUS_SESSION_BUS_ADDRESS', 'unix:path=/run/user/0/bus'), ('COLORTERM', 'truecolor'), ('LYOS_DOMAIN_ID', '18:45:b3:02:00:08'), ('DEBUGINFOD_URLS', ''), ('ROS_DISTRO', 'humble'), ('LOGNAME', 'root'), ('JETSON_MODULE', 'NVIDIA Jetson Orin NX (16GB ram)'), ('JETSON_SERIAL_NUMBER', 'DummySN'), ('_', '/usr/bin/colcon'), ('ROS_VERSION', '2'), ('XDG_SESSION_CLASS', 'user'), ('TERM', 'xterm-256color'), ('XDG_SESSION_ID', '5'), ('ROS_LOCALHOST_ONLY', '1'), ('PATH', '/root/.vscode-server/cli/servers/Stable-61b3d0ab13be7dda2389f1d3e60a119c7f660cc3/server/bin/remote-cli:/opt/ros/humble/bin:/usr/local/sbin:/usr/local/bin:/usr/sbin:/usr/bin:/sbin:/bin:/usr/games:/usr/local/games:/snap/bin:/app/bin:/app/bin:/usr/local/cuda-12/bin:/usr/local/cuda-12/bin:/usr/local/cuda-12/bin'), ('LC_ADDRESS', 'zh_CN.UTF-8'), ('XDG_RUNTIME_DIR', '/run/user/0'), ('LANG', 'en_US.UTF-8'), ('LC_TELEPHONE', 'zh_CN.UTF-8'), ('LS_COLORS', 'rs=0:di=01;34:ln=01;36:mh=00:pi=40;33:so=01;35:do=01;35:bd=40;33;01:cd=40;33;01:or=40;31;01:mi=00:su=37;41:sg=30;43:ca=30;41:tw=30;42:ow=34;42:st=37;44:ex=01;32:*.tar=01;31:*.tgz=01;31:*.arc=01;31:*.arj=01;31:*.taz=01;31:*.lha=01;31:*.lz4=01;31:*.lzh=01;31:*.lzma=01;31:*.tlz=01;31:*.txz=01;31:*.tzo=01;31:*.t7z=01;31:*.zip=01;31:*.z=01;31:*.dz=01;31:*.gz=01;31:*.lrz=01;31:*.lz=01;31:*.lzo=01;31:*.xz=01;31:*.zst=01;31:*.tzst=01;31:*.bz2=01;31:*.bz=01;31:*.tbz=01;31:*.tbz2=01;31:*.tz=01;31:*.deb=01;31:*.rpm=01;31:*.jar=01;31:*.war=01;31:*.ear=01;31:*.sar=01;31:*.rar=01;31:*.alz=01;31:*.ace=01;31:*.zoo=01;31:*.cpio=01;31:*.7z=01;31:*.rz=01;31:*.cab=01;31:*.wim=01;31:*.swm=01;31:*.dwm=01;31:*.esd=01;31:*.jpg=01;35:*.jpeg=01;35:*.mjpg=01;35:*.mjpeg=01;35:*.gif=01;35:*.bmp=01;35:*.pbm=01;35:*.pgm=01;35:*.ppm=01;35:*.tga=01;35:*.xbm=01;35:*.xpm=01;35:*.tif=01;35:*.tiff=01;35:*.png=01;35:*.svg=01;35:*.svgz=01;35:*.mng=01;35:*.pcx=01;35:*.mov=01;35:*.mpg=01;35:*.mpeg=01;35:*.m2v=01;35:*.mkv=01;35:*.webm=01;35:*.webp=01;35:*.ogm=01;35:*.mp4=01;35:*.m4v=01;35:*.mp4v=01;35:*.vob=01;35:*.qt=01;35:*.nuv=01;35:*.wmv=01;35:*.asf=01;35:*.rm=01;35:*.rmvb=01;35:*.flc=01;35:*.avi=01;35:*.fli=01;35:*.flv=01;35:*.gl=01;35:*.dl=01;35:*.xcf=01;35:*.xwd=01;35:*.yuv=01;35:*.cgm=01;35:*.emf=01;35:*.ogv=01;35:*.ogx=01;35:*.aac=00;36:*.au=00;36:*.flac=00;36:*.m4a=00;36:*.mid=00;36:*.midi=00;36:*.mka=00;36:*.mp3=00;36:*.mpc=00;36:*.ogg=00;36:*.ra=00;36:*.wav=00;36:*.oga=00;36:*.opus=00;36:*.spx=00;36:*.xspf=00;36:'), ('JETSON_SOC', 'tegra234'), ('VSCODE_GIT_IPC_HANDLE', '/run/user/0/vscode-git-994ffc2805.sock'), ('TERM_PROGRAM', 'vscode'), ('ROSDISTRO_INDEX_URL', 'https://mirrors.tuna.tsinghua.edu.cn/rosdistro/index_v4.yaml'), ('ROS_DOMAIN_ID', '193'), ('AMENT_PREFIX_PATH', '/opt/ros/humble'), ('SHELL', '/bin/bash'), ('LC_NAME', 'zh_CN.UTF-8'), ('LESSCLOSE', '/usr/bin/lesspipe %s %s'), ('LC_MEASUREMENT', 'zh_CN.UTF-8'), ('LC_IDENTIFICATION', 'zh_CN.UTF-8'), ('VSCODE_GIT_ASKPASS_EXTRA_ARGS', ''), ('JETSON_CUDA_ARCH_BIN', '8.7'), ('PWD', '/data/rl_deploy/build/node_driver_msgs'), ('LC_ALL', 'en_US.UTF-8'), ('SSH_CONNECTION', '192.168.8.113 50272 192.168.8.111 22'), ('XDG_DATA_DIRS', '/usr/share/gnome:/usr/local/share:/usr/share:/var/lib/snapd/desktop'), ('PYTHONPATH', '/opt/ros/humble/lib/python3.10/site-packages:/opt/ros/humble/local/lib/python3.10/dist-packages'), ('LC_NUMERIC', 'zh_CN.UTF-8'), ('LC_PAPER', 'zh_CN.UTF-8'), ('COLCON', '1'), ('JETSON_JETPACK', '6.2.1'), ('JETSON_P_NUMBER', 'p3767-0000'), ('CMAKE_PREFIX_PATH', '/opt/ros/humble')]), 'shell': False}
[0.099363] (-) TimerEvent: {}
[0.200101] (-) TimerEvent: {}
[0.211955] (node_control_msgs) StdoutLine: {'line': b'[  0%] Built target node_control_msgs__cpp\n'}
[0.214894] (node_control_msgs) StdoutLine: {'line': b'[  1%] Built target node_control_msgs__rs\n'}
[0.232349] (node_control_msgs) StdoutLine: {'line': b'[ 13%] Built target node_control_msgs__rosidl_generator_c\n'}
[0.235163] (node_control_msgs) StdoutLine: {'line': b'[ 13%] Built target ament_cmake_python_copy_node_control_msgs\n'}
[0.241755] (node_driver_msgs) StdoutLine: {'line': b'[ 10%] Built target node_driver_msgs__rosidl_generator_c\n'}
[0.244777] (node_driver_msgs) StdoutLine: {'line': b'[ 12%] Built target node_driver_msgs__cpp\n'}
[0.245400] (node_driver_msgs) StdoutLine: {'line': b'[ 15%] Built target node_driver_msgs__rs\n'}
[0.269825] (node_control_msgs) StdoutLine: {'line': b'[ 25%] Built target node_control_msgs__rosidl_typesupport_cpp\n'}
[0.279439] (node_driver_msgs) StdoutLine: {'line': b'[ 15%] Built target ament_cmake_python_copy_node_driver_msgs\n'}
[0.281388] (node_control_msgs) StdoutLine: {'line': b'[ 37%] Built target node_control_msgs__rosidl_typesupport_fastrtps_cpp\n'}
[0.289241] (node_control_msgs) StdoutLine: {'line': b'[ 49%] Built target node_control_msgs__rosidl_typesupport_introspection_cpp\n'}
[0.291943] (node_driver_msgs) StdoutLine: {'line': b'[ 25%] Built target node_driver_msgs__rosidl_typesupport_c\n'}
[0.294343] (node_driver_msgs) StdoutLine: {'line': b'[ 35%] Built target node_driver_msgs__rosidl_typesupport_introspection_c\n'}
[0.298828] (node_driver_msgs) StdoutLine: {'line': b'[ 45%] Built target node_driver_msgs__rosidl_typesupport_cpp\n'}
[0.300254] (-) TimerEvent: {}
[0.303870] (node_driver_msgs) StdoutLine: {'line': b'[ 55%] Built target node_driver_msgs__rosidl_typesupport_fastrtps_cpp\n'}
[0.304284] (node_control_msgs) StdoutLine: {'line': b'[ 60%] Built target node_control_msgs__rosidl_typesupport_fastrtps_c\n'}
[0.308333] (node_driver_msgs) StdoutLine: {'line': b'[ 65%] Built target node_driver_msgs__rosidl_typesupport_fastrtps_c\n'}
[0.309082] (node_control_msgs) StdoutLine: {'line': b'[ 71%] Built target node_control_msgs__rosidl_typesupport_introspection_c\n'}
[0.314837] (node_driver_msgs) StdoutLine: {'line': b'[ 75%] Built target node_driver_msgs__rosidl_typesupport_introspection_cpp\n'}
[0.321215] (node_control_msgs) StdoutLine: {'line': b'[ 82%] Built target node_control_msgs__rosidl_typesupport_c\n'}
[0.341176] (node_driver_msgs) StdoutLine: {'line': b'[ 75%] Built target node_driver_msgs\n'}
[0.353811] (node_control_msgs) StdoutLine: {'line': b'[ 82%] Built target node_control_msgs\n'}
[0.363419] (node_driver_msgs) StdoutLine: {'line': b'[ 77%] Built target node_driver_msgs__py\n'}
[0.379271] (node_control_msgs) StdoutLine: {'line': b'[ 83%] Built target node_control_msgs__py\n'}
[0.388435] (node_driver_msgs) StdoutLine: {'line': b'[ 85%] Built target node_driver_msgs__rosidl_generator_py\n'}
[0.400399] (-) TimerEvent: {}
[0.413335] (node_control_msgs) StdoutLine: {'line': b'[ 94%] Built target node_control_msgs__rosidl_generator_py\n'}
[0.417182] (node_driver_msgs) StdoutLine: {'line': b'[ 95%] Built target node_driver_msgs__rosidl_typesupport_introspection_c__pyext\n'}
[0.417539] (node_driver_msgs) StdoutLine: {'line': b'[100%] Built target node_driver_msgs__rosidl_typesupport_fastrtps_c__pyext\n'}
[0.417695] (node_driver_msgs) StdoutLine: {'line': b'[100%] Built target node_driver_msgs__rosidl_typesupport_c__pyext\n'}
[0.441173] (node_control_msgs) StdoutLine: {'line': b'[ 96%] Built target node_control_msgs__rosidl_typesupport_fastrtps_c__pyext\n'}
[0.444605] (node_control_msgs) StdoutLine: {'line': b'[ 98%] Built target node_control_msgs__rosidl_typesupport_c__pyext\n'}
[0.446047] (node_control_msgs) StdoutLine: {'line': b'[100%] Built target node_control_msgs__rosidl_typesupport_introspection_c__pyext\n'}
[0.500530] (-) TimerEvent: {}
[0.601006] (-) TimerEvent: {}
[0.701466] (-) TimerEvent: {}
[0.720895] (node_control_msgs) StdoutLine: {'line': b'running egg_info\n'}
[0.722765] (node_control_msgs) StdoutLine: {'line': b'writing node_control_msgs.egg-info/PKG-INFO\n'}
[0.723208] (node_control_msgs) StdoutLine: {'line': b'writing dependency_links to node_control_msgs.egg-info/dependency_links.txt\n'}
[0.723723] (node_control_msgs) StdoutLine: {'line': b'writing top-level names to node_control_msgs.egg-info/top_level.txt\n'}
[0.725072] (node_driver_msgs) StdoutLine: {'line': b'running egg_info\n'}
[0.726858] (node_driver_msgs) StdoutLine: {'line': b'writing node_driver_msgs.egg-info/PKG-INFO\n'}
[0.727311] (node_driver_msgs) StdoutLine: {'line': b'writing dependency_links to node_driver_msgs.egg-info/dependency_links.txt\n'}
[0.727881] (node_driver_msgs) StdoutLine: {'line': b'writing top-level names to node_driver_msgs.egg-info/top_level.txt\n'}
[0.728507] (node_control_msgs) StdoutLine: {'line': b"reading manifest file 'node_control_msgs.egg-info/SOURCES.txt'\n"}
[0.729965] (node_control_msgs) StdoutLine: {'line': b"writing manifest file 'node_control_msgs.egg-info/SOURCES.txt'\n"}
[0.731907] (node_driver_msgs) StdoutLine: {'line': b"reading manifest file 'node_driver_msgs.egg-info/SOURCES.txt'\n"}
[0.733018] (node_driver_msgs) StdoutLine: {'line': b"writing manifest file 'node_driver_msgs.egg-info/SOURCES.txt'\n"}
[0.793198] (node_driver_msgs) StdoutLine: {'line': b'[100%] Built target ament_cmake_python_build_node_driver_msgs_egg\n'}
[0.794596] (node_control_msgs) StdoutLine: {'line': b'[100%] Built target ament_cmake_python_build_node_control_msgs_egg\n'}
[0.801616] (-) TimerEvent: {}
[0.805343] (node_driver_msgs) CommandEnded: {'returncode': 0}
[0.806894] (node_driver_msgs) JobProgress: {'identifier': 'node_driver_msgs', 'progress': 'install'}
[0.901760] (-) TimerEvent: {}
[0.929188] (node_driver_msgs) Command: {'cmd': ['/usr/local/bin/cmake', '--install', '/data/rl_deploy/build/node_driver_msgs'], 'cwd': '/data/rl_deploy/build/node_driver_msgs', 'env': OrderedDict([('LESSOPEN', '| /usr/bin/lesspipe %s'), ('USER', 'root'), ('SSH_CLIENT', '192.168.8.113 50272 22'), ('LC_TIME', 'zh_CN.UTF-8'), ('XDG_SESSION_TYPE', 'tty'), ('GIT_ASKPASS', '/root/.vscode-server/cli/servers/Stable-61b3d0ab13be7dda2389f1d3e60a119c7f660cc3/server/extensions/git/dist/askpass.sh'), ('SHLVL', '2'), ('LD_LIBRARY_PATH', '/opt/ros/humble/lib/aarch64-linux-gnu:/opt/ros/humble/lib::/app/lib:/app/lib:/usr/local/cuda-12/lib64:/usr/local/cuda-12/lib64:/usr/local/cuda-12/lib64'), ('BROWSER', '/root/.vscode-server/cli/servers/Stable-61b3d0ab13be7dda2389f1d3e60a119c7f660cc3/server/bin/helpers/browser.sh'), ('LYOS_LOCALHOST_ONLY', '1'), ('MOTD_SHOWN', 'pam'), ('HOME', '/root'), ('OLDPWD', '/root/.vscode-server'), ('TERM_PROGRAM_VERSION', '1.110.1'), ('VSCODE_IPC_HOOK_CLI', '/run/user/0/vscode-ipc-2d12e5c4-ef4a-4996-a4ea-3ebfab8c4620.sock'), ('JETSON_L4T', '36.4.4'), ('ROS_PYTHON_VERSION', '3'), ('JETSON_MODEL', 'NVIDIA Jetson Orin NX Engineering Reference Developer Kit Super'), ('VSCODE_GIT_ASKPASS_MAIN', '/root/.vscode-server/cli/servers/Stable-61b3d0ab13be7dda2389f1d3e60a119c7f660cc3/server/extensions/git/dist/askpass-main.js'), ('LC_MONETARY', 'zh_CN.UTF-8'), ('VSCODE_GIT_ASKPASS_NODE', '/root/.vscode-server/cli/servers/Stable-61b3d0ab13be7dda2389f1d3e60a119c7f660cc3/server/node'), ('VSCODE_PYTHON_AUTOACTIVATE_GUARD', '1'), ('DBUS_SESSION_BUS_ADDRESS', 'unix:path=/run/user/0/bus'), ('COLORTERM', 'truecolor'), ('LYOS_DOMAIN_ID', '18:45:b3:02:00:08'), ('DEBUGINFOD_URLS', ''), ('ROS_DISTRO', 'humble'), ('LOGNAME', 'root'), ('JETSON_MODULE', 'NVIDIA Jetson Orin NX (16GB ram)'), ('JETSON_SERIAL_NUMBER', 'DummySN'), ('_', '/usr/bin/colcon'), ('ROS_VERSION', '2'), ('XDG_SESSION_CLASS', 'user'), ('TERM', 'xterm-256color'), ('XDG_SESSION_ID', '5'), ('ROS_LOCALHOST_ONLY', '1'), ('PATH', '/root/.vscode-server/cli/servers/Stable-61b3d0ab13be7dda2389f1d3e60a119c7f660cc3/server/bin/remote-cli:/opt/ros/humble/bin:/usr/local/sbin:/usr/local/bin:/usr/sbin:/usr/bin:/sbin:/bin:/usr/games:/usr/local/games:/snap/bin:/app/bin:/app/bin:/usr/local/cuda-12/bin:/usr/local/cuda-12/bin:/usr/local/cuda-12/bin'), ('LC_ADDRESS', 'zh_CN.UTF-8'), ('XDG_RUNTIME_DIR', '/run/user/0'), ('LANG', 'en_US.UTF-8'), ('LC_TELEPHONE', 'zh_CN.UTF-8'), ('LS_COLORS', 'rs=0:di=01;34:ln=01;36:mh=00:pi=40;33:so=01;35:do=01;35:bd=40;33;01:cd=40;33;01:or=40;31;01:mi=00:su=37;41:sg=30;43:ca=30;41:tw=30;42:ow=34;42:st=37;44:ex=01;32:*.tar=01;31:*.tgz=01;31:*.arc=01;31:*.arj=01;31:*.taz=01;31:*.lha=01;31:*.lz4=01;31:*.lzh=01;31:*.lzma=01;31:*.tlz=01;31:*.txz=01;31:*.tzo=01;31:*.t7z=01;31:*.zip=01;31:*.z=01;31:*.dz=01;31:*.gz=01;31:*.lrz=01;31:*.lz=01;31:*.lzo=01;31:*.xz=01;31:*.zst=01;31:*.tzst=01;31:*.bz2=01;31:*.bz=01;31:*.tbz=01;31:*.tbz2=01;31:*.tz=01;31:*.deb=01;31:*.rpm=01;31:*.jar=01;31:*.war=01;31:*.ear=01;31:*.sar=01;31:*.rar=01;31:*.alz=01;31:*.ace=01;31:*.zoo=01;31:*.cpio=01;31:*.7z=01;31:*.rz=01;31:*.cab=01;31:*.wim=01;31:*.swm=01;31:*.dwm=01;31:*.esd=01;31:*.jpg=01;35:*.jpeg=01;35:*.mjpg=01;35:*.mjpeg=01;35:*.gif=01;35:*.bmp=01;35:*.pbm=01;35:*.pgm=01;35:*.ppm=01;35:*.tga=01;35:*.xbm=01;35:*.xpm=01;35:*.tif=01;35:*.tiff=01;35:*.png=01;35:*.svg=01;35:*.svgz=01;35:*.mng=01;35:*.pcx=01;35:*.mov=01;35:*.mpg=01;35:*.mpeg=01;35:*.m2v=01;35:*.mkv=01;35:*.webm=01;35:*.webp=01;35:*.ogm=01;35:*.mp4=01;35:*.m4v=01;35:*.mp4v=01;35:*.vob=01;35:*.qt=01;35:*.nuv=01;35:*.wmv=01;35:*.asf=01;35:*.rm=01;35:*.rmvb=01;35:*.flc=01;35:*.avi=01;35:*.fli=01;35:*.flv=01;35:*.gl=01;35:*.dl=01;35:*.xcf=01;35:*.xwd=01;35:*.yuv=01;35:*.cgm=01;35:*.emf=01;35:*.ogv=01;35:*.ogx=01;35:*.aac=00;36:*.au=00;36:*.flac=00;36:*.m4a=00;36:*.mid=00;36:*.midi=00;36:*.mka=00;36:*.mp3=00;36:*.mpc=00;36:*.ogg=00;36:*.ra=00;36:*.wav=00;36:*.oga=00;36:*.opus=00;36:*.spx=00;36:*.xspf=00;36:'), ('JETSON_SOC', 'tegra234'), ('VSCODE_GIT_IPC_HANDLE', '/run/user/0/vscode-git-994ffc2805.sock'), ('TERM_PROGRAM', 'vscode'), ('ROSDISTRO_INDEX_URL', 'https://mirrors.tuna.tsinghua.edu.cn/rosdistro/index_v4.yaml'), ('ROS_DOMAIN_ID', '193'), ('AMENT_PREFIX_PATH', '/opt/ros/humble'), ('SHELL', '/bin/bash'), ('LC_NAME', 'zh_CN.UTF-8'), ('LESSCLOSE', '/usr/bin/lesspipe %s %s'), ('LC_MEASUREMENT', 'zh_CN.UTF-8'), ('LC_IDENTIFICATION', 'zh_CN.UTF-8'), ('VSCODE_GIT_ASKPASS_EXTRA_ARGS', ''), ('JETSON_CUDA_ARCH_BIN', '8.7'), ('PWD', '/data/rl_deploy/build/node_driver_msgs'), ('LC_ALL', 'en_US.UTF-8'), ('SSH_CONNECTION', '192.168.8.113 50272 192.168.8.111 22'), ('XDG_DATA_DIRS', '/usr/share/gnome:/usr/local/share:/usr/share:/var/lib/snapd/desktop'), ('PYTHONPATH', '/opt/ros/humble/lib/python3.10/site-packages:/opt/ros/humble/local/lib/python3.10/dist-packages'), ('LC_NUMERIC', 'zh_CN.UTF-8'), ('LC_PAPER', 'zh_CN.UTF-8'), ('COLCON', '1'), ('JETSON_JETPACK', '6.2.1'), ('JETSON_P_NUMBER', 'p3767-0000'), ('CMAKE_PREFIX_PATH', '/opt/ros/humble')]), 'shell': False}
[0.935412] (node_control_msgs) CommandEnded: {'returncode': 0}
[0.937768] (node_control_msgs) JobProgress: {'identifier': 'node_control_msgs', 'progress': 'install'}
[0.937845] (node_control_msgs) Command: {'cmd': ['/usr/local/bin/cmake', '--install', '/data/rl_deploy/build/node_control_msgs'], 'cwd': '/data/rl_deploy/build/node_control_msgs', 'env': OrderedDict([('LESSOPEN', '| /usr/bin/lesspipe %s'), ('USER', 'root'), ('SSH_CLIENT', '192.168.8.113 50272 22'), ('LC_TIME', 'zh_CN.UTF-8'), ('XDG_SESSION_TYPE', 'tty'), ('GIT_ASKPASS', '/root/.vscode-server/cli/servers/Stable-61b3d0ab13be7dda2389f1d3e60a119c7f660cc3/server/extensions/git/dist/askpass.sh'), ('SHLVL', '2'), ('LD_LIBRARY_PATH', '/opt/ros/humble/lib/aarch64-linux-gnu:/opt/ros/humble/lib::/app/lib:/app/lib:/usr/local/cuda-12/lib64:/usr/local/cuda-12/lib64:/usr/local/cuda-12/lib64'), ('BROWSER', '/root/.vscode-server/cli/servers/Stable-61b3d0ab13be7dda2389f1d3e60a119c7f660cc3/server/bin/helpers/browser.sh'), ('LYOS_LOCALHOST_ONLY', '1'), ('MOTD_SHOWN', 'pam'), ('HOME', '/root'), ('OLDPWD', '/root/.vscode-server'), ('TERM_PROGRAM_VERSION', '1.110.1'), ('VSCODE_IPC_HOOK_CLI', '/run/user/0/vscode-ipc-2d12e5c4-ef4a-4996-a4ea-3ebfab8c4620.sock'), ('JETSON_L4T', '36.4.4'), ('ROS_PYTHON_VERSION', '3'), ('JETSON_MODEL', 'NVIDIA Jetson Orin NX Engineering Reference Developer Kit Super'), ('VSCODE_GIT_ASKPASS_MAIN', '/root/.vscode-server/cli/servers/Stable-61b3d0ab13be7dda2389f1d3e60a119c7f660cc3/server/extensions/git/dist/askpass-main.js'), ('LC_MONETARY', 'zh_CN.UTF-8'), ('VSCODE_GIT_ASKPASS_NODE', '/root/.vscode-server/cli/servers/Stable-61b3d0ab13be7dda2389f1d3e60a119c7f660cc3/server/node'), ('VSCODE_PYTHON_AUTOACTIVATE_GUARD', '1'), ('DBUS_SESSION_BUS_ADDRESS', 'unix:path=/run/user/0/bus'), ('COLORTERM', 'truecolor'), ('LYOS_DOMAIN_ID', '18:45:b3:02:00:08'), ('DEBUGINFOD_URLS', ''), ('ROS_DISTRO', 'humble'), ('LOGNAME', 'root'), ('JETSON_MODULE', 'NVIDIA Jetson Orin NX (16GB ram)'), ('JETSON_SERIAL_NUMBER', 'DummySN'), ('_', '/usr/bin/colcon'), ('ROS_VERSION', '2'), ('XDG_SESSION_CLASS', 'user'), ('TERM', 'xterm-256color'), ('XDG_SESSION_ID', '5'), ('ROS_LOCALHOST_ONLY', '1'), ('PATH', '/root/.vscode-server/cli/servers/Stable-61b3d0ab13be7dda2389f1d3e60a119c7f660cc3/server/bin/remote-cli:/opt/ros/humble/bin:/usr/local/sbin:/usr/local/bin:/usr/sbin:/usr/bin:/sbin:/bin:/usr/games:/usr/local/games:/snap/bin:/app/bin:/app/bin:/usr/local/cuda-12/bin:/usr/local/cuda-12/bin:/usr/local/cuda-12/bin'), ('LC_ADDRESS', 'zh_CN.UTF-8'), ('XDG_RUNTIME_DIR', '/run/user/0'), ('LANG', 'en_US.UTF-8'), ('LC_TELEPHONE', 'zh_CN.UTF-8'), ('LS_COLORS', 'rs=0:di=01;34:ln=01;36:mh=00:pi=40;33:so=01;35:do=01;35:bd=40;33;01:cd=40;33;01:or=40;31;01:mi=00:su=37;41:sg=30;43:ca=30;41:tw=30;42:ow=34;42:st=37;44:ex=01;32:*.tar=01;31:*.tgz=01;31:*.arc=01;31:*.arj=01;31:*.taz=01;31:*.lha=01;31:*.lz4=01;31:*.lzh=01;31:*.lzma=01;31:*.tlz=01;31:*.txz=01;31:*.tzo=01;31:*.t7z=01;31:*.zip=01;31:*.z=01;31:*.dz=01;31:*.gz=01;31:*.lrz=01;31:*.lz=01;31:*.lzo=01;31:*.xz=01;31:*.zst=01;31:*.tzst=01;31:*.bz2=01;31:*.bz=01;31:*.tbz=01;31:*.tbz2=01;31:*.tz=01;31:*.deb=01;31:*.rpm=01;31:*.jar=01;31:*.war=01;31:*.ear=01;31:*.sar=01;31:*.rar=01;31:*.alz=01;31:*.ace=01;31:*.zoo=01;31:*.cpio=01;31:*.7z=01;31:*.rz=01;31:*.cab=01;31:*.wim=01;31:*.swm=01;31:*.dwm=01;31:*.esd=01;31:*.jpg=01;35:*.jpeg=01;35:*.mjpg=01;35:*.mjpeg=01;35:*.gif=01;35:*.bmp=01;35:*.pbm=01;35:*.pgm=01;35:*.ppm=01;35:*.tga=01;35:*.xbm=01;35:*.xpm=01;35:*.tif=01;35:*.tiff=01;35:*.png=01;35:*.svg=01;35:*.svgz=01;35:*.mng=01;35:*.pcx=01;35:*.mov=01;35:*.mpg=01;35:*.mpeg=01;35:*.m2v=01;35:*.mkv=01;35:*.webm=01;35:*.webp=01;35:*.ogm=01;35:*.mp4=01;35:*.m4v=01;35:*.mp4v=01;35:*.vob=01;35:*.qt=01;35:*.nuv=01;35:*.wmv=01;35:*.asf=01;35:*.rm=01;35:*.rmvb=01;35:*.flc=01;35:*.avi=01;35:*.fli=01;35:*.flv=01;35:*.gl=01;35:*.dl=01;35:*.xcf=01;35:*.xwd=01;35:*.yuv=01;35:*.cgm=01;35:*.emf=01;35:*.ogv=01;35:*.ogx=01;35:*.aac=00;36:*.au=00;36:*.flac=00;36:*.m4a=00;36:*.mid=00;36:*.midi=00;36:*.mka=00;36:*.mp3=00;36:*.mpc=00;36:*.ogg=00;36:*.ra=00;36:*.wav=00;36:*.oga=00;36:*.opus=00;36:*.spx=00;36:*.xspf=00;36:'), ('JETSON_SOC', 'tegra234'), ('VSCODE_GIT_IPC_HANDLE', '/run/user/0/vscode-git-994ffc2805.sock'), ('TERM_PROGRAM', 'vscode'), ('ROSDISTRO_INDEX_URL', 'https://mirrors.tuna.tsinghua.edu.cn/rosdistro/index_v4.yaml'), ('ROS_DOMAIN_ID', '193'), ('AMENT_PREFIX_PATH', '/opt/ros/humble'), ('SHELL', '/bin/bash'), ('LC_NAME', 'zh_CN.UTF-8'), ('LESSCLOSE', '/usr/bin/lesspipe %s %s'), ('LC_MEASUREMENT', 'zh_CN.UTF-8'), ('LC_IDENTIFICATION', 'zh_CN.UTF-8'), ('VSCODE_GIT_ASKPASS_EXTRA_ARGS', ''), ('JETSON_CUDA_ARCH_BIN', '8.7'), ('PWD', '/data/rl_deploy/build/node_control_msgs'), ('LC_ALL', 'en_US.UTF-8'), ('SSH_CONNECTION', '192.168.8.113 50272 192.168.8.111 22'), ('XDG_DATA_DIRS', '/usr/share/gnome:/usr/local/share:/usr/share:/var/lib/snapd/desktop'), ('PYTHONPATH', '/opt/ros/humble/lib/python3.10/site-packages:/opt/ros/humble/local/lib/python3.10/dist-packages'), ('LC_NUMERIC', 'zh_CN.UTF-8'), ('LC_PAPER', 'zh_CN.UTF-8'), ('COLCON', '1'), ('JETSON_JETPACK', '6.2.1'), ('JETSON_P_NUMBER', 'p3767-0000'), ('CMAKE_PREFIX_PATH', '/opt/ros/humble')]), 'shell': False}
[1.001836] (-) TimerEvent: {}
[1.075725] (node_control_msgs) StdoutLine: {'line': b'-- Install configuration: ""\n'}
[1.076212] (node_control_msgs) StdoutLine: {'line': b'-- Up-to-date: /data/rl_deploy/install/node_control_msgs/share/ament_index/resource_index/rosidl_interfaces/node_control_msgs\n'}
[1.076442] (node_control_msgs) StdoutLine: {'line': b'-- Up-to-date: /data/rl_deploy/install/node_control_msgs/include/node_control_msgs/node_control_msgs\n'}
[1.076821] (node_control_msgs) StdoutLine: {'line': b'-- Up-to-date: /data/rl_deploy/install/node_control_msgs/include/node_control_msgs/node_control_msgs/srv\n'}
[1.077104] (node_control_msgs) StdoutLine: {'line': b'-- Up-to-date: /data/rl_deploy/install/node_control_msgs/include/node_control_msgs/node_control_msgs/srv/motor_config_status.h\n'}
[1.077414] (node_control_msgs) StdoutLine: {'line': b'-- Up-to-date: /data/rl_deploy/install/node_control_msgs/include/node_control_msgs/node_control_msgs/srv/detail\n'}
[1.077662] (node_control_msgs) StdoutLine: {'line': b'-- Up-to-date: /data/rl_deploy/install/node_control_msgs/include/node_control_msgs/node_control_msgs/srv/detail/motor_config_status__functions.h\n'}
[1.077837] (node_control_msgs) StdoutLine: {'line': b'-- Up-to-date: /data/rl_deploy/install/node_control_msgs/include/node_control_msgs/node_control_msgs/srv/detail/motor_config_status__struct.h\n'}
[1.078004] (node_control_msgs) StdoutLine: {'line': b'-- Up-to-date: /data/rl_deploy/install/node_control_msgs/include/node_control_msgs/node_control_msgs/srv/detail/motor_config_status__functions.c\n'}
[1.078196] (node_control_msgs) StdoutLine: {'line': b'-- Up-to-date: /data/rl_deploy/install/node_control_msgs/include/node_control_msgs/node_control_msgs/srv/detail/motor_config_status__type_support.h\n'}
[1.078386] (node_control_msgs) StdoutLine: {'line': b'-- Up-to-date: /data/rl_deploy/install/node_control_msgs/include/node_control_msgs/node_control_msgs/msg\n'}
[1.078684] (node_control_msgs) StdoutLine: {'line': b'-- Up-to-date: /data/rl_deploy/install/node_control_msgs/include/node_control_msgs/node_control_msgs/msg/motor_health.h\n'}
[1.078967] (node_control_msgs) StdoutLine: {'line': b'-- Up-to-date: /data/rl_deploy/install/node_control_msgs/include/node_control_msgs/node_control_msgs/msg/motor_config_dev.h\n'}
[1.079094] (node_control_msgs) StdoutLine: {'line': b'-- Up-to-date: /data/rl_deploy/install/node_control_msgs/include/node_control_msgs/node_control_msgs/msg/motor_feedback.h\n'}
[1.079334] (node_control_msgs) StdoutLine: {'line': b'-- Up-to-date: /data/rl_deploy/install/node_control_msgs/include/node_control_msgs/node_control_msgs/msg/motor_health_state.h\n'}
[1.079445] (node_control_msgs) StdoutLine: {'line': b'-- Up-to-date: /data/rl_deploy/install/node_control_msgs/include/node_control_msgs/node_control_msgs/msg/motor_config.h\n'}
[1.079741] (node_control_msgs) StdoutLine: {'line': b'-- Up-to-date: /data/rl_deploy/install/node_control_msgs/include/node_control_msgs/node_control_msgs/msg/motor_info_value.h\n'}
[1.079909] (node_control_msgs) StdoutLine: {'line': b'-- Up-to-date: /data/rl_deploy/install/node_control_msgs/include/node_control_msgs/node_control_msgs/msg/motor_control.h\n'}
[1.080069] (node_control_msgs) StdoutLine: {'line': b'-- Up-to-date: /data/rl_deploy/install/node_control_msgs/include/node_control_msgs/node_control_msgs/msg/detail\n'}
[1.080286] (node_control_msgs) StdoutLine: {'line': b'-- Up-to-date: /data/rl_deploy/install/node_control_msgs/include/node_control_msgs/node_control_msgs/msg/detail/motor_command__type_support.h\n'}
[1.081796] (node_control_msgs) StdoutLine: {'line': b'-- Up-to-date: /data/rl_deploy/install/node_control_msgs/include/node_control_msgs/node_control_msgs/msg/detail/motor_health_state__struct.h\n'}
[1.082250] (node_control_msgs) StdoutLine: {'line': b'-- Up-to-date: /data/rl_deploy/install/node_control_msgs/include/node_control_msgs/node_control_msgs/msg/detail/motor_config_dev__functions.h\n'}
[1.082621] (node_control_msgs) StdoutLine: {'line': b'-- Up-to-date: /data/rl_deploy/install/node_control_msgs/include/node_control_msgs/node_control_msgs/msg/detail/motor_command__functions.h\n'}
[1.082854] (node_control_msgs) StdoutLine: {'line': b'-- Up-to-date: /data/rl_deploy/install/node_control_msgs/include/node_control_msgs/node_control_msgs/msg/detail/motor_command__struct.h\n'}
[1.083030] (node_control_msgs) StdoutLine: {'line': b'-- Up-to-date: /data/rl_deploy/install/node_control_msgs/include/node_control_msgs/node_control_msgs/msg/detail/motor_info__functions.c\n'}
[1.083375] (node_control_msgs) StdoutLine: {'line': b'-- Up-to-date: /data/rl_deploy/install/node_control_msgs/include/node_control_msgs/node_control_msgs/msg/detail/motor_info__functions.h\n'}
[1.083691] (node_control_msgs) StdoutLine: {'line': b'-- Up-to-date: /data/rl_deploy/install/node_control_msgs/include/node_control_msgs/node_control_msgs/msg/detail/motor_info_value__functions.h\n'}
[1.083865] (node_control_msgs) StdoutLine: {'line': b'-- Up-to-date: /data/rl_deploy/install/node_control_msgs/include/node_control_msgs/node_control_msgs/msg/detail/motor_info__struct.h\n'}
[1.084099] (node_control_msgs) StdoutLine: {'line': b'-- Up-to-date: /data/rl_deploy/install/node_control_msgs/include/node_control_msgs/node_control_msgs/msg/detail/motor_feedback__type_support.h\n'}
[1.084414] (node_control_msgs) StdoutLine: {'line': b'-- Up-to-date: /data/rl_deploy/install/node_control_msgs/include/node_control_msgs/node_control_msgs/msg/detail/motor_control__type_support.h\n'}
[1.084625] (node_control_msgs) StdoutLine: {'line': b'-- Up-to-date: /data/rl_deploy/install/node_control_msgs/include/node_control_msgs/node_control_msgs/msg/detail/motor_health_state__functions.c\n'}
[1.084916] (node_control_msgs) StdoutLine: {'line': b'-- Up-to-date: /data/rl_deploy/install/node_control_msgs/include/node_control_msgs/node_control_msgs/msg/detail/motor_config_dev__type_support.h\n'}
[1.085378] (node_control_msgs) StdoutLine: {'line': b'-- Up-to-date: /data/rl_deploy/install/node_control_msgs/include/node_control_msgs/node_control_msgs/msg/detail/motor_info_value__struct.h\n'}
[1.085750] (node_control_msgs) StdoutLine: {'line': b'-- Up-to-date: /data/rl_deploy/install/node_control_msgs/include/node_control_msgs/node_control_msgs/msg/detail/motor_control__functions.h\n'}
[1.086067] (node_control_msgs) StdoutLine: {'line': b'-- Up-to-date: /data/rl_deploy/install/node_control_msgs/include/node_control_msgs/node_control_msgs/msg/detail/motor_command_feedback__functions.c\n'}
[1.086306] (node_control_msgs) StdoutLine: {'line': b'-- Up-to-date: /data/rl_deploy/install/node_control_msgs/include/node_control_msgs/node_control_msgs/msg/detail/motor_feedback__functions.c\n'}
[1.086669] (node_control_msgs) StdoutLine: {'line': b'-- Up-to-date: /data/rl_deploy/install/node_control_msgs/include/node_control_msgs/node_control_msgs/msg/detail/motor_config_dev__struct.h\n'}
[1.086963] (node_control_msgs) StdoutLine: {'line': b'-- Up-to-date: /data/rl_deploy/install/node_control_msgs/include/node_control_msgs/node_control_msgs/msg/detail/motor_config__functions.h\n'}
[1.087191] (node_control_msgs) StdoutLine: {'line': b'-- Up-to-date: /data/rl_deploy/install/node_control_msgs/include/node_control_msgs/node_control_msgs/msg/detail/motor_health__functions.h\n'}
[1.087454] (node_control_msgs) StdoutLine: {'line': b'-- Up-to-date: /data/rl_deploy/install/node_control_msgs/include/node_control_msgs/node_control_msgs/msg/detail/motor_health_state__type_support.h\n'}
[1.087710] (node_control_msgs) StdoutLine: {'line': b'-- Up-to-date: /data/rl_deploy/install/node_control_msgs/include/node_control_msgs/node_control_msgs/msg/detail/motor_feedback__functions.h\n'}
[1.087843] (node_control_msgs) StdoutLine: {'line': b'-- Up-to-date: /data/rl_deploy/install/node_control_msgs/include/node_control_msgs/node_control_msgs/msg/detail/motor_info__type_support.h\n'}
[1.088060] (node_control_msgs) StdoutLine: {'line': b'-- Up-to-date: /data/rl_deploy/install/node_control_msgs/include/node_control_msgs/node_control_msgs/msg/detail/motor_info_value__functions.c\n'}
[1.088407] (node_control_msgs) StdoutLine: {'line': b'-- Up-to-date: /data/rl_deploy/install/node_control_msgs/include/node_control_msgs/node_control_msgs/msg/detail/motor_command_feedback__struct.h\n'}
[1.088605] (node_control_msgs) StdoutLine: {'line': b'-- Up-to-date: /data/rl_deploy/install/node_control_msgs/include/node_control_msgs/node_control_msgs/msg/detail/motor_command_feedback__functions.h\n'}
[1.088823] (node_control_msgs) StdoutLine: {'line': b'-- Up-to-date: /data/rl_deploy/install/node_control_msgs/include/node_control_msgs/node_control_msgs/msg/detail/motor_info_value__type_support.h\n'}
[1.089629] (node_control_msgs) StdoutLine: {'line': b'-- Up-to-date: /data/rl_deploy/install/node_control_msgs/include/node_control_msgs/node_control_msgs/msg/detail/motor_health__struct.h\n'}
[1.089772] (node_control_msgs) StdoutLine: {'line': b'-- Up-to-date: /data/rl_deploy/install/node_control_msgs/include/node_control_msgs/node_control_msgs/msg/detail/motor_config_dev__functions.c\n'}
[1.089919] (node_control_msgs) StdoutLine: {'line': b'-- Up-to-date: /data/rl_deploy/install/node_control_msgs/include/node_control_msgs/node_control_msgs/msg/detail/motor_config__functions.c\n'}
[1.090069] (node_control_msgs) StdoutLine: {'line': b'-- Up-to-date: /data/rl_deploy/install/node_control_msgs/include/node_control_msgs/node_control_msgs/msg/detail/motor_command_feedback__type_support.h\n'}
[1.090425] (node_control_msgs) StdoutLine: {'line': b'-- Up-to-date: /data/rl_deploy/install/node_control_msgs/include/node_control_msgs/node_control_msgs/msg/detail/motor_health_state__functions.h\n'}
[1.090605] (node_control_msgs) StdoutLine: {'line': b'-- Up-to-date: /data/rl_deploy/install/node_control_msgs/include/node_control_msgs/node_control_msgs/msg/detail/motor_health__functions.c\n'}
[1.090821] (node_control_msgs) StdoutLine: {'line': b'-- Up-to-date: /data/rl_deploy/install/node_control_msgs/include/node_control_msgs/node_control_msgs/msg/detail/motor_health__type_support.h\n'}
[1.091004] (node_control_msgs) StdoutLine: {'line': b'-- Up-to-date: /data/rl_deploy/install/node_control_msgs/include/node_control_msgs/node_control_msgs/msg/detail/motor_feedback__struct.h\n'}
[1.091412] (node_control_msgs) StdoutLine: {'line': b'-- Up-to-date: /data/rl_deploy/install/node_control_msgs/include/node_control_msgs/node_control_msgs/msg/detail/motor_control__struct.h\n'}
[1.091545] (node_control_msgs) StdoutLine: {'line': b'-- Up-to-date: /data/rl_deploy/install/node_control_msgs/include/node_control_msgs/node_control_msgs/msg/detail/motor_control__functions.c\n'}
[1.091658] (node_control_msgs) StdoutLine: {'line': b'-- Up-to-date: /data/rl_deploy/install/node_control_msgs/include/node_control_msgs/node_control_msgs/msg/detail/motor_config__type_support.h\n'}
[1.092395] (node_control_msgs) StdoutLine: {'line': b'-- Up-to-date: /data/rl_deploy/install/node_control_msgs/include/node_control_msgs/node_control_msgs/msg/detail/motor_command__functions.c\n'}
[1.093153] (node_control_msgs) StdoutLine: {'line': b'-- Up-to-date: /data/rl_deploy/install/node_control_msgs/include/node_control_msgs/node_control_msgs/msg/detail/motor_config__struct.h\n'}
[1.093570] (node_control_msgs) StdoutLine: {'line': b'-- Up-to-date: /data/rl_deploy/install/node_control_msgs/include/node_control_msgs/node_control_msgs/msg/rosidl_generator_c__visibility_control.h\n'}
[1.093824] (node_control_msgs) StdoutLine: {'line': b'-- Up-to-date: /data/rl_deploy/install/node_control_msgs/include/node_control_msgs/node_control_msgs/msg/motor_command_feedback.h\n'}
[1.094060] (node_control_msgs) StdoutLine: {'line': b'-- Up-to-date: /data/rl_deploy/install/node_control_msgs/include/node_control_msgs/node_control_msgs/msg/motor_info.h\n'}
[1.094180] (node_control_msgs) StdoutLine: {'line': b'-- Up-to-date: /data/rl_deploy/install/node_control_msgs/include/node_control_msgs/node_control_msgs/msg/motor_command.h\n'}
[1.094365] (node_control_msgs) StdoutLine: {'line': b'-- Up-to-date: /data/rl_deploy/install/node_control_msgs/share/node_control_msgs/environment/library_path.sh\n'}
[1.094575] (node_control_msgs) StdoutLine: {'line': b'-- Up-to-date: /data/rl_deploy/install/node_control_msgs/share/node_control_msgs/environment/library_path.dsv\n'}
[1.094808] (node_control_msgs) StdoutLine: {'line': b'-- Up-to-date: /data/rl_deploy/install/node_control_msgs/lib/libnode_control_msgs__rosidl_generator_c.so\n'}
[1.095010] (node_control_msgs) StdoutLine: {'line': b'-- Up-to-date: /data/rl_deploy/install/node_control_msgs/include/node_control_msgs/node_control_msgs\n'}
[1.095118] (node_control_msgs) StdoutLine: {'line': b'-- Up-to-date: /data/rl_deploy/install/node_control_msgs/include/node_control_msgs/node_control_msgs/srv\n'}
[1.095221] (node_control_msgs) StdoutLine: {'line': b'-- Up-to-date: /data/rl_deploy/install/node_control_msgs/include/node_control_msgs/node_control_msgs/srv/detail\n'}
[1.095412] (node_control_msgs) StdoutLine: {'line': b'-- Up-to-date: /data/rl_deploy/install/node_control_msgs/include/node_control_msgs/node_control_msgs/srv/detail/motor_config_status__rosidl_typesupport_fastrtps_c.h\n'}
[1.095586] (node_control_msgs) StdoutLine: {'line': b'-- Up-to-date: /data/rl_deploy/install/node_control_msgs/include/node_control_msgs/node_control_msgs/msg\n'}
[1.095770] (node_control_msgs) StdoutLine: {'line': b'-- Up-to-date: /data/rl_deploy/install/node_control_msgs/include/node_control_msgs/node_control_msgs/msg/detail\n'}
[1.095951] (node_control_msgs) StdoutLine: {'line': b'-- Up-to-date: /data/rl_deploy/install/node_control_msgs/include/node_control_msgs/node_control_msgs/msg/detail/motor_info__rosidl_typesupport_fastrtps_c.h\n'}
[1.096126] (node_control_msgs) StdoutLine: {'line': b'-- Up-to-date: /data/rl_deploy/install/node_control_msgs/include/node_control_msgs/node_control_msgs/msg/detail/motor_config_dev__rosidl_typesupport_fastrtps_c.h\n'}
[1.096253] (node_control_msgs) StdoutLine: {'line': b'-- Up-to-date: /data/rl_deploy/install/node_control_msgs/include/node_control_msgs/node_control_msgs/msg/detail/motor_health__rosidl_typesupport_fastrtps_c.h\n'}
[1.096442] (node_control_msgs) StdoutLine: {'line': b'-- Up-to-date: /data/rl_deploy/install/node_control_msgs/include/node_control_msgs/node_control_msgs/msg/detail/motor_control__rosidl_typesupport_fastrtps_c.h\n'}
[1.096740] (node_control_msgs) StdoutLine: {'line': b'-- Up-to-date: /data/rl_deploy/install/node_control_msgs/include/node_control_msgs/node_control_msgs/msg/detail/motor_info_value__rosidl_typesupport_fastrtps_c.h\n'}
[1.096848] (node_control_msgs) StdoutLine: {'line': b'-- Up-to-date: /data/rl_deploy/install/node_control_msgs/include/node_control_msgs/node_control_msgs/msg/detail/motor_feedback__rosidl_typesupport_fastrtps_c.h\n'}
[1.097022] (node_control_msgs) StdoutLine: {'line': b'-- Up-to-date: /data/rl_deploy/install/node_control_msgs/include/node_control_msgs/node_control_msgs/msg/detail/motor_config__rosidl_typesupport_fastrtps_c.h\n'}
[1.097140] (node_control_msgs) StdoutLine: {'line': b'-- Up-to-date: /data/rl_deploy/install/node_control_msgs/include/node_control_msgs/node_control_msgs/msg/detail/motor_health_state__rosidl_typesupport_fastrtps_c.h\n'}
[1.097249] (node_control_msgs) StdoutLine: {'line': b'-- Up-to-date: /data/rl_deploy/install/node_control_msgs/include/node_control_msgs/node_control_msgs/msg/detail/motor_command_feedback__rosidl_typesupport_fastrtps_c.h\n'}
[1.097351] (node_control_msgs) StdoutLine: {'line': b'-- Up-to-date: /data/rl_deploy/install/node_control_msgs/include/node_control_msgs/node_control_msgs/msg/detail/motor_command__rosidl_typesupport_fastrtps_c.h\n'}
[1.097527] (node_control_msgs) StdoutLine: {'line': b'-- Up-to-date: /data/rl_deploy/install/node_control_msgs/include/node_control_msgs/node_control_msgs/msg/rosidl_typesupport_fastrtps_c__visibility_control.h\n'}
[1.097698] (node_control_msgs) StdoutLine: {'line': b'-- Up-to-date: /data/rl_deploy/install/node_control_msgs/lib/libnode_control_msgs__rosidl_typesupport_fastrtps_c.so\n'}
[1.097839] (node_control_msgs) StdoutLine: {'line': b'-- Up-to-date: /data/rl_deploy/install/node_control_msgs/include/node_control_msgs/node_control_msgs\n'}
[1.097969] (node_control_msgs) StdoutLine: {'line': b'-- Up-to-date: /data/rl_deploy/install/node_control_msgs/include/node_control_msgs/node_control_msgs/srv\n'}
[1.098073] (node_control_msgs) StdoutLine: {'line': b'-- Up-to-date: /data/rl_deploy/install/node_control_msgs/include/node_control_msgs/node_control_msgs/srv/detail\n'}
[1.098173] (node_control_msgs) StdoutLine: {'line': b'-- Up-to-date: /data/rl_deploy/install/node_control_msgs/include/node_control_msgs/node_control_msgs/srv/detail/motor_config_status__type_support.c\n'}
[1.098273] (node_control_msgs) StdoutLine: {'line': b'-- Up-to-date: /data/rl_deploy/install/node_control_msgs/include/node_control_msgs/node_control_msgs/srv/detail/motor_config_status__rosidl_typesupport_introspection_c.h\n'}
[1.098416] (node_control_msgs) StdoutLine: {'line': b'-- Up-to-date: /data/rl_deploy/install/node_control_msgs/include/node_control_msgs/node_control_msgs/msg\n'}
[1.098537] (node_control_msgs) StdoutLine: {'line': b'-- Up-to-date: /data/rl_deploy/install/node_control_msgs/include/node_control_msgs/node_control_msgs/msg/detail\n'}
[1.098674] (node_control_msgs) StdoutLine: {'line': b'-- Up-to-date: /data/rl_deploy/install/node_control_msgs/include/node_control_msgs/node_control_msgs/msg/detail/motor_config_dev__rosidl_typesupport_introspection_c.h\n'}
[1.098804] (node_control_msgs) StdoutLine: {'line': b'-- Up-to-date: /data/rl_deploy/install/node_control_msgs/include/node_control_msgs/node_control_msgs/msg/detail/motor_health__rosidl_typesupport_introspection_c.h\n'}
[1.098922] (node_control_msgs) StdoutLine: {'line': b'-- Up-to-date: /data/rl_deploy/install/node_control_msgs/include/node_control_msgs/node_control_msgs/msg/detail/motor_info_value__type_support.c\n'}
[1.099025] (node_control_msgs) StdoutLine: {'line': b'-- Up-to-date: /data/rl_deploy/install/node_control_msgs/include/node_control_msgs/node_control_msgs/msg/detail/motor_info__type_support.c\n'}
[1.099125] (node_control_msgs) StdoutLine: {'line': b'-- Up-to-date: /data/rl_deploy/install/node_control_msgs/include/node_control_msgs/node_control_msgs/msg/detail/motor_control__type_support.c\n'}
[1.099281] (node_control_msgs) StdoutLine: {'line': b'-- Up-to-date: /data/rl_deploy/install/node_control_msgs/include/node_control_msgs/node_control_msgs/msg/detail/motor_config__type_support.c\n'}
[1.099388] (node_control_msgs) StdoutLine: {'line': b'-- Up-to-date: /data/rl_deploy/install/node_control_msgs/include/node_control_msgs/node_control_msgs/msg/detail/motor_command__type_support.c\n'}
[1.099659] (node_control_msgs) StdoutLine: {'line': b'-- Up-to-date: /data/rl_deploy/install/node_control_msgs/include/node_control_msgs/node_control_msgs/msg/detail/motor_health__type_support.c\n'}
[1.099836] (node_control_msgs) StdoutLine: {'line': b'-- Up-to-date: /data/rl_deploy/install/node_control_msgs/include/node_control_msgs/node_control_msgs/msg/detail/motor_info_value__rosidl_typesupport_introspection_c.h\n'}
[1.099961] (node_control_msgs) StdoutLine: {'line': b'-- Up-to-date: /data/rl_deploy/install/node_control_msgs/include/node_control_msgs/node_control_msgs/msg/detail/motor_command_feedback__type_support.c\n'}
[1.100107] (node_control_msgs) StdoutLine: {'line': b'-- Up-to-date: /data/rl_deploy/install/node_control_msgs/include/node_control_msgs/node_control_msgs/msg/detail/motor_config__rosidl_typesupport_introspection_c.h\n'}
[1.100254] (node_control_msgs) StdoutLine: {'line': b'-- Up-to-date: /data/rl_deploy/install/node_control_msgs/include/node_control_msgs/node_control_msgs/msg/detail/motor_command_feedback__rosidl_typesupport_introspection_c.h\n'}
[1.100408] (node_control_msgs) StdoutLine: {'line': b'-- Up-to-date: /data/rl_deploy/install/node_control_msgs/include/node_control_msgs/node_control_msgs/msg/detail/motor_command__rosidl_typesupport_introspection_c.h\n'}
[1.100546] (node_control_msgs) StdoutLine: {'line': b'-- Up-to-date: /data/rl_deploy/install/node_control_msgs/include/node_control_msgs/node_control_msgs/msg/detail/motor_health_state__rosidl_typesupport_introspection_c.h\n'}
[1.100739] (node_control_msgs) StdoutLine: {'line': b'-- Up-to-date: /data/rl_deploy/install/node_control_msgs/include/node_control_msgs/node_control_msgs/msg/detail/motor_info__rosidl_typesupport_introspection_c.h\n'}
[1.100860] (node_control_msgs) StdoutLine: {'line': b'-- Up-to-date: /data/rl_deploy/install/node_control_msgs/include/node_control_msgs/node_control_msgs/msg/detail/motor_feedback__type_support.c\n'}
[1.100963] (node_control_msgs) StdoutLine: {'line': b'-- Up-to-date: /data/rl_deploy/install/node_control_msgs/include/node_control_msgs/node_control_msgs/msg/detail/motor_control__rosidl_typesupport_introspection_c.h\n'}
[1.101103] (node_control_msgs) StdoutLine: {'line': b'-- Up-to-date: /data/rl_deploy/install/node_control_msgs/include/node_control_msgs/node_control_msgs/msg/detail/motor_config_dev__type_support.c\n'}
[1.101210] (node_control_msgs) StdoutLine: {'line': b'-- Up-to-date: /data/rl_deploy/install/node_control_msgs/include/node_control_msgs/node_control_msgs/msg/detail/motor_health_state__type_support.c\n'}
[1.101349] (node_control_msgs) StdoutLine: {'line': b'-- Up-to-date: /data/rl_deploy/install/node_control_msgs/include/node_control_msgs/node_control_msgs/msg/detail/motor_feedback__rosidl_typesupport_introspection_c.h\n'}
[1.101450] (node_control_msgs) StdoutLine: {'line': b'-- Up-to-date: /data/rl_deploy/install/node_control_msgs/include/node_control_msgs/node_control_msgs/msg/rosidl_typesupport_introspection_c__visibility_control.h\n'}
[1.101630] (node_control_msgs) StdoutLine: {'line': b'-- Up-to-date: /data/rl_deploy/install/node_control_msgs/lib/libnode_control_msgs__rosidl_typesupport_introspection_c.so\n'}
[1.101746] (node_control_msgs) StdoutLine: {'line': b'-- Up-to-date: /data/rl_deploy/install/node_control_msgs/lib/libnode_control_msgs__rosidl_typesupport_c.so\n'}
[1.101849] (-) TimerEvent: {}
[1.102043] (node_control_msgs) StdoutLine: {'line': b'-- Up-to-date: /data/rl_deploy/install/node_control_msgs/include/node_control_msgs/node_control_msgs\n'}
[1.102172] (node_control_msgs) StdoutLine: {'line': b'-- Up-to-date: /data/rl_deploy/install/node_control_msgs/include/node_control_msgs/node_control_msgs/srv\n'}
[1.102281] (node_control_msgs) StdoutLine: {'line': b'-- Up-to-date: /data/rl_deploy/install/node_control_msgs/include/node_control_msgs/node_control_msgs/srv/motor_config_status.hpp\n'}
[1.102385] (node_control_msgs) StdoutLine: {'line': b'-- Up-to-date: /data/rl_deploy/install/node_control_msgs/include/node_control_msgs/node_control_msgs/srv/detail\n'}
[1.102486] (node_control_msgs) StdoutLine: {'line': b'-- Up-to-date: /data/rl_deploy/install/node_control_msgs/include/node_control_msgs/node_control_msgs/srv/detail/motor_config_status__struct.hpp\n'}
[1.102586] (node_control_msgs) StdoutLine: {'line': b'-- Up-to-date: /data/rl_deploy/install/node_control_msgs/include/node_control_msgs/node_control_msgs/srv/detail/motor_config_status__builder.hpp\n'}
[1.102685] (node_control_msgs) StdoutLine: {'line': b'-- Up-to-date: /data/rl_deploy/install/node_control_msgs/include/node_control_msgs/node_control_msgs/srv/detail/motor_config_status__traits.hpp\n'}
[1.102786] (node_control_msgs) StdoutLine: {'line': b'-- Up-to-date: /data/rl_deploy/install/node_control_msgs/include/node_control_msgs/node_control_msgs/srv/detail/motor_config_status__type_support.hpp\n'}
[1.102885] (node_control_msgs) StdoutLine: {'line': b'-- Up-to-date: /data/rl_deploy/install/node_control_msgs/include/node_control_msgs/node_control_msgs/msg\n'}
[1.102982] (node_control_msgs) StdoutLine: {'line': b'-- Up-to-date: /data/rl_deploy/install/node_control_msgs/include/node_control_msgs/node_control_msgs/msg/motor_info_value.hpp\n'}
[1.103080] (node_control_msgs) StdoutLine: {'line': b'-- Up-to-date: /data/rl_deploy/install/node_control_msgs/include/node_control_msgs/node_control_msgs/msg/motor_config_dev.hpp\n'}
[1.103178] (node_control_msgs) StdoutLine: {'line': b'-- Up-to-date: /data/rl_deploy/install/node_control_msgs/include/node_control_msgs/node_control_msgs/msg/motor_feedback.hpp\n'}
[1.103275] (node_control_msgs) StdoutLine: {'line': b'-- Up-to-date: /data/rl_deploy/install/node_control_msgs/include/node_control_msgs/node_control_msgs/msg/motor_config.hpp\n'}
[1.103402] (node_control_msgs) StdoutLine: {'line': b'-- Up-to-date: /data/rl_deploy/install/node_control_msgs/include/node_control_msgs/node_control_msgs/msg/motor_info.hpp\n'}
[1.103589] (node_control_msgs) StdoutLine: {'line': b'-- Up-to-date: /data/rl_deploy/install/node_control_msgs/include/node_control_msgs/node_control_msgs/msg/detail\n'}
[1.103711] (node_control_msgs) StdoutLine: {'line': b'-- Up-to-date: /data/rl_deploy/install/node_control_msgs/include/node_control_msgs/node_control_msgs/msg/detail/motor_command__builder.hpp\n'}
[1.103817] (node_control_msgs) StdoutLine: {'line': b'-- Up-to-date: /data/rl_deploy/install/node_control_msgs/include/node_control_msgs/node_control_msgs/msg/detail/motor_config_dev__struct.hpp\n'}
[1.103935] (node_control_msgs) StdoutLine: {'line': b'-- Up-to-date: /data/rl_deploy/install/node_control_msgs/include/node_control_msgs/node_control_msgs/msg/detail/motor_config__type_support.hpp\n'}
[1.104036] (node_control_msgs) StdoutLine: {'line': b'-- Up-to-date: /data/rl_deploy/install/node_control_msgs/include/node_control_msgs/node_control_msgs/msg/detail/motor_health__type_support.hpp\n'}
[1.104136] (node_control_msgs) StdoutLine: {'line': b'-- Up-to-date: /data/rl_deploy/install/node_control_msgs/include/node_control_msgs/node_control_msgs/msg/detail/motor_feedback__type_support.hpp\n'}
[1.104235] (node_control_msgs) StdoutLine: {'line': b'-- Up-to-date: /data/rl_deploy/install/node_control_msgs/include/node_control_msgs/node_control_msgs/msg/detail/motor_info__type_support.hpp\n'}
[1.104331] (node_control_msgs) StdoutLine: {'line': b'-- Up-to-date: /data/rl_deploy/install/node_control_msgs/include/node_control_msgs/node_control_msgs/msg/detail/motor_config_dev__traits.hpp\n'}
[1.104430] (node_control_msgs) StdoutLine: {'line': b'-- Up-to-date: /data/rl_deploy/install/node_control_msgs/include/node_control_msgs/node_control_msgs/msg/detail/motor_info__traits.hpp\n'}
[1.104527] (node_control_msgs) StdoutLine: {'line': b'-- Up-to-date: /data/rl_deploy/install/node_control_msgs/include/node_control_msgs/node_control_msgs/msg/detail/motor_health_state__traits.hpp\n'}
[1.104624] (node_control_msgs) StdoutLine: {'line': b'-- Up-to-date: /data/rl_deploy/install/node_control_msgs/include/node_control_msgs/node_control_msgs/msg/detail/motor_info_value__builder.hpp\n'}
[1.104724] (node_control_msgs) StdoutLine: {'line': b'-- Up-to-date: /data/rl_deploy/install/node_control_msgs/include/node_control_msgs/node_control_msgs/msg/detail/motor_config__struct.hpp\n'}
[1.104823] (node_control_msgs) StdoutLine: {'line': b'-- Up-to-date: /data/rl_deploy/install/node_control_msgs/include/node_control_msgs/node_control_msgs/msg/detail/motor_info_value__traits.hpp\n'}
[1.104945] (node_control_msgs) StdoutLine: {'line': b'-- Up-to-date: /data/rl_deploy/install/node_control_msgs/include/node_control_msgs/node_control_msgs/msg/detail/motor_command__struct.hpp\n'}
[1.105083] (node_control_msgs) StdoutLine: {'line': b'-- Up-to-date: /data/rl_deploy/install/node_control_msgs/include/node_control_msgs/node_control_msgs/msg/detail/motor_health__traits.hpp\n'}
[1.105189] (node_control_msgs) StdoutLine: {'line': b'-- Up-to-date: /data/rl_deploy/install/node_control_msgs/include/node_control_msgs/node_control_msgs/msg/detail/motor_health__builder.hpp\n'}
[1.105289] (node_control_msgs) StdoutLine: {'line': b'-- Up-to-date: /data/rl_deploy/install/node_control_msgs/include/node_control_msgs/node_control_msgs/msg/detail/motor_command_feedback__traits.hpp\n'}
[1.105390] (node_control_msgs) StdoutLine: {'line': b'-- Up-to-date: /data/rl_deploy/install/node_control_msgs/include/node_control_msgs/node_control_msgs/msg/detail/motor_config__builder.hpp\n'}
[1.105558] (node_control_msgs) StdoutLine: {'line': b'-- Up-to-date: /data/rl_deploy/install/node_control_msgs/include/node_control_msgs/node_control_msgs/msg/detail/motor_config__traits.hpp\n'}
[1.105687] (node_control_msgs) StdoutLine: {'line': b'-- Up-to-date: /data/rl_deploy/install/node_control_msgs/include/node_control_msgs/node_control_msgs/msg/detail/motor_feedback__traits.hpp\n'}
[1.105793] (node_control_msgs) StdoutLine: {'line': b'-- Up-to-date: /data/rl_deploy/install/node_control_msgs/include/node_control_msgs/node_control_msgs/msg/detail/motor_command_feedback__builder.hpp\n'}
[1.105893] (node_control_msgs) StdoutLine: {'line': b'-- Up-to-date: /data/rl_deploy/install/node_control_msgs/include/node_control_msgs/node_control_msgs/msg/detail/motor_info_value__struct.hpp\n'}
[1.105995] (node_control_msgs) StdoutLine: {'line': b'-- Up-to-date: /data/rl_deploy/install/node_control_msgs/include/node_control_msgs/node_control_msgs/msg/detail/motor_config_dev__builder.hpp\n'}
[1.106095] (node_control_msgs) StdoutLine: {'line': b'-- Up-to-date: /data/rl_deploy/install/node_control_msgs/include/node_control_msgs/node_control_msgs/msg/detail/motor_health__struct.hpp\n'}
[1.106213] (node_control_msgs) StdoutLine: {'line': b'-- Up-to-date: /data/rl_deploy/install/node_control_msgs/include/node_control_msgs/node_control_msgs/msg/detail/motor_command_feedback__type_support.hpp\n'}
[1.106314] (node_control_msgs) StdoutLine: {'line': b'-- Up-to-date: /data/rl_deploy/install/node_control_msgs/include/node_control_msgs/node_control_msgs/msg/detail/motor_command__type_support.hpp\n'}
[1.106414] (node_control_msgs) StdoutLine: {'line': b'-- Up-to-date: /data/rl_deploy/install/node_control_msgs/include/node_control_msgs/node_control_msgs/msg/detail/motor_control__type_support.hpp\n'}
[1.106523] (node_control_msgs) StdoutLine: {'line': b'-- Up-to-date: /data/rl_deploy/install/node_control_msgs/include/node_control_msgs/node_control_msgs/msg/detail/motor_feedback__struct.hpp\n'}
[1.106624] (node_control_msgs) StdoutLine: {'line': b'-- Up-to-date: /data/rl_deploy/install/node_control_msgs/include/node_control_msgs/node_control_msgs/msg/detail/motor_health_state__struct.hpp\n'}
[1.106726] (node_control_msgs) StdoutLine: {'line': b'-- Up-to-date: /data/rl_deploy/install/node_control_msgs/include/node_control_msgs/node_control_msgs/msg/detail/motor_control__struct.hpp\n'}
[1.106826] (node_control_msgs) StdoutLine: {'line': b'-- Up-to-date: /data/rl_deploy/install/node_control_msgs/include/node_control_msgs/node_control_msgs/msg/detail/motor_health_state__builder.hpp\n'}
[1.106925] (node_control_msgs) StdoutLine: {'line': b'-- Up-to-date: /data/rl_deploy/install/node_control_msgs/include/node_control_msgs/node_control_msgs/msg/detail/motor_info_value__type_support.hpp\n'}
[1.107024] (node_control_msgs) StdoutLine: {'line': b'-- Up-to-date: /data/rl_deploy/install/node_control_msgs/include/node_control_msgs/node_control_msgs/msg/detail/motor_info__builder.hpp\n'}
[1.107123] (node_control_msgs) StdoutLine: {'line': b'-- Up-to-date: /data/rl_deploy/install/node_control_msgs/include/node_control_msgs/node_control_msgs/msg/detail/motor_info__struct.hpp\n'}
[1.107221] (node_control_msgs) StdoutLine: {'line': b'-- Up-to-date: /data/rl_deploy/install/node_control_msgs/include/node_control_msgs/node_control_msgs/msg/detail/motor_control__traits.hpp\n'}
[1.107322] (node_control_msgs) StdoutLine: {'line': b'-- Up-to-date: /data/rl_deploy/install/node_control_msgs/include/node_control_msgs/node_control_msgs/msg/detail/motor_command__traits.hpp\n'}
[1.107421] (node_control_msgs) StdoutLine: {'line': b'-- Up-to-date: /data/rl_deploy/install/node_control_msgs/include/node_control_msgs/node_control_msgs/msg/detail/motor_control__builder.hpp\n'}
[1.107607] (node_control_msgs) StdoutLine: {'line': b'-- Up-to-date: /data/rl_deploy/install/node_control_msgs/include/node_control_msgs/node_control_msgs/msg/detail/motor_config_dev__type_support.hpp\n'}
[1.107727] (node_control_msgs) StdoutLine: {'line': b'-- Up-to-date: /data/rl_deploy/install/node_control_msgs/include/node_control_msgs/node_control_msgs/msg/detail/motor_command_feedback__struct.hpp\n'}
[1.107832] (node_control_msgs) StdoutLine: {'line': b'-- Up-to-date: /data/rl_deploy/install/node_control_msgs/include/node_control_msgs/node_control_msgs/msg/detail/motor_health_state__type_support.hpp\n'}
[1.107935] (node_control_msgs) StdoutLine: {'line': b'-- Up-to-date: /data/rl_deploy/install/node_control_msgs/include/node_control_msgs/node_control_msgs/msg/detail/motor_feedback__builder.hpp\n'}
[1.108035] (node_control_msgs) StdoutLine: {'line': b'-- Up-to-date: /data/rl_deploy/install/node_control_msgs/include/node_control_msgs/node_control_msgs/msg/motor_health.hpp\n'}
[1.108165] (node_control_msgs) StdoutLine: {'line': b'-- Up-to-date: /data/rl_deploy/install/node_control_msgs/include/node_control_msgs/node_control_msgs/msg/rosidl_generator_cpp__visibility_control.hpp\n'}
[1.108266] (node_control_msgs) StdoutLine: {'line': b'-- Up-to-date: /data/rl_deploy/install/node_control_msgs/include/node_control_msgs/node_control_msgs/msg/motor_health_state.hpp\n'}
[1.108366] (node_control_msgs) StdoutLine: {'line': b'-- Up-to-date: /data/rl_deploy/install/node_control_msgs/include/node_control_msgs/node_control_msgs/msg/motor_command_feedback.hpp\n'}
[1.108474] (node_control_msgs) StdoutLine: {'line': b'-- Up-to-date: /data/rl_deploy/install/node_control_msgs/include/node_control_msgs/node_control_msgs/msg/motor_control.hpp\n'}
[1.108574] (node_control_msgs) StdoutLine: {'line': b'-- Up-to-date: /data/rl_deploy/install/node_control_msgs/include/node_control_msgs/node_control_msgs/msg/motor_command.hpp\n'}
[1.108671] (node_control_msgs) StdoutLine: {'line': b'-- Up-to-date: /data/rl_deploy/install/node_control_msgs/include/node_control_msgs/node_control_msgs\n'}
[1.108771] (node_control_msgs) StdoutLine: {'line': b'-- Up-to-date: /data/rl_deploy/install/node_control_msgs/include/node_control_msgs/node_control_msgs/srv\n'}
[1.108868] (node_control_msgs) StdoutLine: {'line': b'-- Up-to-date: /data/rl_deploy/install/node_control_msgs/include/node_control_msgs/node_control_msgs/srv/detail\n'}
[1.108966] (node_control_msgs) StdoutLine: {'line': b'-- Up-to-date: /data/rl_deploy/install/node_control_msgs/include/node_control_msgs/node_control_msgs/srv/detail/motor_config_status__rosidl_typesupport_fastrtps_cpp.hpp\n'}
[1.109104] (node_control_msgs) StdoutLine: {'line': b'-- Up-to-date: /data/rl_deploy/install/node_control_msgs/include/node_control_msgs/node_control_msgs/srv/detail/dds_fastrtps\n'}
[1.109207] (node_control_msgs) StdoutLine: {'line': b'-- Up-to-date: /data/rl_deploy/install/node_control_msgs/include/node_control_msgs/node_control_msgs/msg\n'}
[1.109306] (node_control_msgs) StdoutLine: {'line': b'-- Up-to-date: /data/rl_deploy/install/node_control_msgs/include/node_control_msgs/node_control_msgs/msg/rosidl_typesupport_fastrtps_cpp__visibility_control.h\n'}
[1.109406] (node_control_msgs) StdoutLine: {'line': b'-- Up-to-date: /data/rl_deploy/install/node_control_msgs/include/node_control_msgs/node_control_msgs/msg/detail\n'}
[1.109604] (node_control_msgs) StdoutLine: {'line': b'-- Up-to-date: /data/rl_deploy/install/node_control_msgs/include/node_control_msgs/node_control_msgs/msg/detail/motor_health_state__rosidl_typesupport_fastrtps_cpp.hpp\n'}
[1.109732] (node_control_msgs) StdoutLine: {'line': b'-- Up-to-date: /data/rl_deploy/install/node_control_msgs/include/node_control_msgs/node_control_msgs/msg/detail/motor_feedback__rosidl_typesupport_fastrtps_cpp.hpp\n'}
[1.109841] (node_control_msgs) StdoutLine: {'line': b'-- Up-to-date: /data/rl_deploy/install/node_control_msgs/include/node_control_msgs/node_control_msgs/msg/detail/dds_fastrtps\n'}
[1.109942] (node_control_msgs) StdoutLine: {'line': b'-- Up-to-date: /data/rl_deploy/install/node_control_msgs/include/node_control_msgs/node_control_msgs/msg/detail/motor_health__rosidl_typesupport_fastrtps_cpp.hpp\n'}
[1.110044] (node_control_msgs) StdoutLine: {'line': b'-- Up-to-date: /data/rl_deploy/install/node_control_msgs/include/node_control_msgs/node_control_msgs/msg/detail/motor_command_feedback__rosidl_typesupport_fastrtps_cpp.hpp\n'}
[1.110144] (node_control_msgs) StdoutLine: {'line': b'-- Up-to-date: /data/rl_deploy/install/node_control_msgs/include/node_control_msgs/node_control_msgs/msg/detail/motor_control__rosidl_typesupport_fastrtps_cpp.hpp\n'}
[1.110243] (node_control_msgs) StdoutLine: {'line': b'-- Up-to-date: /data/rl_deploy/install/node_control_msgs/include/node_control_msgs/node_control_msgs/msg/detail/motor_config_dev__rosidl_typesupport_fastrtps_cpp.hpp\n'}
[1.110341] (node_control_msgs) StdoutLine: {'line': b'-- Up-to-date: /data/rl_deploy/install/node_control_msgs/include/node_control_msgs/node_control_msgs/msg/detail/motor_info_value__rosidl_typesupport_fastrtps_cpp.hpp\n'}
[1.110440] (node_control_msgs) StdoutLine: {'line': b'-- Up-to-date: /data/rl_deploy/install/node_control_msgs/include/node_control_msgs/node_control_msgs/msg/detail/motor_config__rosidl_typesupport_fastrtps_cpp.hpp\n'}
[1.110538] (node_control_msgs) StdoutLine: {'line': b'-- Up-to-date: /data/rl_deploy/install/node_control_msgs/include/node_control_msgs/node_control_msgs/msg/detail/motor_info__rosidl_typesupport_fastrtps_cpp.hpp\n'}
[1.110654] (node_control_msgs) StdoutLine: {'line': b'-- Up-to-date: /data/rl_deploy/install/node_control_msgs/include/node_control_msgs/node_control_msgs/msg/detail/motor_command__rosidl_typesupport_fastrtps_cpp.hpp\n'}
[1.110756] (node_control_msgs) StdoutLine: {'line': b'-- Up-to-date: /data/rl_deploy/install/node_control_msgs/lib/libnode_control_msgs__rosidl_typesupport_fastrtps_cpp.so\n'}
[1.110856] (node_control_msgs) StdoutLine: {'line': b'-- Up-to-date: /data/rl_deploy/install/node_control_msgs/include/node_control_msgs/node_control_msgs\n'}
[1.110961] (node_control_msgs) StdoutLine: {'line': b'-- Up-to-date: /data/rl_deploy/install/node_control_msgs/include/node_control_msgs/node_control_msgs/srv\n'}
[1.111062] (node_control_msgs) StdoutLine: {'line': b'-- Up-to-date: /data/rl_deploy/install/node_control_msgs/include/node_control_msgs/node_control_msgs/srv/detail\n'}
[1.111166] (node_control_msgs) StdoutLine: {'line': b'-- Up-to-date: /data/rl_deploy/install/node_control_msgs/include/node_control_msgs/node_control_msgs/srv/detail/motor_config_status__rosidl_typesupport_introspection_cpp.hpp\n'}
[1.111296] (node_control_msgs) StdoutLine: {'line': b'-- Up-to-date: /data/rl_deploy/install/node_control_msgs/include/node_control_msgs/node_control_msgs/srv/detail/motor_config_status__type_support.cpp\n'}
[1.111397] (node_control_msgs) StdoutLine: {'line': b'-- Up-to-date: /data/rl_deploy/install/node_control_msgs/include/node_control_msgs/node_control_msgs/msg\n'}
[1.111562] (node_control_msgs) StdoutLine: {'line': b'-- Up-to-date: /data/rl_deploy/install/node_control_msgs/include/node_control_msgs/node_control_msgs/msg/detail\n'}
[1.111694] (node_control_msgs) StdoutLine: {'line': b'-- Up-to-date: /data/rl_deploy/install/node_control_msgs/include/node_control_msgs/node_control_msgs/msg/detail/motor_config__type_support.cpp\n'}
[1.111802] (node_control_msgs) StdoutLine: {'line': b'-- Up-to-date: /data/rl_deploy/install/node_control_msgs/include/node_control_msgs/node_control_msgs/msg/detail/motor_feedback__type_support.cpp\n'}
[1.111906] (node_control_msgs) StdoutLine: {'line': b'-- Up-to-date: /data/rl_deploy/install/node_control_msgs/include/node_control_msgs/node_control_msgs/msg/detail/motor_info__type_support.cpp\n'}
[1.112006] (node_control_msgs) StdoutLine: {'line': b'-- Up-to-date: /data/rl_deploy/install/node_control_msgs/include/node_control_msgs/node_control_msgs/msg/detail/motor_health__rosidl_typesupport_introspection_cpp.hpp\n'}
[1.112109] (node_control_msgs) StdoutLine: {'line': b'-- Up-to-date: /data/rl_deploy/install/node_control_msgs/include/node_control_msgs/node_control_msgs/msg/detail/motor_config_dev__type_support.cpp\n'}
[1.112209] (node_control_msgs) StdoutLine: {'line': b'-- Up-to-date: /data/rl_deploy/install/node_control_msgs/include/node_control_msgs/node_control_msgs/msg/detail/motor_command__rosidl_typesupport_introspection_cpp.hpp\n'}
[1.112309] (node_control_msgs) StdoutLine: {'line': b'-- Up-to-date: /data/rl_deploy/install/node_control_msgs/include/node_control_msgs/node_control_msgs/msg/detail/motor_info_value__type_support.cpp\n'}
[1.112406] (node_control_msgs) StdoutLine: {'line': b'-- Up-to-date: /data/rl_deploy/install/node_control_msgs/include/node_control_msgs/node_control_msgs/msg/detail/motor_health_state__rosidl_typesupport_introspection_cpp.hpp\n'}
[1.112522] (node_control_msgs) StdoutLine: {'line': b'-- Up-to-date: /data/rl_deploy/install/node_control_msgs/include/node_control_msgs/node_control_msgs/msg/detail/motor_feedback__rosidl_typesupport_introspection_cpp.hpp\n'}
[1.112625] (node_control_msgs) StdoutLine: {'line': b'-- Up-to-date: /data/rl_deploy/install/node_control_msgs/include/node_control_msgs/node_control_msgs/msg/detail/motor_control__rosidl_typesupport_introspection_cpp.hpp\n'}
[1.112724] (node_control_msgs) StdoutLine: {'line': b'-- Up-to-date: /data/rl_deploy/install/node_control_msgs/include/node_control_msgs/node_control_msgs/msg/detail/motor_info_value__rosidl_typesupport_introspection_cpp.hpp\n'}
[1.112840] (node_control_msgs) StdoutLine: {'line': b'-- Up-to-date: /data/rl_deploy/install/node_control_msgs/include/node_control_msgs/node_control_msgs/msg/detail/motor_command_feedback__type_support.cpp\n'}
[1.112941] (node_control_msgs) StdoutLine: {'line': b'-- Up-to-date: /data/rl_deploy/install/node_control_msgs/include/node_control_msgs/node_control_msgs/msg/detail/motor_config_dev__rosidl_typesupport_introspection_cpp.hpp\n'}
[1.113092] (node_control_msgs) StdoutLine: {'line': b'-- Up-to-date: /data/rl_deploy/install/node_control_msgs/include/node_control_msgs/node_control_msgs/msg/detail/motor_info__rosidl_typesupport_introspection_cpp.hpp\n'}
[1.113200] (node_control_msgs) StdoutLine: {'line': b'-- Up-to-date: /data/rl_deploy/install/node_control_msgs/include/node_control_msgs/node_control_msgs/msg/detail/motor_config__rosidl_typesupport_introspection_cpp.hpp\n'}
[1.113301] (node_control_msgs) StdoutLine: {'line': b'-- Up-to-date: /data/rl_deploy/install/node_control_msgs/include/node_control_msgs/node_control_msgs/msg/detail/motor_health__type_support.cpp\n'}
[1.113404] (node_control_msgs) StdoutLine: {'line': b'-- Up-to-date: /data/rl_deploy/install/node_control_msgs/include/node_control_msgs/node_control_msgs/msg/detail/motor_control__type_support.cpp\n'}
[1.113555] (node_control_msgs) StdoutLine: {'line': b'-- Up-to-date: /data/rl_deploy/install/node_control_msgs/include/node_control_msgs/node_control_msgs/msg/detail/motor_command__type_support.cpp\n'}
[1.113680] (node_control_msgs) StdoutLine: {'line': b'-- Up-to-date: /data/rl_deploy/install/node_control_msgs/include/node_control_msgs/node_control_msgs/msg/detail/motor_health_state__type_support.cpp\n'}
[1.113787] (node_control_msgs) StdoutLine: {'line': b'-- Up-to-date: /data/rl_deploy/install/node_control_msgs/include/node_control_msgs/node_control_msgs/msg/detail/motor_command_feedback__rosidl_typesupport_introspection_cpp.hpp\n'}
[1.113892] (node_control_msgs) StdoutLine: {'line': b'-- Up-to-date: /data/rl_deploy/install/node_control_msgs/lib/libnode_control_msgs__rosidl_typesupport_introspection_cpp.so\n'}
[1.113994] (node_control_msgs) StdoutLine: {'line': b'-- Up-to-date: /data/rl_deploy/install/node_control_msgs/lib/libnode_control_msgs__rosidl_typesupport_cpp.so\n'}
[1.114093] (node_control_msgs) StdoutLine: {'line': b'-- Up-to-date: /data/rl_deploy/install/node_control_msgs/share/node_control_msgs/environment/pythonpath.sh\n'}
[1.114192] (node_control_msgs) StdoutLine: {'line': b'-- Up-to-date: /data/rl_deploy/install/node_control_msgs/share/node_control_msgs/environment/pythonpath.dsv\n'}
[1.114293] (node_control_msgs) StdoutLine: {'line': b'-- Up-to-date: /data/rl_deploy/install/node_control_msgs/local/lib/python3.10/dist-packages/node_control_msgs-0.0.0-py3.10.egg-info\n'}
[1.114427] (node_control_msgs) StdoutLine: {'line': b'-- Installing: /data/rl_deploy/install/node_control_msgs/local/lib/python3.10/dist-packages/node_control_msgs-0.0.0-py3.10.egg-info/top_level.txt\n'}
[1.114529] (node_control_msgs) StdoutLine: {'line': b'-- Installing: /data/rl_deploy/install/node_control_msgs/local/lib/python3.10/dist-packages/node_control_msgs-0.0.0-py3.10.egg-info/PKG-INFO\n'}
[1.114629] (node_control_msgs) StdoutLine: {'line': b'-- Installing: /data/rl_deploy/install/node_control_msgs/local/lib/python3.10/dist-packages/node_control_msgs-0.0.0-py3.10.egg-info/SOURCES.txt\n'}
[1.114729] (node_control_msgs) StdoutLine: {'line': b'-- Installing: /data/rl_deploy/install/node_control_msgs/local/lib/python3.10/dist-packages/node_control_msgs-0.0.0-py3.10.egg-info/dependency_links.txt\n'}
[1.114830] (node_driver_msgs) StdoutLine: {'line': b'-- Install configuration: ""\n'}
[1.114951] (node_control_msgs) StdoutLine: {'line': b'-- Up-to-date: /data/rl_deploy/install/node_control_msgs/local/lib/python3.10/dist-packages/node_control_msgs\n'}
[1.115054] (node_control_msgs) StdoutLine: {'line': b'-- Up-to-date: /data/rl_deploy/install/node_control_msgs/local/lib/python3.10/dist-packages/node_control_msgs/libnode_control_msgs__rosidl_generator_py.so\n'}
[1.115156] (node_control_msgs) StdoutLine: {'line': b'-- Up-to-date: /data/rl_deploy/install/node_control_msgs/local/lib/python3.10/dist-packages/node_control_msgs/node_control_msgs_s__rosidl_typesupport_introspection_c.cpython-310-aarch64-linux-gnu.so\n'}
[1.115280] (node_control_msgs) StdoutLine: {'line': b'-- Up-to-date: /data/rl_deploy/install/node_control_msgs/local/lib/python3.10/dist-packages/node_control_msgs/node_control_msgs_s__rosidl_typesupport_c.cpython-310-aarch64-linux-gnu.so\n'}
[1.115394] (node_control_msgs) StdoutLine: {'line': b'-- Up-to-date: /data/rl_deploy/install/node_control_msgs/local/lib/python3.10/dist-packages/node_control_msgs/_node_control_msgs_s.ep.rosidl_typesupport_introspection_c.c\n'}
[1.115579] (node_driver_msgs) StdoutLine: {'line': b'-- Up-to-date: /data/rl_deploy/install/node_driver_msgs/share/ament_index/resource_index/rosidl_interfaces/node_driver_msgs\n'}
[1.115704] (node_driver_msgs) StdoutLine: {'line': b'-- Up-to-date: /data/rl_deploy/install/node_driver_msgs/include/node_driver_msgs/node_driver_msgs\n'}
[1.115810] (node_driver_msgs) StdoutLine: {'line': b'-- Up-to-date: /data/rl_deploy/install/node_driver_msgs/include/node_driver_msgs/node_driver_msgs/msg\n'}
[1.115911] (node_control_msgs) StdoutLine: {'line': b'-- Up-to-date: /data/rl_deploy/install/node_control_msgs/local/lib/python3.10/dist-packages/node_control_msgs/__init__.py\n'}
[1.116015] (node_driver_msgs) StdoutLine: {'line': b'-- Up-to-date: /data/rl_deploy/install/node_driver_msgs/include/node_driver_msgs/node_driver_msgs/msg/sensormsgcontrol.h\n'}
[1.116113] (node_control_msgs) StdoutLine: {'line': b'-- Up-to-date: /data/rl_deploy/install/node_control_msgs/local/lib/python3.10/dist-packages/node_control_msgs/node_control_msgs_s__rosidl_typesupport_fastrtps_c.cpython-310-aarch64-linux-gnu.so\n'}
[1.116224] (node_control_msgs) StdoutLine: {'line': b'-- Up-to-date: /data/rl_deploy/install/node_control_msgs/local/lib/python3.10/dist-packages/node_control_msgs/srv\n'}
[1.116326] (node_control_msgs) StdoutLine: {'line': b'-- Up-to-date: /data/rl_deploy/install/node_control_msgs/local/lib/python3.10/dist-packages/node_control_msgs/srv/_motor_config_status.py\n'}
[1.116424] (node_control_msgs) StdoutLine: {'line': b'-- Up-to-date: /data/rl_deploy/install/node_control_msgs/local/lib/python3.10/dist-packages/node_control_msgs/srv/_motor_config_status_s.c\n'}
[1.116520] (node_control_msgs) StdoutLine: {'line': b'-- Up-to-date: /data/rl_deploy/install/node_control_msgs/local/lib/python3.10/dist-packages/node_control_msgs/srv/__init__.py\n'}
[1.116616] (node_control_msgs) StdoutLine: {'line': b'-- Up-to-date: /data/rl_deploy/install/node_control_msgs/local/lib/python3.10/dist-packages/node_control_msgs/_node_control_msgs_s.ep.rosidl_typesupport_c.c\n'}
[1.116714] (node_control_msgs) StdoutLine: {'line': b'-- Up-to-date: /data/rl_deploy/install/node_control_msgs/local/lib/python3.10/dist-packages/node_control_msgs/_node_control_msgs_s.ep.rosidl_typesupport_fastrtps_c.c\n'}
[1.116810] (node_control_msgs) StdoutLine: {'line': b'-- Up-to-date: /data/rl_deploy/install/node_control_msgs/local/lib/python3.10/dist-packages/node_control_msgs/msg\n'}
[1.116905] (node_control_msgs) StdoutLine: {'line': b'-- Up-to-date: /data/rl_deploy/install/node_control_msgs/local/lib/python3.10/dist-packages/node_control_msgs/msg/_motor_config_dev_s.c\n'}
[1.117036] (node_driver_msgs) StdoutLine: {'line': b'-- Up-to-date: /data/rl_deploy/install/node_driver_msgs/include/node_driver_msgs/node_driver_msgs/msg/detail\n'}
[1.117148] (node_driver_msgs) StdoutLine: {'line': b'-- Up-to-date: /data/rl_deploy/install/node_driver_msgs/include/node_driver_msgs/node_driver_msgs/msg/detail/sensormsgcontrol__type_support.h\n'}
[1.117248] (node_driver_msgs) StdoutLine: {'line': b'-- Up-to-date: /data/rl_deploy/install/node_driver_msgs/include/node_driver_msgs/node_driver_msgs/msg/detail/sensormsgcontrol__functions.h\n'}
[1.117347] (node_driver_msgs) StdoutLine: {'line': b'-- Up-to-date: /data/rl_deploy/install/node_driver_msgs/include/node_driver_msgs/node_driver_msgs/msg/detail/sensormsgstate__functions.h\n'}
[1.117465] (node_driver_msgs) StdoutLine: {'line': b'-- Up-to-date: /data/rl_deploy/install/node_driver_msgs/include/node_driver_msgs/node_driver_msgs/msg/detail/sensormsgcontrol__struct.h\n'}
[1.117650] (node_driver_msgs) StdoutLine: {'line': b'-- Up-to-date: /data/rl_deploy/install/node_driver_msgs/include/node_driver_msgs/node_driver_msgs/msg/detail/sensormsgstate__struct.h\n'}
[1.117766] (node_driver_msgs) StdoutLine: {'line': b'-- Up-to-date: /data/rl_deploy/install/node_driver_msgs/include/node_driver_msgs/node_driver_msgs/msg/detail/sensormsgcontrol__functions.c\n'}
[1.117871] (node_driver_msgs) StdoutLine: {'line': b'-- Up-to-date: /data/rl_deploy/install/node_driver_msgs/include/node_driver_msgs/node_driver_msgs/msg/detail/sensormsgstate__functions.c\n'}
[1.117983] (node_driver_msgs) StdoutLine: {'line': b'-- Up-to-date: /data/rl_deploy/install/node_driver_msgs/include/node_driver_msgs/node_driver_msgs/msg/detail/sensormsgstate__type_support.h\n'}
[1.118083] (node_driver_msgs) StdoutLine: {'line': b'-- Up-to-date: /data/rl_deploy/install/node_driver_msgs/include/node_driver_msgs/node_driver_msgs/msg/rosidl_generator_c__visibility_control.h\n'}
[1.118183] (node_driver_msgs) StdoutLine: {'line': b'-- Up-to-date: /data/rl_deploy/install/node_driver_msgs/include/node_driver_msgs/node_driver_msgs/msg/sensormsgstate.h\n'}
[1.118299] (node_control_msgs) StdoutLine: {'line': b'-- Up-to-date: /data/rl_deploy/install/node_control_msgs/local/lib/python3.10/dist-packages/node_control_msgs/msg/_motor_command_s.c\n'}
[1.118411] (node_driver_msgs) StdoutLine: {'line': b'-- Up-to-date: /data/rl_deploy/install/node_driver_msgs/share/node_driver_msgs/environment/library_path.sh\n'}
[1.118510] (node_driver_msgs) StdoutLine: {'line': b'-- Up-to-date: /data/rl_deploy/install/node_driver_msgs/share/node_driver_msgs/environment/library_path.dsv\n'}
[1.118609] (node_control_msgs) StdoutLine: {'line': b'-- Up-to-date: /data/rl_deploy/install/node_control_msgs/local/lib/python3.10/dist-packages/node_control_msgs/msg/_motor_config_dev.py\n'}
[1.118709] (node_control_msgs) StdoutLine: {'line': b'-- Up-to-date: /data/rl_deploy/install/node_control_msgs/local/lib/python3.10/dist-packages/node_control_msgs/msg/_motor_config_s.c\n'}
[1.118812] (node_control_msgs) StdoutLine: {'line': b'-- Up-to-date: /data/rl_deploy/install/node_control_msgs/local/lib/python3.10/dist-packages/node_control_msgs/msg/_motor_control_s.c\n'}
[1.118909] (node_control_msgs) StdoutLine: {'line': b'-- Up-to-date: /data/rl_deploy/install/node_control_msgs/local/lib/python3.10/dist-packages/node_control_msgs/msg/_motor_info_value.py\n'}
[1.119005] (node_control_msgs) StdoutLine: {'line': b'-- Up-to-date: /data/rl_deploy/install/node_control_msgs/local/lib/python3.10/dist-packages/node_control_msgs/msg/_motor_info_value_s.c\n'}
[1.119101] (node_control_msgs) StdoutLine: {'line': b'-- Up-to-date: /data/rl_deploy/install/node_control_msgs/local/lib/python3.10/dist-packages/node_control_msgs/msg/_motor_health.py\n'}
[1.119197] (node_control_msgs) StdoutLine: {'line': b'-- Up-to-date: /data/rl_deploy/install/node_control_msgs/local/lib/python3.10/dist-packages/node_control_msgs/msg/_motor_command_feedback_s.c\n'}
[1.119293] (node_control_msgs) StdoutLine: {'line': b'-- Up-to-date: /data/rl_deploy/install/node_control_msgs/local/lib/python3.10/dist-packages/node_control_msgs/msg/__init__.py\n'}
[1.119391] (node_control_msgs) StdoutLine: {'line': b'-- Up-to-date: /data/rl_deploy/install/node_control_msgs/local/lib/python3.10/dist-packages/node_control_msgs/msg/_motor_config.py\n'}
[1.119624] (node_control_msgs) StdoutLine: {'line': b'-- Up-to-date: /data/rl_deploy/install/node_control_msgs/local/lib/python3.10/dist-packages/node_control_msgs/msg/_motor_health_s.c\n'}
[1.119751] (node_control_msgs) StdoutLine: {'line': b'-- Up-to-date: /data/rl_deploy/install/node_control_msgs/local/lib/python3.10/dist-packages/node_control_msgs/msg/_motor_command_feedback.py\n'}
[1.119858] (node_control_msgs) StdoutLine: {'line': b'-- Up-to-date: /data/rl_deploy/install/node_control_msgs/local/lib/python3.10/dist-packages/node_control_msgs/msg/_motor_info_s.c\n'}
[1.119977] (node_control_msgs) StdoutLine: {'line': b'-- Up-to-date: /data/rl_deploy/install/node_control_msgs/local/lib/python3.10/dist-packages/node_control_msgs/msg/_motor_info.py\n'}
[1.120079] (node_driver_msgs) StdoutLine: {'line': b'-- Up-to-date: /data/rl_deploy/install/node_driver_msgs/lib/libnode_driver_msgs__rosidl_generator_c.so\n'}
[1.120184] (node_control_msgs) StdoutLine: {'line': b'-- Up-to-date: /data/rl_deploy/install/node_control_msgs/local/lib/python3.10/dist-packages/node_control_msgs/msg/_motor_health_state.py\n'}
[1.120285] (node_control_msgs) StdoutLine: {'line': b'-- Up-to-date: /data/rl_deploy/install/node_control_msgs/local/lib/python3.10/dist-packages/node_control_msgs/msg/_motor_feedback.py\n'}
[1.120383] (node_control_msgs) StdoutLine: {'line': b'-- Up-to-date: /data/rl_deploy/install/node_control_msgs/local/lib/python3.10/dist-packages/node_control_msgs/msg/_motor_control.py\n'}
[1.120500] (node_control_msgs) StdoutLine: {'line': b'-- Up-to-date: /data/rl_deploy/install/node_control_msgs/local/lib/python3.10/dist-packages/node_control_msgs/msg/_motor_feedback_s.c\n'}
[1.120606] (node_control_msgs) StdoutLine: {'line': b'-- Up-to-date: /data/rl_deploy/install/node_control_msgs/local/lib/python3.10/dist-packages/node_control_msgs/msg/_motor_health_state_s.c\n'}
[1.120704] (node_driver_msgs) StdoutLine: {'line': b'-- Up-to-date: /data/rl_deploy/install/node_driver_msgs/include/node_driver_msgs/node_driver_msgs\n'}
[1.120802] (node_control_msgs) StdoutLine: {'line': b'-- Up-to-date: /data/rl_deploy/install/node_control_msgs/local/lib/python3.10/dist-packages/node_control_msgs/msg/_motor_command.py\n'}
[1.120898] (node_driver_msgs) StdoutLine: {'line': b'-- Up-to-date: /data/rl_deploy/install/node_driver_msgs/include/node_driver_msgs/node_driver_msgs/msg\n'}
[1.121099] (node_driver_msgs) StdoutLine: {'line': b'-- Up-to-date: /data/rl_deploy/install/node_driver_msgs/include/node_driver_msgs/node_driver_msgs/msg/detail\n'}
[1.121247] (node_driver_msgs) StdoutLine: {'line': b'-- Up-to-date: /data/rl_deploy/install/node_driver_msgs/include/node_driver_msgs/node_driver_msgs/msg/detail/sensormsgcontrol__rosidl_typesupport_fastrtps_c.h\n'}
[1.121362] (node_driver_msgs) StdoutLine: {'line': b'-- Up-to-date: /data/rl_deploy/install/node_driver_msgs/include/node_driver_msgs/node_driver_msgs/msg/detail/sensormsgstate__rosidl_typesupport_fastrtps_c.h\n'}
[1.121567] (node_driver_msgs) StdoutLine: {'line': b'-- Up-to-date: /data/rl_deploy/install/node_driver_msgs/include/node_driver_msgs/node_driver_msgs/msg/rosidl_typesupport_fastrtps_c__visibility_control.h\n'}
[1.121720] (node_driver_msgs) StdoutLine: {'line': b'-- Up-to-date: /data/rl_deploy/install/node_driver_msgs/lib/libnode_driver_msgs__rosidl_typesupport_fastrtps_c.so\n'}
[1.121836] (node_driver_msgs) StdoutLine: {'line': b'-- Up-to-date: /data/rl_deploy/install/node_driver_msgs/include/node_driver_msgs/node_driver_msgs\n'}
[1.121939] (node_driver_msgs) StdoutLine: {'line': b'-- Up-to-date: /data/rl_deploy/install/node_driver_msgs/include/node_driver_msgs/node_driver_msgs/msg\n'}
[1.122041] (node_driver_msgs) StdoutLine: {'line': b'-- Up-to-date: /data/rl_deploy/install/node_driver_msgs/include/node_driver_msgs/node_driver_msgs/msg/detail\n'}
[1.122142] (node_driver_msgs) StdoutLine: {'line': b'-- Up-to-date: /data/rl_deploy/install/node_driver_msgs/include/node_driver_msgs/node_driver_msgs/msg/detail/sensormsgstate__type_support.c\n'}
[1.122247] (node_driver_msgs) StdoutLine: {'line': b'-- Up-to-date: /data/rl_deploy/install/node_driver_msgs/include/node_driver_msgs/node_driver_msgs/msg/detail/sensormsgcontrol__rosidl_typesupport_introspection_c.h\n'}
[1.122349] (node_driver_msgs) StdoutLine: {'line': b'-- Up-to-date: /data/rl_deploy/install/node_driver_msgs/include/node_driver_msgs/node_driver_msgs/msg/detail/sensormsgcontrol__type_support.c\n'}
[1.122450] (node_driver_msgs) StdoutLine: {'line': b'-- Up-to-date: /data/rl_deploy/install/node_driver_msgs/include/node_driver_msgs/node_driver_msgs/msg/detail/sensormsgstate__rosidl_typesupport_introspection_c.h\n'}
[1.122577] (node_driver_msgs) StdoutLine: {'line': b'-- Up-to-date: /data/rl_deploy/install/node_driver_msgs/include/node_driver_msgs/node_driver_msgs/msg/rosidl_typesupport_introspection_c__visibility_control.h\n'}
[1.122675] (node_driver_msgs) StdoutLine: {'line': b'-- Up-to-date: /data/rl_deploy/install/node_driver_msgs/lib/libnode_driver_msgs__rosidl_typesupport_introspection_c.so\n'}
[1.122775] (node_driver_msgs) StdoutLine: {'line': b'-- Up-to-date: /data/rl_deploy/install/node_driver_msgs/lib/libnode_driver_msgs__rosidl_typesupport_c.so\n'}
[1.122873] (node_driver_msgs) StdoutLine: {'line': b'-- Up-to-date: /data/rl_deploy/install/node_driver_msgs/include/node_driver_msgs/node_driver_msgs\n'}
[1.122969] (node_driver_msgs) StdoutLine: {'line': b'-- Up-to-date: /data/rl_deploy/install/node_driver_msgs/include/node_driver_msgs/node_driver_msgs/msg\n'}
[1.123065] (node_driver_msgs) StdoutLine: {'line': b'-- Up-to-date: /data/rl_deploy/install/node_driver_msgs/include/node_driver_msgs/node_driver_msgs/msg/sensormsgcontrol.hpp\n'}
[1.123162] (node_driver_msgs) StdoutLine: {'line': b'-- Up-to-date: /data/rl_deploy/install/node_driver_msgs/include/node_driver_msgs/node_driver_msgs/msg/detail\n'}
[1.123260] (node_driver_msgs) StdoutLine: {'line': b'-- Up-to-date: /data/rl_deploy/install/node_driver_msgs/include/node_driver_msgs/node_driver_msgs/msg/detail/sensormsgstate__type_support.hpp\n'}
[1.123366] (node_driver_msgs) StdoutLine: {'line': b'-- Up-to-date: /data/rl_deploy/install/node_driver_msgs/include/node_driver_msgs/node_driver_msgs/msg/detail/sensormsgcontrol__traits.hpp\n'}
[1.123516] (node_driver_msgs) StdoutLine: {'line': b'-- Up-to-date: /data/rl_deploy/install/node_driver_msgs/include/node_driver_msgs/node_driver_msgs/msg/detail/sensormsgstate__struct.hpp\n'}
[1.123660] (node_driver_msgs) StdoutLine: {'line': b'-- Up-to-date: /data/rl_deploy/install/node_driver_msgs/include/node_driver_msgs/node_driver_msgs/msg/detail/sensormsgcontrol__builder.hpp\n'}
[1.123771] (node_driver_msgs) StdoutLine: {'line': b'-- Up-to-date: /data/rl_deploy/install/node_driver_msgs/include/node_driver_msgs/node_driver_msgs/msg/detail/sensormsgcontrol__struct.hpp\n'}
[1.123873] (node_driver_msgs) StdoutLine: {'line': b'-- Up-to-date: /data/rl_deploy/install/node_driver_msgs/include/node_driver_msgs/node_driver_msgs/msg/detail/sensormsgstate__traits.hpp\n'}
[1.123990] (node_driver_msgs) StdoutLine: {'line': b'-- Up-to-date: /data/rl_deploy/install/node_driver_msgs/include/node_driver_msgs/node_driver_msgs/msg/detail/sensormsgcontrol__type_support.hpp\n'}
[1.124092] (node_driver_msgs) StdoutLine: {'line': b'-- Up-to-date: /data/rl_deploy/install/node_driver_msgs/include/node_driver_msgs/node_driver_msgs/msg/detail/sensormsgstate__builder.hpp\n'}
[1.124193] (node_driver_msgs) StdoutLine: {'line': b'-- Up-to-date: /data/rl_deploy/install/node_driver_msgs/include/node_driver_msgs/node_driver_msgs/msg/sensormsgstate.hpp\n'}
[1.124298] (node_driver_msgs) StdoutLine: {'line': b'-- Up-to-date: /data/rl_deploy/install/node_driver_msgs/include/node_driver_msgs/node_driver_msgs/msg/rosidl_generator_cpp__visibility_control.hpp\n'}
[1.124396] (node_driver_msgs) StdoutLine: {'line': b'-- Up-to-date: /data/rl_deploy/install/node_driver_msgs/include/node_driver_msgs/node_driver_msgs\n'}
[1.124493] (node_driver_msgs) StdoutLine: {'line': b'-- Up-to-date: /data/rl_deploy/install/node_driver_msgs/include/node_driver_msgs/node_driver_msgs/msg\n'}
[1.124590] (node_driver_msgs) StdoutLine: {'line': b'-- Up-to-date: /data/rl_deploy/install/node_driver_msgs/include/node_driver_msgs/node_driver_msgs/msg/rosidl_typesupport_fastrtps_cpp__visibility_control.h\n'}
[1.124687] (node_driver_msgs) StdoutLine: {'line': b'-- Up-to-date: /data/rl_deploy/install/node_driver_msgs/include/node_driver_msgs/node_driver_msgs/msg/detail\n'}
[1.124785] (node_driver_msgs) StdoutLine: {'line': b'-- Up-to-date: /data/rl_deploy/install/node_driver_msgs/include/node_driver_msgs/node_driver_msgs/msg/detail/dds_fastrtps\n'}
[1.124922] (node_driver_msgs) StdoutLine: {'line': b'-- Up-to-date: /data/rl_deploy/install/node_driver_msgs/include/node_driver_msgs/node_driver_msgs/msg/detail/sensormsgcontrol__rosidl_typesupport_fastrtps_cpp.hpp\n'}
[1.125052] (node_driver_msgs) StdoutLine: {'line': b'-- Up-to-date: /data/rl_deploy/install/node_driver_msgs/include/node_driver_msgs/node_driver_msgs/msg/detail/sensormsgstate__rosidl_typesupport_fastrtps_cpp.hpp\n'}
[1.125167] (node_driver_msgs) StdoutLine: {'line': b'-- Up-to-date: /data/rl_deploy/install/node_driver_msgs/lib/libnode_driver_msgs__rosidl_typesupport_fastrtps_cpp.so\n'}
[1.125269] (node_driver_msgs) StdoutLine: {'line': b'-- Up-to-date: /data/rl_deploy/install/node_driver_msgs/include/node_driver_msgs/node_driver_msgs\n'}
[1.125367] (node_driver_msgs) StdoutLine: {'line': b'-- Up-to-date: /data/rl_deploy/install/node_driver_msgs/include/node_driver_msgs/node_driver_msgs/msg\n'}
[1.125507] (node_driver_msgs) StdoutLine: {'line': b'-- Up-to-date: /data/rl_deploy/install/node_driver_msgs/include/node_driver_msgs/node_driver_msgs/msg/detail\n'}
[1.125654] (node_driver_msgs) StdoutLine: {'line': b'-- Up-to-date: /data/rl_deploy/install/node_driver_msgs/include/node_driver_msgs/node_driver_msgs/msg/detail/sensormsgstate__rosidl_typesupport_introspection_cpp.hpp\n'}
[1.125794] (node_driver_msgs) StdoutLine: {'line': b'-- Up-to-date: /data/rl_deploy/install/node_driver_msgs/include/node_driver_msgs/node_driver_msgs/msg/detail/sensormsgstate__type_support.cpp\n'}
[1.125898] (node_driver_msgs) StdoutLine: {'line': b'-- Up-to-date: /data/rl_deploy/install/node_driver_msgs/include/node_driver_msgs/node_driver_msgs/msg/detail/sensormsgcontrol__rosidl_typesupport_introspection_cpp.hpp\n'}
[1.125998] (node_driver_msgs) StdoutLine: {'line': b'-- Up-to-date: /data/rl_deploy/install/node_driver_msgs/include/node_driver_msgs/node_driver_msgs/msg/detail/sensormsgcontrol__type_support.cpp\n'}
[1.126103] (node_driver_msgs) StdoutLine: {'line': b'-- Up-to-date: /data/rl_deploy/install/node_driver_msgs/lib/libnode_driver_msgs__rosidl_typesupport_introspection_cpp.so\n'}
[1.126200] (node_driver_msgs) StdoutLine: {'line': b'-- Up-to-date: /data/rl_deploy/install/node_driver_msgs/lib/libnode_driver_msgs__rosidl_typesupport_cpp.so\n'}
[1.126298] (node_driver_msgs) StdoutLine: {'line': b'-- Up-to-date: /data/rl_deploy/install/node_driver_msgs/share/node_driver_msgs/environment/pythonpath.sh\n'}
[1.126394] (node_driver_msgs) StdoutLine: {'line': b'-- Up-to-date: /data/rl_deploy/install/node_driver_msgs/share/node_driver_msgs/environment/pythonpath.dsv\n'}
[1.126490] (node_driver_msgs) StdoutLine: {'line': b'-- Up-to-date: /data/rl_deploy/install/node_driver_msgs/local/lib/python3.10/dist-packages/node_driver_msgs-0.0.0-py3.10.egg-info\n'}
[1.126590] (node_driver_msgs) StdoutLine: {'line': b'-- Installing: /data/rl_deploy/install/node_driver_msgs/local/lib/python3.10/dist-packages/node_driver_msgs-0.0.0-py3.10.egg-info/top_level.txt\n'}
[1.126687] (node_driver_msgs) StdoutLine: {'line': b'-- Installing: /data/rl_deploy/install/node_driver_msgs/local/lib/python3.10/dist-packages/node_driver_msgs-0.0.0-py3.10.egg-info/PKG-INFO\n'}
[1.126783] (node_driver_msgs) StdoutLine: {'line': b'-- Installing: /data/rl_deploy/install/node_driver_msgs/local/lib/python3.10/dist-packages/node_driver_msgs-0.0.0-py3.10.egg-info/SOURCES.txt\n'}
[1.126887] (node_driver_msgs) StdoutLine: {'line': b'-- Installing: /data/rl_deploy/install/node_driver_msgs/local/lib/python3.10/dist-packages/node_driver_msgs-0.0.0-py3.10.egg-info/dependency_links.txt\n'}
[1.126985] (node_driver_msgs) StdoutLine: {'line': b'-- Up-to-date: /data/rl_deploy/install/node_driver_msgs/local/lib/python3.10/dist-packages/node_driver_msgs\n'}
[1.127080] (node_driver_msgs) StdoutLine: {'line': b'-- Up-to-date: /data/rl_deploy/install/node_driver_msgs/local/lib/python3.10/dist-packages/node_driver_msgs/_node_driver_msgs_s.ep.rosidl_typesupport_c.c\n'}
[1.127195] (node_driver_msgs) StdoutLine: {'line': b'-- Up-to-date: /data/rl_deploy/install/node_driver_msgs/local/lib/python3.10/dist-packages/node_driver_msgs/node_driver_msgs_s__rosidl_typesupport_fastrtps_c.cpython-310-aarch64-linux-gnu.so\n'}
[1.127310] (node_driver_msgs) StdoutLine: {'line': b'-- Up-to-date: /data/rl_deploy/install/node_driver_msgs/local/lib/python3.10/dist-packages/node_driver_msgs/_node_driver_msgs_s.ep.rosidl_typesupport_introspection_c.c\n'}
[1.127415] (node_driver_msgs) StdoutLine: {'line': b'-- Up-to-date: /data/rl_deploy/install/node_driver_msgs/local/lib/python3.10/dist-packages/node_driver_msgs/libnode_driver_msgs__rosidl_generator_py.so\n'}
[1.127599] (node_driver_msgs) StdoutLine: {'line': b'-- Up-to-date: /data/rl_deploy/install/node_driver_msgs/local/lib/python3.10/dist-packages/node_driver_msgs/node_driver_msgs_s__rosidl_typesupport_c.cpython-310-aarch64-linux-gnu.so\n'}
[1.127720] (node_driver_msgs) StdoutLine: {'line': b'-- Up-to-date: /data/rl_deploy/install/node_driver_msgs/local/lib/python3.10/dist-packages/node_driver_msgs/__init__.py\n'}
[1.127831] (node_driver_msgs) StdoutLine: {'line': b'-- Up-to-date: /data/rl_deploy/install/node_driver_msgs/local/lib/python3.10/dist-packages/node_driver_msgs/node_driver_msgs_s__rosidl_typesupport_introspection_c.cpython-310-aarch64-linux-gnu.so\n'}
[1.127935] (node_driver_msgs) StdoutLine: {'line': b'-- Up-to-date: /data/rl_deploy/install/node_driver_msgs/local/lib/python3.10/dist-packages/node_driver_msgs/_node_driver_msgs_s.ep.rosidl_typesupport_fastrtps_c.c\n'}
[1.128035] (node_driver_msgs) StdoutLine: {'line': b'-- Up-to-date: /data/rl_deploy/install/node_driver_msgs/local/lib/python3.10/dist-packages/node_driver_msgs/msg\n'}
[1.128135] (node_driver_msgs) StdoutLine: {'line': b'-- Up-to-date: /data/rl_deploy/install/node_driver_msgs/local/lib/python3.10/dist-packages/node_driver_msgs/msg/__init__.py\n'}
[1.128261] (node_driver_msgs) StdoutLine: {'line': b'-- Up-to-date: /data/rl_deploy/install/node_driver_msgs/local/lib/python3.10/dist-packages/node_driver_msgs/msg/_sensormsgstate_s.c\n'}
[1.128361] (node_driver_msgs) StdoutLine: {'line': b'-- Up-to-date: /data/rl_deploy/install/node_driver_msgs/local/lib/python3.10/dist-packages/node_driver_msgs/msg/_sensormsgcontrol.py\n'}
[1.128460] (node_driver_msgs) StdoutLine: {'line': b'-- Up-to-date: /data/rl_deploy/install/node_driver_msgs/local/lib/python3.10/dist-packages/node_driver_msgs/msg/_sensormsgstate.py\n'}
[1.128559] (node_driver_msgs) StdoutLine: {'line': b'-- Up-to-date: /data/rl_deploy/install/node_driver_msgs/local/lib/python3.10/dist-packages/node_driver_msgs/msg/_sensormsgcontrol_s.c\n'}
[1.151527] (node_driver_msgs) StdoutLine: {'line': b"Listing '/data/rl_deploy/install/node_driver_msgs/local/lib/python3.10/dist-packages/node_driver_msgs'...\n"}
[1.151916] (node_driver_msgs) StdoutLine: {'line': b"Listing '/data/rl_deploy/install/node_driver_msgs/local/lib/python3.10/dist-packages/node_driver_msgs/msg'...\n"}
[1.159700] (node_control_msgs) StdoutLine: {'line': b"Listing '/data/rl_deploy/install/node_control_msgs/local/lib/python3.10/dist-packages/node_control_msgs'...\n"}
[1.160077] (node_control_msgs) StdoutLine: {'line': b"Listing '/data/rl_deploy/install/node_control_msgs/local/lib/python3.10/dist-packages/node_control_msgs/msg'...\n"}
[1.160311] (node_control_msgs) StdoutLine: {'line': b"Listing '/data/rl_deploy/install/node_control_msgs/local/lib/python3.10/dist-packages/node_control_msgs/srv'...\n"}
[1.161019] (node_driver_msgs) StdoutLine: {'line': b'-- Up-to-date: /data/rl_deploy/install/node_driver_msgs/local/lib/python3.10/dist-packages/node_driver_msgs/node_driver_msgs_s__rosidl_typesupport_fastrtps_c.cpython-310-aarch64-linux-gnu.so\n'}
[1.161599] (node_driver_msgs) StdoutLine: {'line': b'-- Up-to-date: /data/rl_deploy/install/node_driver_msgs/local/lib/python3.10/dist-packages/node_driver_msgs/node_driver_msgs_s__rosidl_typesupport_introspection_c.cpython-310-aarch64-linux-gnu.so\n'}
[1.162030] (node_driver_msgs) StdoutLine: {'line': b'-- Up-to-date: /data/rl_deploy/install/node_driver_msgs/local/lib/python3.10/dist-packages/node_driver_msgs/node_driver_msgs_s__rosidl_typesupport_c.cpython-310-aarch64-linux-gnu.so\n'}
[1.162613] (node_driver_msgs) StdoutLine: {'line': b'-- Up-to-date: /data/rl_deploy/install/node_driver_msgs/lib/libnode_driver_msgs__rosidl_generator_py.so\n'}
[1.162819] (node_driver_msgs) StdoutLine: {'line': b'-- Up-to-date: /data/rl_deploy/install/node_driver_msgs/share/ament_index/resource_index/rust_packages/node_driver_msgs\n'}
[1.163112] (node_driver_msgs) StdoutLine: {'line': b'-- Up-to-date: /data/rl_deploy/install/node_driver_msgs/share/node_driver_msgs/rust\n'}
[1.163275] (node_driver_msgs) StdoutLine: {'line': b'-- Up-to-date: /data/rl_deploy/install/node_driver_msgs/share/node_driver_msgs/rust/Cargo.toml\n'}
[1.163437] (node_driver_msgs) StdoutLine: {'line': b'-- Up-to-date: /data/rl_deploy/install/node_driver_msgs/share/node_driver_msgs/rust/src\n'}
[1.163681] (node_driver_msgs) StdoutLine: {'line': b'-- Up-to-date: /data/rl_deploy/install/node_driver_msgs/share/node_driver_msgs/rust/src/lib.rs\n'}
[1.163901] (node_driver_msgs) StdoutLine: {'line': b'-- Up-to-date: /data/rl_deploy/install/node_driver_msgs/share/node_driver_msgs/rust/src/msg.rs\n'}
[1.164082] (node_driver_msgs) StdoutLine: {'line': b'-- Up-to-date: /data/rl_deploy/install/node_driver_msgs/share/node_driver_msgs/rust/src/msg\n'}
[1.164250] (node_driver_msgs) StdoutLine: {'line': b'-- Up-to-date: /data/rl_deploy/install/node_driver_msgs/share/node_driver_msgs/rust/src/msg/rmw.rs\n'}
[1.164413] (node_driver_msgs) StdoutLine: {'line': b'-- Up-to-date: /data/rl_deploy/install/node_driver_msgs/share/node_driver_msgs/rust/build.rs\n'}
[1.164520] (node_driver_msgs) StdoutLine: {'line': b'-- Up-to-date: /data/rl_deploy/install/node_driver_msgs/share/node_driver_msgs/msg/Sensormsgcontrol.idl\n'}
[1.164644] (node_driver_msgs) StdoutLine: {'line': b'-- Up-to-date: /data/rl_deploy/install/node_driver_msgs/share/node_driver_msgs/msg/Sensormsgstate.idl\n'}
[1.164749] (node_driver_msgs) StdoutLine: {'line': b'-- Up-to-date: /data/rl_deploy/install/node_driver_msgs/share/node_driver_msgs/msg/Sensormsgcontrol.msg\n'}
[1.164912] (node_driver_msgs) StdoutLine: {'line': b'-- Up-to-date: /data/rl_deploy/install/node_driver_msgs/share/node_driver_msgs/msg/Sensormsgstate.msg\n'}
[1.165124] (node_driver_msgs) StdoutLine: {'line': b'-- Up-to-date: /data/rl_deploy/install/node_driver_msgs/share/ament_index/resource_index/package_run_dependencies/node_driver_msgs\n'}
[1.165294] (node_driver_msgs) StdoutLine: {'line': b'-- Up-to-date: /data/rl_deploy/install/node_driver_msgs/share/ament_index/resource_index/parent_prefix_path/node_driver_msgs\n'}
[1.165439] (node_driver_msgs) StdoutLine: {'line': b'-- Up-to-date: /data/rl_deploy/install/node_driver_msgs/share/node_driver_msgs/environment/ament_prefix_path.sh\n'}
[1.165670] (node_driver_msgs) StdoutLine: {'line': b'-- Up-to-date: /data/rl_deploy/install/node_driver_msgs/share/node_driver_msgs/environment/ament_prefix_path.dsv\n'}
[1.165847] (node_driver_msgs) StdoutLine: {'line': b'-- Up-to-date: /data/rl_deploy/install/node_driver_msgs/share/node_driver_msgs/environment/path.sh\n'}
[1.166005] (node_driver_msgs) StdoutLine: {'line': b'-- Up-to-date: /data/rl_deploy/install/node_driver_msgs/share/node_driver_msgs/environment/path.dsv\n'}
[1.166192] (node_driver_msgs) StdoutLine: {'line': b'-- Up-to-date: /data/rl_deploy/install/node_driver_msgs/share/node_driver_msgs/local_setup.bash\n'}
[1.166303] (node_driver_msgs) StdoutLine: {'line': b'-- Up-to-date: /data/rl_deploy/install/node_driver_msgs/share/node_driver_msgs/local_setup.sh\n'}
[1.166406] (node_driver_msgs) StdoutLine: {'line': b'-- Up-to-date: /data/rl_deploy/install/node_driver_msgs/share/node_driver_msgs/local_setup.zsh\n'}
[1.166547] (node_driver_msgs) StdoutLine: {'line': b'-- Up-to-date: /data/rl_deploy/install/node_driver_msgs/share/node_driver_msgs/local_setup.dsv\n'}
[1.166700] (node_driver_msgs) StdoutLine: {'line': b'-- Installing: /data/rl_deploy/install/node_driver_msgs/share/node_driver_msgs/package.dsv\n'}
[1.166846] (node_driver_msgs) StdoutLine: {'line': b'-- Up-to-date: /data/rl_deploy/install/node_driver_msgs/share/ament_index/resource_index/packages/node_driver_msgs\n'}
[1.167008] (node_driver_msgs) StdoutLine: {'line': b'-- Up-to-date: /data/rl_deploy/install/node_driver_msgs/share/node_driver_msgs/cmake/export_node_driver_msgs__rosidl_generator_cExport.cmake\n'}
[1.167178] (node_driver_msgs) StdoutLine: {'line': b'-- Up-to-date: /data/rl_deploy/install/node_driver_msgs/share/node_driver_msgs/cmake/export_node_driver_msgs__rosidl_generator_cExport-noconfig.cmake\n'}
[1.167345] (node_driver_msgs) StdoutLine: {'line': b'-- Up-to-date: /data/rl_deploy/install/node_driver_msgs/share/node_driver_msgs/cmake/export_node_driver_msgs__rosidl_typesupport_fastrtps_cExport.cmake\n'}
[1.167523] (node_driver_msgs) StdoutLine: {'line': b'-- Up-to-date: /data/rl_deploy/install/node_driver_msgs/share/node_driver_msgs/cmake/export_node_driver_msgs__rosidl_typesupport_fastrtps_cExport-noconfig.cmake\n'}
[1.167761] (node_driver_msgs) StdoutLine: {'line': b'-- Up-to-date: /data/rl_deploy/install/node_driver_msgs/share/node_driver_msgs/cmake/node_driver_msgs__rosidl_typesupport_introspection_cExport.cmake\n'}
[1.167884] (node_driver_msgs) StdoutLine: {'line': b'-- Up-to-date: /data/rl_deploy/install/node_driver_msgs/share/node_driver_msgs/cmake/node_driver_msgs__rosidl_typesupport_introspection_cExport-noconfig.cmake\n'}
[1.167997] (node_driver_msgs) StdoutLine: {'line': b'-- Up-to-date: /data/rl_deploy/install/node_driver_msgs/share/node_driver_msgs/cmake/node_driver_msgs__rosidl_typesupport_cExport.cmake\n'}
[1.168104] (node_driver_msgs) StdoutLine: {'line': b'-- Up-to-date: /data/rl_deploy/install/node_driver_msgs/share/node_driver_msgs/cmake/node_driver_msgs__rosidl_typesupport_cExport-noconfig.cmake\n'}
[1.168208] (node_driver_msgs) StdoutLine: {'line': b'-- Up-to-date: /data/rl_deploy/install/node_driver_msgs/share/node_driver_msgs/cmake/export_node_driver_msgs__rosidl_generator_cppExport.cmake\n'}
[1.168309] (node_driver_msgs) StdoutLine: {'line': b'-- Up-to-date: /data/rl_deploy/install/node_driver_msgs/share/node_driver_msgs/cmake/export_node_driver_msgs__rosidl_typesupport_fastrtps_cppExport.cmake\n'}
[1.168411] (node_driver_msgs) StdoutLine: {'line': b'-- Up-to-date: /data/rl_deploy/install/node_driver_msgs/share/node_driver_msgs/cmake/export_node_driver_msgs__rosidl_typesupport_fastrtps_cppExport-noconfig.cmake\n'}
[1.168512] (node_driver_msgs) StdoutLine: {'line': b'-- Up-to-date: /data/rl_deploy/install/node_driver_msgs/share/node_driver_msgs/cmake/node_driver_msgs__rosidl_typesupport_introspection_cppExport.cmake\n'}
[1.168614] (node_driver_msgs) StdoutLine: {'line': b'-- Up-to-date: /data/rl_deploy/install/node_driver_msgs/share/node_driver_msgs/cmake/node_driver_msgs__rosidl_typesupport_introspection_cppExport-noconfig.cmake\n'}
[1.168712] (node_driver_msgs) StdoutLine: {'line': b'-- Up-to-date: /data/rl_deploy/install/node_driver_msgs/share/node_driver_msgs/cmake/node_driver_msgs__rosidl_typesupport_cppExport.cmake\n'}
[1.168813] (node_driver_msgs) StdoutLine: {'line': b'-- Up-to-date: /data/rl_deploy/install/node_driver_msgs/share/node_driver_msgs/cmake/node_driver_msgs__rosidl_typesupport_cppExport-noconfig.cmake\n'}
[1.168926] (node_driver_msgs) StdoutLine: {'line': b'-- Up-to-date: /data/rl_deploy/install/node_driver_msgs/share/node_driver_msgs/cmake/export_node_driver_msgs__rosidl_generator_pyExport.cmake\n'}
[1.169063] (node_driver_msgs) StdoutLine: {'line': b'-- Up-to-date: /data/rl_deploy/install/node_driver_msgs/share/node_driver_msgs/cmake/export_node_driver_msgs__rosidl_generator_pyExport-noconfig.cmake\n'}
[1.169174] (node_driver_msgs) StdoutLine: {'line': b'-- Up-to-date: /data/rl_deploy/install/node_driver_msgs/share/node_driver_msgs/cmake/rosidl_cmake-extras.cmake\n'}
[1.169274] (node_driver_msgs) StdoutLine: {'line': b'-- Up-to-date: /data/rl_deploy/install/node_driver_msgs/share/node_driver_msgs/cmake/ament_cmake_export_dependencies-extras.cmake\n'}
[1.169373] (node_driver_msgs) StdoutLine: {'line': b'-- Up-to-date: /data/rl_deploy/install/node_driver_msgs/share/node_driver_msgs/cmake/ament_cmake_export_include_directories-extras.cmake\n'}
[1.169522] (node_driver_msgs) StdoutLine: {'line': b'-- Up-to-date: /data/rl_deploy/install/node_driver_msgs/share/node_driver_msgs/cmake/ament_cmake_export_libraries-extras.cmake\n'}
[1.169681] (node_driver_msgs) StdoutLine: {'line': b'-- Up-to-date: /data/rl_deploy/install/node_driver_msgs/share/node_driver_msgs/cmake/ament_cmake_export_targets-extras.cmake\n'}
[1.169795] (node_driver_msgs) StdoutLine: {'line': b'-- Up-to-date: /data/rl_deploy/install/node_driver_msgs/share/node_driver_msgs/cmake/rosidl_cmake_export_typesupport_targets-extras.cmake\n'}
[1.169900] (node_driver_msgs) StdoutLine: {'line': b'-- Up-to-date: /data/rl_deploy/install/node_driver_msgs/share/node_driver_msgs/cmake/rosidl_cmake_export_typesupport_libraries-extras.cmake\n'}
[1.170000] (node_driver_msgs) StdoutLine: {'line': b'-- Up-to-date: /data/rl_deploy/install/node_driver_msgs/share/node_driver_msgs/cmake/node_driver_msgsConfig.cmake\n'}
[1.170172] (node_driver_msgs) StdoutLine: {'line': b'-- Up-to-date: /data/rl_deploy/install/node_driver_msgs/share/node_driver_msgs/cmake/node_driver_msgsConfig-version.cmake\n'}
[1.170828] (node_driver_msgs) StdoutLine: {'line': b'-- Up-to-date: /data/rl_deploy/install/node_driver_msgs/share/node_driver_msgs/package.xml\n'}
[1.172106] (node_driver_msgs) CommandEnded: {'returncode': 0}
[1.173254] (node_control_msgs) StdoutLine: {'line': b'-- Up-to-date: /data/rl_deploy/install/node_control_msgs/local/lib/python3.10/dist-packages/node_control_msgs/node_control_msgs_s__rosidl_typesupport_fastrtps_c.cpython-310-aarch64-linux-gnu.so\n'}
[1.173920] (node_control_msgs) StdoutLine: {'line': b'-- Up-to-date: /data/rl_deploy/install/node_control_msgs/local/lib/python3.10/dist-packages/node_control_msgs/node_control_msgs_s__rosidl_typesupport_introspection_c.cpython-310-aarch64-linux-gnu.so\n'}
[1.174561] (node_control_msgs) StdoutLine: {'line': b'-- Up-to-date: /data/rl_deploy/install/node_control_msgs/local/lib/python3.10/dist-packages/node_control_msgs/node_control_msgs_s__rosidl_typesupport_c.cpython-310-aarch64-linux-gnu.so\n'}
[1.175089] (node_control_msgs) StdoutLine: {'line': b'-- Up-to-date: /data/rl_deploy/install/node_control_msgs/lib/libnode_control_msgs__rosidl_generator_py.so\n'}
[1.175385] (node_control_msgs) StdoutLine: {'line': b'-- Up-to-date: /data/rl_deploy/install/node_control_msgs/share/ament_index/resource_index/rust_packages/node_control_msgs\n'}
[1.176121] (node_control_msgs) StdoutLine: {'line': b'-- Up-to-date: /data/rl_deploy/install/node_control_msgs/share/node_control_msgs/rust\n'}
[1.176927] (node_control_msgs) StdoutLine: {'line': b'-- Up-to-date: /data/rl_deploy/install/node_control_msgs/share/node_control_msgs/rust/Cargo.toml\n'}
[1.178044] (node_control_msgs) StdoutLine: {'line': b'-- Up-to-date: /data/rl_deploy/install/node_control_msgs/share/node_control_msgs/rust/src\n'}
[1.178786] (node_control_msgs) StdoutLine: {'line': b'-- Up-to-date: /data/rl_deploy/install/node_control_msgs/share/node_control_msgs/rust/src/lib.rs\n'}
[1.179115] (node_control_msgs) StdoutLine: {'line': b'-- Up-to-date: /data/rl_deploy/install/node_control_msgs/share/node_control_msgs/rust/src/srv.rs\n'}
[1.179718] (node_control_msgs) StdoutLine: {'line': b'-- Up-to-date: /data/rl_deploy/install/node_control_msgs/share/node_control_msgs/rust/src/srv\n'}
[1.180100] (node_control_msgs) StdoutLine: {'line': b'-- Up-to-date: /data/rl_deploy/install/node_control_msgs/share/node_control_msgs/rust/src/srv/rmw.rs\n'}
[1.180639] (node_control_msgs) StdoutLine: {'line': b'-- Up-to-date: /data/rl_deploy/install/node_control_msgs/share/node_control_msgs/rust/src/msg.rs\n'}
[1.181048] (node_control_msgs) StdoutLine: {'line': b'-- Up-to-date: /data/rl_deploy/install/node_control_msgs/share/node_control_msgs/rust/src/msg\n'}
[1.181379] (node_control_msgs) StdoutLine: {'line': b'-- Up-to-date: /data/rl_deploy/install/node_control_msgs/share/node_control_msgs/rust/src/msg/rmw.rs\n'}
[1.181565] (node_control_msgs) StdoutLine: {'line': b'-- Up-to-date: /data/rl_deploy/install/node_control_msgs/share/node_control_msgs/rust/build.rs\n'}
[1.181893] (node_control_msgs) StdoutLine: {'line': b'-- Up-to-date: /data/rl_deploy/install/node_control_msgs/share/node_control_msgs/msg/MotorCommandFeedback.idl\n'}
[1.182161] (node_control_msgs) StdoutLine: {'line': b'-- Up-to-date: /data/rl_deploy/install/node_control_msgs/share/node_control_msgs/msg/MotorCommand.idl\n'}
[1.182366] (node_control_msgs) StdoutLine: {'line': b'-- Up-to-date: /data/rl_deploy/install/node_control_msgs/share/node_control_msgs/msg/MotorConfig.idl\n'}
[1.182615] (node_control_msgs) StdoutLine: {'line': b'-- Up-to-date: /data/rl_deploy/install/node_control_msgs/share/node_control_msgs/msg/MotorConfigDev.idl\n'}
[1.182752] (node_control_msgs) StdoutLine: {'line': b'-- Up-to-date: /data/rl_deploy/install/node_control_msgs/share/node_control_msgs/msg/MotorControl.idl\n'}
[1.183197] (node_control_msgs) StdoutLine: {'line': b'-- Up-to-date: /data/rl_deploy/install/node_control_msgs/share/node_control_msgs/msg/MotorFeedback.idl\n'}
[1.183479] (node_control_msgs) StdoutLine: {'line': b'-- Up-to-date: /data/rl_deploy/install/node_control_msgs/share/node_control_msgs/msg/MotorHealth.idl\n'}
[1.183731] (node_control_msgs) StdoutLine: {'line': b'-- Up-to-date: /data/rl_deploy/install/node_control_msgs/share/node_control_msgs/msg/MotorHealthState.idl\n'}
[1.183990] (node_control_msgs) StdoutLine: {'line': b'-- Up-to-date: /data/rl_deploy/install/node_control_msgs/share/node_control_msgs/msg/MotorInfo.idl\n'}
[1.184310] (node_control_msgs) StdoutLine: {'line': b'-- Up-to-date: /data/rl_deploy/install/node_control_msgs/share/node_control_msgs/msg/MotorInfoValue.idl\n'}
[1.184494] (node_control_msgs) StdoutLine: {'line': b'-- Up-to-date: /data/rl_deploy/install/node_control_msgs/share/node_control_msgs/srv/MotorConfigStatus.idl\n'}
[1.184727] (node_control_msgs) StdoutLine: {'line': b'-- Up-to-date: /data/rl_deploy/install/node_control_msgs/share/node_control_msgs/msg/MotorCommandFeedback.msg\n'}
[1.185081] (node_control_msgs) StdoutLine: {'line': b'-- Up-to-date: /data/rl_deploy/install/node_control_msgs/share/node_control_msgs/msg/MotorCommand.msg\n'}
[1.185265] (node_control_msgs) StdoutLine: {'line': b'-- Up-to-date: /data/rl_deploy/install/node_control_msgs/share/node_control_msgs/msg/MotorConfig.msg\n'}
[1.185575] (node_control_msgs) StdoutLine: {'line': b'-- Up-to-date: /data/rl_deploy/install/node_control_msgs/share/node_control_msgs/msg/MotorConfigDev.msg\n'}
[1.185771] (node_control_msgs) StdoutLine: {'line': b'-- Up-to-date: /data/rl_deploy/install/node_control_msgs/share/node_control_msgs/msg/MotorControl.msg\n'}
[1.186827] (node_control_msgs) StdoutLine: {'line': b'-- Up-to-date: /data/rl_deploy/install/node_control_msgs/share/node_control_msgs/msg/MotorFeedback.msg\n'}
[1.187011] (node_control_msgs) StdoutLine: {'line': b'-- Up-to-date: /data/rl_deploy/install/node_control_msgs/share/node_control_msgs/msg/MotorHealth.msg\n'}
[1.187201] (node_control_msgs) StdoutLine: {'line': b'-- Up-to-date: /data/rl_deploy/install/node_control_msgs/share/node_control_msgs/msg/MotorHealthState.msg\n'}
[1.187429] (node_control_msgs) StdoutLine: {'line': b'-- Up-to-date: /data/rl_deploy/install/node_control_msgs/share/node_control_msgs/msg/MotorInfo.msg\n'}
[1.187611] (node_control_msgs) StdoutLine: {'line': b'-- Up-to-date: /data/rl_deploy/install/node_control_msgs/share/node_control_msgs/msg/MotorInfoValue.msg\n'}
[1.187785] (node_control_msgs) StdoutLine: {'line': b'-- Up-to-date: /data/rl_deploy/install/node_control_msgs/share/node_control_msgs/srv/MotorConfigStatus.srv\n'}
[1.187944] (node_control_msgs) StdoutLine: {'line': b'-- Up-to-date: /data/rl_deploy/install/node_control_msgs/share/node_control_msgs/srv/MotorConfigStatus_Request.msg\n'}
[1.188111] (node_control_msgs) StdoutLine: {'line': b'-- Up-to-date: /data/rl_deploy/install/node_control_msgs/share/node_control_msgs/srv/MotorConfigStatus_Response.msg\n'}
[1.188288] (node_control_msgs) StdoutLine: {'line': b'-- Up-to-date: /data/rl_deploy/install/node_control_msgs/share/ament_index/resource_index/package_run_dependencies/node_control_msgs\n'}
[1.188452] (node_control_msgs) StdoutLine: {'line': b'-- Up-to-date: /data/rl_deploy/install/node_control_msgs/share/ament_index/resource_index/parent_prefix_path/node_control_msgs\n'}
[1.188622] (node_control_msgs) StdoutLine: {'line': b'-- Up-to-date: /data/rl_deploy/install/node_control_msgs/share/node_control_msgs/environment/ament_prefix_path.sh\n'}
[1.188785] (node_control_msgs) StdoutLine: {'line': b'-- Up-to-date: /data/rl_deploy/install/node_control_msgs/share/node_control_msgs/environment/ament_prefix_path.dsv\n'}
[1.188949] (node_control_msgs) StdoutLine: {'line': b'-- Up-to-date: /data/rl_deploy/install/node_control_msgs/share/node_control_msgs/environment/path.sh\n'}
[1.189136] (node_control_msgs) StdoutLine: {'line': b'-- Up-to-date: /data/rl_deploy/install/node_control_msgs/share/node_control_msgs/environment/path.dsv\n'}
[1.189300] (node_control_msgs) StdoutLine: {'line': b'-- Up-to-date: /data/rl_deploy/install/node_control_msgs/share/node_control_msgs/local_setup.bash\n'}
[1.189444] (node_control_msgs) StdoutLine: {'line': b'-- Up-to-date: /data/rl_deploy/install/node_control_msgs/share/node_control_msgs/local_setup.sh\n'}
[1.189617] (node_control_msgs) StdoutLine: {'line': b'-- Up-to-date: /data/rl_deploy/install/node_control_msgs/share/node_control_msgs/local_setup.zsh\n'}
[1.189903] (node_control_msgs) StdoutLine: {'line': b'-- Up-to-date: /data/rl_deploy/install/node_control_msgs/share/node_control_msgs/local_setup.dsv\n'}
[1.190071] (node_control_msgs) StdoutLine: {'line': b'-- Installing: /data/rl_deploy/install/node_control_msgs/share/node_control_msgs/package.dsv\n'}
[1.190202] (node_control_msgs) StdoutLine: {'line': b'-- Up-to-date: /data/rl_deploy/install/node_control_msgs/share/ament_index/resource_index/packages/node_control_msgs\n'}
[1.190331] (node_control_msgs) StdoutLine: {'line': b'-- Up-to-date: /data/rl_deploy/install/node_control_msgs/share/node_control_msgs/cmake/export_node_control_msgs__rosidl_generator_cExport.cmake\n'}
[1.190461] (node_control_msgs) StdoutLine: {'line': b'-- Up-to-date: /data/rl_deploy/install/node_control_msgs/share/node_control_msgs/cmake/export_node_control_msgs__rosidl_generator_cExport-noconfig.cmake\n'}
[1.190592] (node_control_msgs) StdoutLine: {'line': b'-- Up-to-date: /data/rl_deploy/install/node_control_msgs/share/node_control_msgs/cmake/export_node_control_msgs__rosidl_typesupport_fastrtps_cExport.cmake\n'}
[1.190712] (node_control_msgs) StdoutLine: {'line': b'-- Up-to-date: /data/rl_deploy/install/node_control_msgs/share/node_control_msgs/cmake/export_node_control_msgs__rosidl_typesupport_fastrtps_cExport-noconfig.cmake\n'}
[1.190837] (node_control_msgs) StdoutLine: {'line': b'-- Up-to-date: /data/rl_deploy/install/node_control_msgs/share/node_control_msgs/cmake/node_control_msgs__rosidl_typesupport_introspection_cExport.cmake\n'}
[1.190970] (node_control_msgs) StdoutLine: {'line': b'-- Up-to-date: /data/rl_deploy/install/node_control_msgs/share/node_control_msgs/cmake/node_control_msgs__rosidl_typesupport_introspection_cExport-noconfig.cmake\n'}
[1.191138] (node_control_msgs) StdoutLine: {'line': b'-- Up-to-date: /data/rl_deploy/install/node_control_msgs/share/node_control_msgs/cmake/node_control_msgs__rosidl_typesupport_cExport.cmake\n'}
[1.191258] (node_control_msgs) StdoutLine: {'line': b'-- Up-to-date: /data/rl_deploy/install/node_control_msgs/share/node_control_msgs/cmake/node_control_msgs__rosidl_typesupport_cExport-noconfig.cmake\n'}
[1.191388] (node_control_msgs) StdoutLine: {'line': b'-- Up-to-date: /data/rl_deploy/install/node_control_msgs/share/node_control_msgs/cmake/export_node_control_msgs__rosidl_generator_cppExport.cmake\n'}
[1.191499] (node_control_msgs) StdoutLine: {'line': b'-- Up-to-date: /data/rl_deploy/install/node_control_msgs/share/node_control_msgs/cmake/export_node_control_msgs__rosidl_typesupport_fastrtps_cppExport.cmake\n'}
[1.191655] (node_control_msgs) StdoutLine: {'line': b'-- Up-to-date: /data/rl_deploy/install/node_control_msgs/share/node_control_msgs/cmake/export_node_control_msgs__rosidl_typesupport_fastrtps_cppExport-noconfig.cmake\n'}
[1.191821] (node_control_msgs) StdoutLine: {'line': b'-- Up-to-date: /data/rl_deploy/install/node_control_msgs/share/node_control_msgs/cmake/node_control_msgs__rosidl_typesupport_introspection_cppExport.cmake\n'}
[1.191948] (node_control_msgs) StdoutLine: {'line': b'-- Up-to-date: /data/rl_deploy/install/node_control_msgs/share/node_control_msgs/cmake/node_control_msgs__rosidl_typesupport_introspection_cppExport-noconfig.cmake\n'}
[1.192077] (node_control_msgs) StdoutLine: {'line': b'-- Up-to-date: /data/rl_deploy/install/node_control_msgs/share/node_control_msgs/cmake/node_control_msgs__rosidl_typesupport_cppExport.cmake\n'}
[1.192216] (node_control_msgs) StdoutLine: {'line': b'-- Up-to-date: /data/rl_deploy/install/node_control_msgs/share/node_control_msgs/cmake/node_control_msgs__rosidl_typesupport_cppExport-noconfig.cmake\n'}
[1.192354] (node_control_msgs) StdoutLine: {'line': b'-- Up-to-date: /data/rl_deploy/install/node_control_msgs/share/node_control_msgs/cmake/export_node_control_msgs__rosidl_generator_pyExport.cmake\n'}
[1.192484] (node_control_msgs) StdoutLine: {'line': b'-- Up-to-date: /data/rl_deploy/install/node_control_msgs/share/node_control_msgs/cmake/export_node_control_msgs__rosidl_generator_pyExport-noconfig.cmake\n'}
[1.192642] (node_control_msgs) StdoutLine: {'line': b'-- Up-to-date: /data/rl_deploy/install/node_control_msgs/share/node_control_msgs/cmake/rosidl_cmake-extras.cmake\n'}
[1.192779] (node_control_msgs) StdoutLine: {'line': b'-- Up-to-date: /data/rl_deploy/install/node_control_msgs/share/node_control_msgs/cmake/ament_cmake_export_dependencies-extras.cmake\n'}
[1.192911] (node_control_msgs) StdoutLine: {'line': b'-- Up-to-date: /data/rl_deploy/install/node_control_msgs/share/node_control_msgs/cmake/ament_cmake_export_include_directories-extras.cmake\n'}
[1.193119] (node_control_msgs) StdoutLine: {'line': b'-- Up-to-date: /data/rl_deploy/install/node_control_msgs/share/node_control_msgs/cmake/ament_cmake_export_libraries-extras.cmake\n'}
[1.193258] (node_control_msgs) StdoutLine: {'line': b'-- Up-to-date: /data/rl_deploy/install/node_control_msgs/share/node_control_msgs/cmake/ament_cmake_export_targets-extras.cmake\n'}
[1.193380] (node_control_msgs) StdoutLine: {'line': b'-- Up-to-date: /data/rl_deploy/install/node_control_msgs/share/node_control_msgs/cmake/rosidl_cmake_export_typesupport_targets-extras.cmake\n'}
[1.193489] (node_control_msgs) StdoutLine: {'line': b'-- Up-to-date: /data/rl_deploy/install/node_control_msgs/share/node_control_msgs/cmake/rosidl_cmake_export_typesupport_libraries-extras.cmake\n'}
[1.193633] (node_control_msgs) StdoutLine: {'line': b'-- Up-to-date: /data/rl_deploy/install/node_control_msgs/share/node_control_msgs/cmake/node_control_msgsConfig.cmake\n'}
[1.193770] (node_control_msgs) StdoutLine: {'line': b'-- Up-to-date: /data/rl_deploy/install/node_control_msgs/share/node_control_msgs/cmake/node_control_msgsConfig-version.cmake\n'}
[1.193905] (node_control_msgs) StdoutLine: {'line': b'-- Up-to-date: /data/rl_deploy/install/node_control_msgs/share/node_control_msgs/package.xml\n'}
[1.202437] (-) TimerEvent: {}
[1.223471] (node_driver_msgs) JobEnded: {'identifier': 'node_driver_msgs', 'rc': 0}
[1.225204] (node_control_msgs) CommandEnded: {'returncode': 0}
[1.254482] (node_control_msgs) JobEnded: {'identifier': 'node_control_msgs', 'rc': 0}
[1.256211] (robot_msgs) JobStarted: {'identifier': 'robot_msgs'}
[1.261096] (node_app_msgs) JobStarted: {'identifier': 'node_app_msgs'}
[1.266704] (robot_msgs) JobProgress: {'identifier': 'robot_msgs', 'progress': 'cmake'}
[1.267916] (robot_msgs) JobProgress: {'identifier': 'robot_msgs', 'progress': 'build'}
[1.268518] (robot_msgs) Command: {'cmd': ['/usr/local/bin/cmake', '--build', '/data/rl_deploy/build/robot_msgs', '--', '-j8', '-l8'], 'cwd': '/data/rl_deploy/build/robot_msgs', 'env': OrderedDict([('LESSOPEN', '| /usr/bin/lesspipe %s'), ('USER', 'root'), ('SSH_CLIENT', '192.168.8.113 50272 22'), ('LC_TIME', 'zh_CN.UTF-8'), ('XDG_SESSION_TYPE', 'tty'), ('GIT_ASKPASS', '/root/.vscode-server/cli/servers/Stable-61b3d0ab13be7dda2389f1d3e60a119c7f660cc3/server/extensions/git/dist/askpass.sh'), ('SHLVL', '2'), ('LD_LIBRARY_PATH', '/data/rl_deploy/install/node_control_msgs/lib:/opt/ros/humble/lib/aarch64-linux-gnu:/opt/ros/humble/lib:/app/lib:/app/lib:/usr/local/cuda-12/lib64:/usr/local/cuda-12/lib64:/usr/local/cuda-12/lib64'), ('BROWSER', '/root/.vscode-server/cli/servers/Stable-61b3d0ab13be7dda2389f1d3e60a119c7f660cc3/server/bin/helpers/browser.sh'), ('LYOS_LOCALHOST_ONLY', '1'), ('MOTD_SHOWN', 'pam'), ('HOME', '/root'), ('OLDPWD', '/root/.vscode-server'), ('TERM_PROGRAM_VERSION', '1.110.1'), ('VSCODE_IPC_HOOK_CLI', '/run/user/0/vscode-ipc-2d12e5c4-ef4a-4996-a4ea-3ebfab8c4620.sock'), ('JETSON_L4T', '36.4.4'), ('ROS_PYTHON_VERSION', '3'), ('JETSON_MODEL', 'NVIDIA Jetson Orin NX Engineering Reference Developer Kit Super'), ('VSCODE_GIT_ASKPASS_MAIN', '/root/.vscode-server/cli/servers/Stable-61b3d0ab13be7dda2389f1d3e60a119c7f660cc3/server/extensions/git/dist/askpass-main.js'), ('LC_MONETARY', 'zh_CN.UTF-8'), ('VSCODE_GIT_ASKPASS_NODE', '/root/.vscode-server/cli/servers/Stable-61b3d0ab13be7dda2389f1d3e60a119c7f660cc3/server/node'), ('VSCODE_PYTHON_AUTOACTIVATE_GUARD', '1'), ('DBUS_SESSION_BUS_ADDRESS', 'unix:path=/run/user/0/bus'), ('COLORTERM', 'truecolor'), ('LYOS_DOMAIN_ID', '18:45:b3:02:00:08'), ('DEBUGINFOD_URLS', ''), ('ROS_DISTRO', 'humble'), ('LOGNAME', 'root'), ('JETSON_MODULE', 'NVIDIA Jetson Orin NX (16GB ram)'), ('JETSON_SERIAL_NUMBER', 'DummySN'), ('_', '/usr/bin/colcon'), ('ROS_VERSION', '2'), ('XDG_SESSION_CLASS', 'user'), ('TERM', 'xterm-256color'), ('XDG_SESSION_ID', '5'), ('ROS_LOCALHOST_ONLY', '1'), ('PATH', '/root/.vscode-server/cli/servers/Stable-61b3d0ab13be7dda2389f1d3e60a119c7f660cc3/server/bin/remote-cli:/opt/ros/humble/bin:/usr/local/sbin:/usr/local/bin:/usr/sbin:/usr/bin:/sbin:/bin:/usr/games:/usr/local/games:/snap/bin:/app/bin:/app/bin:/usr/local/cuda-12/bin:/usr/local/cuda-12/bin:/usr/local/cuda-12/bin'), ('LC_ADDRESS', 'zh_CN.UTF-8'), ('XDG_RUNTIME_DIR', '/run/user/0'), ('LANG', 'en_US.UTF-8'), ('LC_TELEPHONE', 'zh_CN.UTF-8'), ('LS_COLORS', 'rs=0:di=01;34:ln=01;36:mh=00:pi=40;33:so=01;35:do=01;35:bd=40;33;01:cd=40;33;01:or=40;31;01:mi=00:su=37;41:sg=30;43:ca=30;41:tw=30;42:ow=34;42:st=37;44:ex=01;32:*.tar=01;31:*.tgz=01;31:*.arc=01;31:*.arj=01;31:*.taz=01;31:*.lha=01;31:*.lz4=01;31:*.lzh=01;31:*.lzma=01;31:*.tlz=01;31:*.txz=01;31:*.tzo=01;31:*.t7z=01;31:*.zip=01;31:*.z=01;31:*.dz=01;31:*.gz=01;31:*.lrz=01;31:*.lz=01;31:*.lzo=01;31:*.xz=01;31:*.zst=01;31:*.tzst=01;31:*.bz2=01;31:*.bz=01;31:*.tbz=01;31:*.tbz2=01;31:*.tz=01;31:*.deb=01;31:*.rpm=01;31:*.jar=01;31:*.war=01;31:*.ear=01;31:*.sar=01;31:*.rar=01;31:*.alz=01;31:*.ace=01;31:*.zoo=01;31:*.cpio=01;31:*.7z=01;31:*.rz=01;31:*.cab=01;31:*.wim=01;31:*.swm=01;31:*.dwm=01;31:*.esd=01;31:*.jpg=01;35:*.jpeg=01;35:*.mjpg=01;35:*.mjpeg=01;35:*.gif=01;35:*.bmp=01;35:*.pbm=01;35:*.pgm=01;35:*.ppm=01;35:*.tga=01;35:*.xbm=01;35:*.xpm=01;35:*.tif=01;35:*.tiff=01;35:*.png=01;35:*.svg=01;35:*.svgz=01;35:*.mng=01;35:*.pcx=01;35:*.mov=01;35:*.mpg=01;35:*.mpeg=01;35:*.m2v=01;35:*.mkv=01;35:*.webm=01;35:*.webp=01;35:*.ogm=01;35:*.mp4=01;35:*.m4v=01;35:*.mp4v=01;35:*.vob=01;35:*.qt=01;35:*.nuv=01;35:*.wmv=01;35:*.asf=01;35:*.rm=01;35:*.rmvb=01;35:*.flc=01;35:*.avi=01;35:*.fli=01;35:*.flv=01;35:*.gl=01;35:*.dl=01;35:*.xcf=01;35:*.xwd=01;35:*.yuv=01;35:*.cgm=01;35:*.emf=01;35:*.ogv=01;35:*.ogx=01;35:*.aac=00;36:*.au=00;36:*.flac=00;36:*.m4a=00;36:*.mid=00;36:*.midi=00;36:*.mka=00;36:*.mp3=00;36:*.mpc=00;36:*.ogg=00;36:*.ra=00;36:*.wav=00;36:*.oga=00;36:*.opus=00;36:*.spx=00;36:*.xspf=00;36:'), ('JETSON_SOC', 'tegra234'), ('VSCODE_GIT_IPC_HANDLE', '/run/user/0/vscode-git-994ffc2805.sock'), ('TERM_PROGRAM', 'vscode'), ('ROSDISTRO_INDEX_URL', 'https://mirrors.tuna.tsinghua.edu.cn/rosdistro/index_v4.yaml'), ('ROS_DOMAIN_ID', '193'), ('AMENT_PREFIX_PATH', '/data/rl_deploy/install/node_control_msgs:/opt/ros/humble'), ('SHELL', '/bin/bash'), ('LC_NAME', 'zh_CN.UTF-8'), ('LESSCLOSE', '/usr/bin/lesspipe %s %s'), ('LC_MEASUREMENT', 'zh_CN.UTF-8'), ('LC_IDENTIFICATION', 'zh_CN.UTF-8'), ('VSCODE_GIT_ASKPASS_EXTRA_ARGS', ''), ('JETSON_CUDA_ARCH_BIN', '8.7'), ('PWD', '/data/rl_deploy/build/robot_msgs'), ('LC_ALL', 'en_US.UTF-8'), ('SSH_CONNECTION', '192.168.8.113 50272 192.168.8.111 22'), ('XDG_DATA_DIRS', '/usr/share/gnome:/usr/local/share:/usr/share:/var/lib/snapd/desktop'), ('PYTHONPATH', '/data/rl_deploy/install/node_control_msgs/local/lib/python3.10/dist-packages:/opt/ros/humble/lib/python3.10/site-packages:/opt/ros/humble/local/lib/python3.10/dist-packages'), ('LC_NUMERIC', 'zh_CN.UTF-8'), ('LC_PAPER', 'zh_CN.UTF-8'), ('COLCON', '1'), ('JETSON_JETPACK', '6.2.1'), ('JETSON_P_NUMBER', 'p3767-0000'), ('CMAKE_PREFIX_PATH', '/data/rl_deploy/install/node_control_msgs:/opt/ros/humble')]), 'shell': False}
[1.273845] (node_app_msgs) JobProgress: {'identifier': 'node_app_msgs', 'progress': 'cmake'}
[1.275295] (node_app_msgs) JobProgress: {'identifier': 'node_app_msgs', 'progress': 'build'}
[1.275837] (node_app_msgs) Command: {'cmd': ['/usr/local/bin/cmake', '--build', '/data/rl_deploy/build/node_app_msgs', '--', '-j8', '-l8'], 'cwd': '/data/rl_deploy/build/node_app_msgs', 'env': OrderedDict([('LESSOPEN', '| /usr/bin/lesspipe %s'), ('USER', 'root'), ('SSH_CLIENT', '192.168.8.113 50272 22'), ('LC_TIME', 'zh_CN.UTF-8'), ('XDG_SESSION_TYPE', 'tty'), ('GIT_ASKPASS', '/root/.vscode-server/cli/servers/Stable-61b3d0ab13be7dda2389f1d3e60a119c7f660cc3/server/extensions/git/dist/askpass.sh'), ('SHLVL', '2'), ('LD_LIBRARY_PATH', '/data/rl_deploy/install/node_control_msgs/lib:/opt/ros/humble/lib/aarch64-linux-gnu:/opt/ros/humble/lib:/app/lib:/app/lib:/usr/local/cuda-12/lib64:/usr/local/cuda-12/lib64:/usr/local/cuda-12/lib64'), ('BROWSER', '/root/.vscode-server/cli/servers/Stable-61b3d0ab13be7dda2389f1d3e60a119c7f660cc3/server/bin/helpers/browser.sh'), ('LYOS_LOCALHOST_ONLY', '1'), ('MOTD_SHOWN', 'pam'), ('HOME', '/root'), ('OLDPWD', '/root/.vscode-server'), ('TERM_PROGRAM_VERSION', '1.110.1'), ('VSCODE_IPC_HOOK_CLI', '/run/user/0/vscode-ipc-2d12e5c4-ef4a-4996-a4ea-3ebfab8c4620.sock'), ('JETSON_L4T', '36.4.4'), ('ROS_PYTHON_VERSION', '3'), ('JETSON_MODEL', 'NVIDIA Jetson Orin NX Engineering Reference Developer Kit Super'), ('VSCODE_GIT_ASKPASS_MAIN', '/root/.vscode-server/cli/servers/Stable-61b3d0ab13be7dda2389f1d3e60a119c7f660cc3/server/extensions/git/dist/askpass-main.js'), ('LC_MONETARY', 'zh_CN.UTF-8'), ('VSCODE_GIT_ASKPASS_NODE', '/root/.vscode-server/cli/servers/Stable-61b3d0ab13be7dda2389f1d3e60a119c7f660cc3/server/node'), ('VSCODE_PYTHON_AUTOACTIVATE_GUARD', '1'), ('DBUS_SESSION_BUS_ADDRESS', 'unix:path=/run/user/0/bus'), ('COLORTERM', 'truecolor'), ('LYOS_DOMAIN_ID', '18:45:b3:02:00:08'), ('DEBUGINFOD_URLS', ''), ('ROS_DISTRO', 'humble'), ('LOGNAME', 'root'), ('JETSON_MODULE', 'NVIDIA Jetson Orin NX (16GB ram)'), ('JETSON_SERIAL_NUMBER', 'DummySN'), ('_', '/usr/bin/colcon'), ('ROS_VERSION', '2'), ('XDG_SESSION_CLASS', 'user'), ('TERM', 'xterm-256color'), ('XDG_SESSION_ID', '5'), ('ROS_LOCALHOST_ONLY', '1'), ('PATH', '/root/.vscode-server/cli/servers/Stable-61b3d0ab13be7dda2389f1d3e60a119c7f660cc3/server/bin/remote-cli:/opt/ros/humble/bin:/usr/local/sbin:/usr/local/bin:/usr/sbin:/usr/bin:/sbin:/bin:/usr/games:/usr/local/games:/snap/bin:/app/bin:/app/bin:/usr/local/cuda-12/bin:/usr/local/cuda-12/bin:/usr/local/cuda-12/bin'), ('LC_ADDRESS', 'zh_CN.UTF-8'), ('XDG_RUNTIME_DIR', '/run/user/0'), ('LANG', 'en_US.UTF-8'), ('LC_TELEPHONE', 'zh_CN.UTF-8'), ('LS_COLORS', 'rs=0:di=01;34:ln=01;36:mh=00:pi=40;33:so=01;35:do=01;35:bd=40;33;01:cd=40;33;01:or=40;31;01:mi=00:su=37;41:sg=30;43:ca=30;41:tw=30;42:ow=34;42:st=37;44:ex=01;32:*.tar=01;31:*.tgz=01;31:*.arc=01;31:*.arj=01;31:*.taz=01;31:*.lha=01;31:*.lz4=01;31:*.lzh=01;31:*.lzma=01;31:*.tlz=01;31:*.txz=01;31:*.tzo=01;31:*.t7z=01;31:*.zip=01;31:*.z=01;31:*.dz=01;31:*.gz=01;31:*.lrz=01;31:*.lz=01;31:*.lzo=01;31:*.xz=01;31:*.zst=01;31:*.tzst=01;31:*.bz2=01;31:*.bz=01;31:*.tbz=01;31:*.tbz2=01;31:*.tz=01;31:*.deb=01;31:*.rpm=01;31:*.jar=01;31:*.war=01;31:*.ear=01;31:*.sar=01;31:*.rar=01;31:*.alz=01;31:*.ace=01;31:*.zoo=01;31:*.cpio=01;31:*.7z=01;31:*.rz=01;31:*.cab=01;31:*.wim=01;31:*.swm=01;31:*.dwm=01;31:*.esd=01;31:*.jpg=01;35:*.jpeg=01;35:*.mjpg=01;35:*.mjpeg=01;35:*.gif=01;35:*.bmp=01;35:*.pbm=01;35:*.pgm=01;35:*.ppm=01;35:*.tga=01;35:*.xbm=01;35:*.xpm=01;35:*.tif=01;35:*.tiff=01;35:*.png=01;35:*.svg=01;35:*.svgz=01;35:*.mng=01;35:*.pcx=01;35:*.mov=01;35:*.mpg=01;35:*.mpeg=01;35:*.m2v=01;35:*.mkv=01;35:*.webm=01;35:*.webp=01;35:*.ogm=01;35:*.mp4=01;35:*.m4v=01;35:*.mp4v=01;35:*.vob=01;35:*.qt=01;35:*.nuv=01;35:*.wmv=01;35:*.asf=01;35:*.rm=01;35:*.rmvb=01;35:*.flc=01;35:*.avi=01;35:*.fli=01;35:*.flv=01;35:*.gl=01;35:*.dl=01;35:*.xcf=01;35:*.xwd=01;35:*.yuv=01;35:*.cgm=01;35:*.emf=01;35:*.ogv=01;35:*.ogx=01;35:*.aac=00;36:*.au=00;36:*.flac=00;36:*.m4a=00;36:*.mid=00;36:*.midi=00;36:*.mka=00;36:*.mp3=00;36:*.mpc=00;36:*.ogg=00;36:*.ra=00;36:*.wav=00;36:*.oga=00;36:*.opus=00;36:*.spx=00;36:*.xspf=00;36:'), ('JETSON_SOC', 'tegra234'), ('VSCODE_GIT_IPC_HANDLE', '/run/user/0/vscode-git-994ffc2805.sock'), ('TERM_PROGRAM', 'vscode'), ('ROSDISTRO_INDEX_URL', 'https://mirrors.tuna.tsinghua.edu.cn/rosdistro/index_v4.yaml'), ('ROS_DOMAIN_ID', '193'), ('AMENT_PREFIX_PATH', '/data/rl_deploy/install/node_control_msgs:/opt/ros/humble'), ('SHELL', '/bin/bash'), ('LC_NAME', 'zh_CN.UTF-8'), ('LESSCLOSE', '/usr/bin/lesspipe %s %s'), ('LC_MEASUREMENT', 'zh_CN.UTF-8'), ('LC_IDENTIFICATION', 'zh_CN.UTF-8'), ('VSCODE_GIT_ASKPASS_EXTRA_ARGS', ''), ('JETSON_CUDA_ARCH_BIN', '8.7'), ('PWD', '/data/rl_deploy/build/node_app_msgs'), ('LC_ALL', 'en_US.UTF-8'), ('SSH_CONNECTION', '192.168.8.113 50272 192.168.8.111 22'), ('XDG_DATA_DIRS', '/usr/share/gnome:/usr/local/share:/usr/share:/var/lib/snapd/desktop'), ('PYTHONPATH', '/data/rl_deploy/install/node_control_msgs/local/lib/python3.10/dist-packages:/opt/ros/humble/lib/python3.10/site-packages:/opt/ros/humble/local/lib/python3.10/dist-packages'), ('LC_NUMERIC', 'zh_CN.UTF-8'), ('LC_PAPER', 'zh_CN.UTF-8'), ('COLCON', '1'), ('JETSON_JETPACK', '6.2.1'), ('JETSON_P_NUMBER', 'p3767-0000'), ('CMAKE_PREFIX_PATH', '/data/rl_deploy/install/node_control_msgs:/opt/ros/humble')]), 'shell': False}
[1.302608] (-) TimerEvent: {}
[1.403085] (-) TimerEvent: {}
[1.449965] (robot_msgs) StdoutLine: {'line': b'[  3%] Built target robot_msgs__cpp\n'}
[1.451100] (robot_msgs) StdoutLine: {'line': b'[  6%] Built target robot_msgs__rs\n'}
[1.458935] (robot_msgs) StdoutLine: {'line': b'[ 15%] Built target robot_msgs__rosidl_generator_c\n'}
[1.466151] (node_app_msgs) StdoutLine: {'line': b'[  1%] Built target node_app_msgs__cpp\n'}
[1.471140] (robot_msgs) StdoutLine: {'line': b'[ 15%] Built target ament_cmake_python_copy_robot_msgs\n'}
[1.474570] (node_app_msgs) StdoutLine: {'line': b'[ 12%] Built target node_app_msgs__rosidl_generator_c\n'}
[1.475007] (node_app_msgs) StdoutLine: {'line': b'[ 13%] Built target node_app_msgs__rs\n'}
[1.500954] (node_app_msgs) StdoutLine: {'line': b'[ 13%] Built target ament_cmake_python_copy_node_app_msgs\n'}
[1.501653] (robot_msgs) StdoutLine: {'line': b'[ 25%] Built target robot_msgs__rosidl_typesupport_introspection_cpp\n'}
[1.503214] (-) TimerEvent: {}
[1.504762] (robot_msgs) StdoutLine: {'line': b'[ 34%] Built target robot_msgs__rosidl_typesupport_fastrtps_cpp\n'}
[1.507856] (robot_msgs) StdoutLine: {'line': b'[ 43%] Built target robot_msgs__rosidl_typesupport_introspection_c\n'}
[1.512311] (node_app_msgs) StdoutLine: {'line': b'[ 25%] Built target node_app_msgs__rosidl_typesupport_fastrtps_cpp\n'}
[1.513486] (robot_msgs) StdoutLine: {'line': b'[ 53%] Built target robot_msgs__rosidl_typesupport_fastrtps_c\n'}
[1.513890] (robot_msgs) StdoutLine: {'line': b'[ 62%] Built target robot_msgs__rosidl_typesupport_c\n'}
[1.514466] (node_app_msgs) StdoutLine: {'line': b'[ 36%] Built target node_app_msgs__rosidl_typesupport_cpp\n'}
[1.518950] (robot_msgs) StdoutLine: {'line': b'[ 71%] Built target robot_msgs__rosidl_typesupport_cpp\n'}
[1.532303] (node_app_msgs) StdoutLine: {'line': b'[ 47%] Built target node_app_msgs__rosidl_typesupport_c\n'}
[1.540568] (robot_msgs) StdoutLine: {'line': b'[ 71%] Built target robot_msgs\n'}
[1.542755] (node_app_msgs) StdoutLine: {'line': b'[ 58%] Built target node_app_msgs__rosidl_typesupport_introspection_cpp\n'}
[1.546102] (node_app_msgs) StdoutLine: {'line': b'[ 69%] Built target node_app_msgs__rosidl_typesupport_introspection_c\n'}
[1.550447] (node_app_msgs) StdoutLine: {'line': b'[ 80%] Built target node_app_msgs__rosidl_typesupport_fastrtps_c\n'}
[1.565939] (robot_msgs) StdoutLine: {'line': b'[ 75%] Built target robot_msgs__py\n'}
[1.575789] (node_app_msgs) StdoutLine: {'line': b'[ 80%] Built target node_app_msgs\n'}
[1.596949] (node_app_msgs) StdoutLine: {'line': b'[ 81%] Built target node_app_msgs__py\n'}
[1.597395] (robot_msgs) StdoutLine: {'line': b'[ 81%] Built target robot_msgs__rosidl_generator_py\n'}
[1.603350] (-) TimerEvent: {}
[1.626736] (robot_msgs) StdoutLine: {'line': b'[ 87%] Built target robot_msgs__rosidl_typesupport_introspection_c__pyext\n'}
[1.629900] (node_app_msgs) StdoutLine: {'line': b'[ 91%] Built target node_app_msgs__rosidl_generator_py\n'}
[1.630369] (robot_msgs) StdoutLine: {'line': b'[ 93%] Built target robot_msgs__rosidl_typesupport_fastrtps_c__pyext\n'}
[1.630680] (robot_msgs) StdoutLine: {'line': b'[100%] Built target robot_msgs__rosidl_typesupport_c__pyext\n'}
[1.656291] (node_app_msgs) StdoutLine: {'line': b'[ 97%] Built target node_app_msgs__rosidl_typesupport_introspection_c__pyext\n'}
[1.656666] (node_app_msgs) StdoutLine: {'line': b'[ 97%] Built target node_app_msgs__rosidl_typesupport_fastrtps_c__pyext\n'}
[1.658419] (node_app_msgs) StdoutLine: {'line': b'[100%] Built target node_app_msgs__rosidl_typesupport_c__pyext\n'}
[1.703545] (-) TimerEvent: {}
[1.804024] (-) TimerEvent: {}
[1.890736] (robot_msgs) StdoutLine: {'line': b'running egg_info\n'}
[1.892108] (robot_msgs) StdoutLine: {'line': b'writing robot_msgs.egg-info/PKG-INFO\n'}
[1.892541] (robot_msgs) StdoutLine: {'line': b'writing dependency_links to robot_msgs.egg-info/dependency_links.txt\n'}
[1.892853] (robot_msgs) StdoutLine: {'line': b'writing top-level names to robot_msgs.egg-info/top_level.txt\n'}
[1.896576] (robot_msgs) StdoutLine: {'line': b"reading manifest file 'robot_msgs.egg-info/SOURCES.txt'\n"}
[1.897532] (robot_msgs) StdoutLine: {'line': b"writing manifest file 'robot_msgs.egg-info/SOURCES.txt'\n"}
[1.904154] (-) TimerEvent: {}
[1.947707] (robot_msgs) StdoutLine: {'line': b'[100%] Built target ament_cmake_python_build_robot_msgs_egg\n'}
[1.950243] (node_app_msgs) StdoutLine: {'line': b'running egg_info\n'}
[1.951936] (node_app_msgs) StdoutLine: {'line': b'writing node_app_msgs.egg-info/PKG-INFO\n'}
[1.952499] (node_app_msgs) StdoutLine: {'line': b'writing dependency_links to node_app_msgs.egg-info/dependency_links.txt\n'}
[1.953016] (node_app_msgs) StdoutLine: {'line': b'writing top-level names to node_app_msgs.egg-info/top_level.txt\n'}
[1.957313] (node_app_msgs) StdoutLine: {'line': b"reading manifest file 'node_app_msgs.egg-info/SOURCES.txt'\n"}
[1.958432] (node_app_msgs) StdoutLine: {'line': b"writing manifest file 'node_app_msgs.egg-info/SOURCES.txt'\n"}
[1.959675] (robot_msgs) CommandEnded: {'returncode': 0}
[1.961342] (robot_msgs) JobProgress: {'identifier': 'robot_msgs', 'progress': 'install'}
[1.963040] (robot_msgs) Command: {'cmd': ['/usr/local/bin/cmake', '--install', '/data/rl_deploy/build/robot_msgs'], 'cwd': '/data/rl_deploy/build/robot_msgs', 'env': OrderedDict([('LESSOPEN', '| /usr/bin/lesspipe %s'), ('USER', 'root'), ('SSH_CLIENT', '192.168.8.113 50272 22'), ('LC_TIME', 'zh_CN.UTF-8'), ('XDG_SESSION_TYPE', 'tty'), ('GIT_ASKPASS', '/root/.vscode-server/cli/servers/Stable-61b3d0ab13be7dda2389f1d3e60a119c7f660cc3/server/extensions/git/dist/askpass.sh'), ('SHLVL', '2'), ('LD_LIBRARY_PATH', '/data/rl_deploy/install/node_control_msgs/lib:/opt/ros/humble/lib/aarch64-linux-gnu:/opt/ros/humble/lib:/app/lib:/app/lib:/usr/local/cuda-12/lib64:/usr/local/cuda-12/lib64:/usr/local/cuda-12/lib64'), ('BROWSER', '/root/.vscode-server/cli/servers/Stable-61b3d0ab13be7dda2389f1d3e60a119c7f660cc3/server/bin/helpers/browser.sh'), ('LYOS_LOCALHOST_ONLY', '1'), ('MOTD_SHOWN', 'pam'), ('HOME', '/root'), ('OLDPWD', '/root/.vscode-server'), ('TERM_PROGRAM_VERSION', '1.110.1'), ('VSCODE_IPC_HOOK_CLI', '/run/user/0/vscode-ipc-2d12e5c4-ef4a-4996-a4ea-3ebfab8c4620.sock'), ('JETSON_L4T', '36.4.4'), ('ROS_PYTHON_VERSION', '3'), ('JETSON_MODEL', 'NVIDIA Jetson Orin NX Engineering Reference Developer Kit Super'), ('VSCODE_GIT_ASKPASS_MAIN', '/root/.vscode-server/cli/servers/Stable-61b3d0ab13be7dda2389f1d3e60a119c7f660cc3/server/extensions/git/dist/askpass-main.js'), ('LC_MONETARY', 'zh_CN.UTF-8'), ('VSCODE_GIT_ASKPASS_NODE', '/root/.vscode-server/cli/servers/Stable-61b3d0ab13be7dda2389f1d3e60a119c7f660cc3/server/node'), ('VSCODE_PYTHON_AUTOACTIVATE_GUARD', '1'), ('DBUS_SESSION_BUS_ADDRESS', 'unix:path=/run/user/0/bus'), ('COLORTERM', 'truecolor'), ('LYOS_DOMAIN_ID', '18:45:b3:02:00:08'), ('DEBUGINFOD_URLS', ''), ('ROS_DISTRO', 'humble'), ('LOGNAME', 'root'), ('JETSON_MODULE', 'NVIDIA Jetson Orin NX (16GB ram)'), ('JETSON_SERIAL_NUMBER', 'DummySN'), ('_', '/usr/bin/colcon'), ('ROS_VERSION', '2'), ('XDG_SESSION_CLASS', 'user'), ('TERM', 'xterm-256color'), ('XDG_SESSION_ID', '5'), ('ROS_LOCALHOST_ONLY', '1'), ('PATH', '/root/.vscode-server/cli/servers/Stable-61b3d0ab13be7dda2389f1d3e60a119c7f660cc3/server/bin/remote-cli:/opt/ros/humble/bin:/usr/local/sbin:/usr/local/bin:/usr/sbin:/usr/bin:/sbin:/bin:/usr/games:/usr/local/games:/snap/bin:/app/bin:/app/bin:/usr/local/cuda-12/bin:/usr/local/cuda-12/bin:/usr/local/cuda-12/bin'), ('LC_ADDRESS', 'zh_CN.UTF-8'), ('XDG_RUNTIME_DIR', '/run/user/0'), ('LANG', 'en_US.UTF-8'), ('LC_TELEPHONE', 'zh_CN.UTF-8'), ('LS_COLORS', 'rs=0:di=01;34:ln=01;36:mh=00:pi=40;33:so=01;35:do=01;35:bd=40;33;01:cd=40;33;01:or=40;31;01:mi=00:su=37;41:sg=30;43:ca=30;41:tw=30;42:ow=34;42:st=37;44:ex=01;32:*.tar=01;31:*.tgz=01;31:*.arc=01;31:*.arj=01;31:*.taz=01;31:*.lha=01;31:*.lz4=01;31:*.lzh=01;31:*.lzma=01;31:*.tlz=01;31:*.txz=01;31:*.tzo=01;31:*.t7z=01;31:*.zip=01;31:*.z=01;31:*.dz=01;31:*.gz=01;31:*.lrz=01;31:*.lz=01;31:*.lzo=01;31:*.xz=01;31:*.zst=01;31:*.tzst=01;31:*.bz2=01;31:*.bz=01;31:*.tbz=01;31:*.tbz2=01;31:*.tz=01;31:*.deb=01;31:*.rpm=01;31:*.jar=01;31:*.war=01;31:*.ear=01;31:*.sar=01;31:*.rar=01;31:*.alz=01;31:*.ace=01;31:*.zoo=01;31:*.cpio=01;31:*.7z=01;31:*.rz=01;31:*.cab=01;31:*.wim=01;31:*.swm=01;31:*.dwm=01;31:*.esd=01;31:*.jpg=01;35:*.jpeg=01;35:*.mjpg=01;35:*.mjpeg=01;35:*.gif=01;35:*.bmp=01;35:*.pbm=01;35:*.pgm=01;35:*.ppm=01;35:*.tga=01;35:*.xbm=01;35:*.xpm=01;35:*.tif=01;35:*.tiff=01;35:*.png=01;35:*.svg=01;35:*.svgz=01;35:*.mng=01;35:*.pcx=01;35:*.mov=01;35:*.mpg=01;35:*.mpeg=01;35:*.m2v=01;35:*.mkv=01;35:*.webm=01;35:*.webp=01;35:*.ogm=01;35:*.mp4=01;35:*.m4v=01;35:*.mp4v=01;35:*.vob=01;35:*.qt=01;35:*.nuv=01;35:*.wmv=01;35:*.asf=01;35:*.rm=01;35:*.rmvb=01;35:*.flc=01;35:*.avi=01;35:*.fli=01;35:*.flv=01;35:*.gl=01;35:*.dl=01;35:*.xcf=01;35:*.xwd=01;35:*.yuv=01;35:*.cgm=01;35:*.emf=01;35:*.ogv=01;35:*.ogx=01;35:*.aac=00;36:*.au=00;36:*.flac=00;36:*.m4a=00;36:*.mid=00;36:*.midi=00;36:*.mka=00;36:*.mp3=00;36:*.mpc=00;36:*.ogg=00;36:*.ra=00;36:*.wav=00;36:*.oga=00;36:*.opus=00;36:*.spx=00;36:*.xspf=00;36:'), ('JETSON_SOC', 'tegra234'), ('VSCODE_GIT_IPC_HANDLE', '/run/user/0/vscode-git-994ffc2805.sock'), ('TERM_PROGRAM', 'vscode'), ('ROSDISTRO_INDEX_URL', 'https://mirrors.tuna.tsinghua.edu.cn/rosdistro/index_v4.yaml'), ('ROS_DOMAIN_ID', '193'), ('AMENT_PREFIX_PATH', '/data/rl_deploy/install/node_control_msgs:/opt/ros/humble'), ('SHELL', '/bin/bash'), ('LC_NAME', 'zh_CN.UTF-8'), ('LESSCLOSE', '/usr/bin/lesspipe %s %s'), ('LC_MEASUREMENT', 'zh_CN.UTF-8'), ('LC_IDENTIFICATION', 'zh_CN.UTF-8'), ('VSCODE_GIT_ASKPASS_EXTRA_ARGS', ''), ('JETSON_CUDA_ARCH_BIN', '8.7'), ('PWD', '/data/rl_deploy/build/robot_msgs'), ('LC_ALL', 'en_US.UTF-8'), ('SSH_CONNECTION', '192.168.8.113 50272 192.168.8.111 22'), ('XDG_DATA_DIRS', '/usr/share/gnome:/usr/local/share:/usr/share:/var/lib/snapd/desktop'), ('PYTHONPATH', '/data/rl_deploy/install/node_control_msgs/local/lib/python3.10/dist-packages:/opt/ros/humble/lib/python3.10/site-packages:/opt/ros/humble/local/lib/python3.10/dist-packages'), ('LC_NUMERIC', 'zh_CN.UTF-8'), ('LC_PAPER', 'zh_CN.UTF-8'), ('COLCON', '1'), ('JETSON_JETPACK', '6.2.1'), ('JETSON_P_NUMBER', 'p3767-0000'), ('CMAKE_PREFIX_PATH', '/data/rl_deploy/install/node_control_msgs:/opt/ros/humble')]), 'shell': False}
[2.004332] (-) TimerEvent: {}
[2.013809] (node_app_msgs) StdoutLine: {'line': b'[100%] Built target ament_cmake_python_build_node_app_msgs_egg\n'}
[2.028509] (node_app_msgs) CommandEnded: {'returncode': 0}
[2.030157] (node_app_msgs) JobProgress: {'identifier': 'node_app_msgs', 'progress': 'install'}
[2.030592] (node_app_msgs) Command: {'cmd': ['/usr/local/bin/cmake', '--install', '/data/rl_deploy/build/node_app_msgs'], 'cwd': '/data/rl_deploy/build/node_app_msgs', 'env': OrderedDict([('LESSOPEN', '| /usr/bin/lesspipe %s'), ('USER', 'root'), ('SSH_CLIENT', '192.168.8.113 50272 22'), ('LC_TIME', 'zh_CN.UTF-8'), ('XDG_SESSION_TYPE', 'tty'), ('GIT_ASKPASS', '/root/.vscode-server/cli/servers/Stable-61b3d0ab13be7dda2389f1d3e60a119c7f660cc3/server/extensions/git/dist/askpass.sh'), ('SHLVL', '2'), ('LD_LIBRARY_PATH', '/data/rl_deploy/install/node_control_msgs/lib:/opt/ros/humble/lib/aarch64-linux-gnu:/opt/ros/humble/lib:/app/lib:/app/lib:/usr/local/cuda-12/lib64:/usr/local/cuda-12/lib64:/usr/local/cuda-12/lib64'), ('BROWSER', '/root/.vscode-server/cli/servers/Stable-61b3d0ab13be7dda2389f1d3e60a119c7f660cc3/server/bin/helpers/browser.sh'), ('LYOS_LOCALHOST_ONLY', '1'), ('MOTD_SHOWN', 'pam'), ('HOME', '/root'), ('OLDPWD', '/root/.vscode-server'), ('TERM_PROGRAM_VERSION', '1.110.1'), ('VSCODE_IPC_HOOK_CLI', '/run/user/0/vscode-ipc-2d12e5c4-ef4a-4996-a4ea-3ebfab8c4620.sock'), ('JETSON_L4T', '36.4.4'), ('ROS_PYTHON_VERSION', '3'), ('JETSON_MODEL', 'NVIDIA Jetson Orin NX Engineering Reference Developer Kit Super'), ('VSCODE_GIT_ASKPASS_MAIN', '/root/.vscode-server/cli/servers/Stable-61b3d0ab13be7dda2389f1d3e60a119c7f660cc3/server/extensions/git/dist/askpass-main.js'), ('LC_MONETARY', 'zh_CN.UTF-8'), ('VSCODE_GIT_ASKPASS_NODE', '/root/.vscode-server/cli/servers/Stable-61b3d0ab13be7dda2389f1d3e60a119c7f660cc3/server/node'), ('VSCODE_PYTHON_AUTOACTIVATE_GUARD', '1'), ('DBUS_SESSION_BUS_ADDRESS', 'unix:path=/run/user/0/bus'), ('COLORTERM', 'truecolor'), ('LYOS_DOMAIN_ID', '18:45:b3:02:00:08'), ('DEBUGINFOD_URLS', ''), ('ROS_DISTRO', 'humble'), ('LOGNAME', 'root'), ('JETSON_MODULE', 'NVIDIA Jetson Orin NX (16GB ram)'), ('JETSON_SERIAL_NUMBER', 'DummySN'), ('_', '/usr/bin/colcon'), ('ROS_VERSION', '2'), ('XDG_SESSION_CLASS', 'user'), ('TERM', 'xterm-256color'), ('XDG_SESSION_ID', '5'), ('ROS_LOCALHOST_ONLY', '1'), ('PATH', '/root/.vscode-server/cli/servers/Stable-61b3d0ab13be7dda2389f1d3e60a119c7f660cc3/server/bin/remote-cli:/opt/ros/humble/bin:/usr/local/sbin:/usr/local/bin:/usr/sbin:/usr/bin:/sbin:/bin:/usr/games:/usr/local/games:/snap/bin:/app/bin:/app/bin:/usr/local/cuda-12/bin:/usr/local/cuda-12/bin:/usr/local/cuda-12/bin'), ('LC_ADDRESS', 'zh_CN.UTF-8'), ('XDG_RUNTIME_DIR', '/run/user/0'), ('LANG', 'en_US.UTF-8'), ('LC_TELEPHONE', 'zh_CN.UTF-8'), ('LS_COLORS', 'rs=0:di=01;34:ln=01;36:mh=00:pi=40;33:so=01;35:do=01;35:bd=40;33;01:cd=40;33;01:or=40;31;01:mi=00:su=37;41:sg=30;43:ca=30;41:tw=30;42:ow=34;42:st=37;44:ex=01;32:*.tar=01;31:*.tgz=01;31:*.arc=01;31:*.arj=01;31:*.taz=01;31:*.lha=01;31:*.lz4=01;31:*.lzh=01;31:*.lzma=01;31:*.tlz=01;31:*.txz=01;31:*.tzo=01;31:*.t7z=01;31:*.zip=01;31:*.z=01;31:*.dz=01;31:*.gz=01;31:*.lrz=01;31:*.lz=01;31:*.lzo=01;31:*.xz=01;31:*.zst=01;31:*.tzst=01;31:*.bz2=01;31:*.bz=01;31:*.tbz=01;31:*.tbz2=01;31:*.tz=01;31:*.deb=01;31:*.rpm=01;31:*.jar=01;31:*.war=01;31:*.ear=01;31:*.sar=01;31:*.rar=01;31:*.alz=01;31:*.ace=01;31:*.zoo=01;31:*.cpio=01;31:*.7z=01;31:*.rz=01;31:*.cab=01;31:*.wim=01;31:*.swm=01;31:*.dwm=01;31:*.esd=01;31:*.jpg=01;35:*.jpeg=01;35:*.mjpg=01;35:*.mjpeg=01;35:*.gif=01;35:*.bmp=01;35:*.pbm=01;35:*.pgm=01;35:*.ppm=01;35:*.tga=01;35:*.xbm=01;35:*.xpm=01;35:*.tif=01;35:*.tiff=01;35:*.png=01;35:*.svg=01;35:*.svgz=01;35:*.mng=01;35:*.pcx=01;35:*.mov=01;35:*.mpg=01;35:*.mpeg=01;35:*.m2v=01;35:*.mkv=01;35:*.webm=01;35:*.webp=01;35:*.ogm=01;35:*.mp4=01;35:*.m4v=01;35:*.mp4v=01;35:*.vob=01;35:*.qt=01;35:*.nuv=01;35:*.wmv=01;35:*.asf=01;35:*.rm=01;35:*.rmvb=01;35:*.flc=01;35:*.avi=01;35:*.fli=01;35:*.flv=01;35:*.gl=01;35:*.dl=01;35:*.xcf=01;35:*.xwd=01;35:*.yuv=01;35:*.cgm=01;35:*.emf=01;35:*.ogv=01;35:*.ogx=01;35:*.aac=00;36:*.au=00;36:*.flac=00;36:*.m4a=00;36:*.mid=00;36:*.midi=00;36:*.mka=00;36:*.mp3=00;36:*.mpc=00;36:*.ogg=00;36:*.ra=00;36:*.wav=00;36:*.oga=00;36:*.opus=00;36:*.spx=00;36:*.xspf=00;36:'), ('JETSON_SOC', 'tegra234'), ('VSCODE_GIT_IPC_HANDLE', '/run/user/0/vscode-git-994ffc2805.sock'), ('TERM_PROGRAM', 'vscode'), ('ROSDISTRO_INDEX_URL', 'https://mirrors.tuna.tsinghua.edu.cn/rosdistro/index_v4.yaml'), ('ROS_DOMAIN_ID', '193'), ('AMENT_PREFIX_PATH', '/data/rl_deploy/install/node_control_msgs:/opt/ros/humble'), ('SHELL', '/bin/bash'), ('LC_NAME', 'zh_CN.UTF-8'), ('LESSCLOSE', '/usr/bin/lesspipe %s %s'), ('LC_MEASUREMENT', 'zh_CN.UTF-8'), ('LC_IDENTIFICATION', 'zh_CN.UTF-8'), ('VSCODE_GIT_ASKPASS_EXTRA_ARGS', ''), ('JETSON_CUDA_ARCH_BIN', '8.7'), ('PWD', '/data/rl_deploy/build/node_app_msgs'), ('LC_ALL', 'en_US.UTF-8'), ('SSH_CONNECTION', '192.168.8.113 50272 192.168.8.111 22'), ('XDG_DATA_DIRS', '/usr/share/gnome:/usr/local/share:/usr/share:/var/lib/snapd/desktop'), ('PYTHONPATH', '/data/rl_deploy/install/node_control_msgs/local/lib/python3.10/dist-packages:/opt/ros/humble/lib/python3.10/site-packages:/opt/ros/humble/local/lib/python3.10/dist-packages'), ('LC_NUMERIC', 'zh_CN.UTF-8'), ('LC_PAPER', 'zh_CN.UTF-8'), ('COLCON', '1'), ('JETSON_JETPACK', '6.2.1'), ('JETSON_P_NUMBER', 'p3767-0000'), ('CMAKE_PREFIX_PATH', '/data/rl_deploy/install/node_control_msgs:/opt/ros/humble')]), 'shell': False}
[2.099069] (robot_msgs) StdoutLine: {'line': b'-- Install configuration: ""\n'}
[2.099468] (robot_msgs) StdoutLine: {'line': b'-- Up-to-date: /data/rl_deploy/install/robot_msgs/share/ament_index/resource_index/rosidl_interfaces/robot_msgs\n'}
[2.099908] (robot_msgs) StdoutLine: {'line': b'-- Up-to-date: /data/rl_deploy/install/robot_msgs/include/robot_msgs/robot_msgs\n'}
[2.100095] (robot_msgs) StdoutLine: {'line': b'-- Up-to-date: /data/rl_deploy/install/robot_msgs/include/robot_msgs/robot_msgs/msg\n'}
[2.100245] (robot_msgs) StdoutLine: {'line': b'-- Up-to-date: /data/rl_deploy/install/robot_msgs/include/robot_msgs/robot_msgs/msg/robot_state.h\n'}
[2.100381] (robot_msgs) StdoutLine: {'line': b'-- Up-to-date: /data/rl_deploy/install/robot_msgs/include/robot_msgs/robot_msgs/msg/detail\n'}
[2.100619] (robot_msgs) StdoutLine: {'line': b'-- Up-to-date: /data/rl_deploy/install/robot_msgs/include/robot_msgs/robot_msgs/msg/detail/robot_state__functions.c\n'}
[2.101102] (robot_msgs) StdoutLine: {'line': b'-- Up-to-date: /data/rl_deploy/install/robot_msgs/include/robot_msgs/robot_msgs/msg/detail/robot_state__struct.h\n'}
[2.101300] (robot_msgs) StdoutLine: {'line': b'-- Up-to-date: /data/rl_deploy/install/robot_msgs/include/robot_msgs/robot_msgs/msg/detail/robot_state__type_support.h\n'}
[2.101513] (robot_msgs) StdoutLine: {'line': b'-- Up-to-date: /data/rl_deploy/install/robot_msgs/include/robot_msgs/robot_msgs/msg/detail/robot_state__functions.h\n'}
[2.101711] (robot_msgs) StdoutLine: {'line': b'-- Up-to-date: /data/rl_deploy/install/robot_msgs/include/robot_msgs/robot_msgs/msg/rosidl_generator_c__visibility_control.h\n'}
[2.101933] (robot_msgs) StdoutLine: {'line': b'-- Up-to-date: /data/rl_deploy/install/robot_msgs/share/robot_msgs/environment/library_path.sh\n'}
[2.102166] (robot_msgs) StdoutLine: {'line': b'-- Up-to-date: /data/rl_deploy/install/robot_msgs/share/robot_msgs/environment/library_path.dsv\n'}
[2.102307] (robot_msgs) StdoutLine: {'line': b'-- Up-to-date: /data/rl_deploy/install/robot_msgs/lib/librobot_msgs__rosidl_generator_c.so\n'}
[2.102420] (robot_msgs) StdoutLine: {'line': b'-- Up-to-date: /data/rl_deploy/install/robot_msgs/include/robot_msgs/robot_msgs\n'}
[2.102762] (robot_msgs) StdoutLine: {'line': b'-- Up-to-date: /data/rl_deploy/install/robot_msgs/include/robot_msgs/robot_msgs/msg\n'}
[2.102899] (robot_msgs) StdoutLine: {'line': b'-- Up-to-date: /data/rl_deploy/install/robot_msgs/include/robot_msgs/robot_msgs/msg/detail\n'}
[2.103271] (robot_msgs) StdoutLine: {'line': b'-- Up-to-date: /data/rl_deploy/install/robot_msgs/include/robot_msgs/robot_msgs/msg/detail/robot_state__rosidl_typesupport_fastrtps_c.h\n'}
[2.103427] (robot_msgs) StdoutLine: {'line': b'-- Up-to-date: /data/rl_deploy/install/robot_msgs/include/robot_msgs/robot_msgs/msg/rosidl_typesupport_fastrtps_c__visibility_control.h\n'}
[2.103605] (robot_msgs) StdoutLine: {'line': b'-- Up-to-date: /data/rl_deploy/install/robot_msgs/lib/librobot_msgs__rosidl_typesupport_fastrtps_c.so\n'}
[2.103753] (robot_msgs) StdoutLine: {'line': b'-- Up-to-date: /data/rl_deploy/install/robot_msgs/include/robot_msgs/robot_msgs\n'}
[2.103863] (robot_msgs) StdoutLine: {'line': b'-- Up-to-date: /data/rl_deploy/install/robot_msgs/include/robot_msgs/robot_msgs/msg\n'}
[2.104035] (robot_msgs) StdoutLine: {'line': b'-- Up-to-date: /data/rl_deploy/install/robot_msgs/include/robot_msgs/robot_msgs/msg/robot_state.hpp\n'}
[2.104216] (robot_msgs) StdoutLine: {'line': b'-- Up-to-date: /data/rl_deploy/install/robot_msgs/include/robot_msgs/robot_msgs/msg/detail\n'}
[2.104336] (-) TimerEvent: {}
[2.105275] (robot_msgs) StdoutLine: {'line': b'-- Up-to-date: /data/rl_deploy/install/robot_msgs/include/robot_msgs/robot_msgs/msg/detail/robot_state__builder.hpp\n'}
[2.105590] (robot_msgs) StdoutLine: {'line': b'-- Up-to-date: /data/rl_deploy/install/robot_msgs/include/robot_msgs/robot_msgs/msg/detail/robot_state__struct.hpp\n'}
[2.105728] (robot_msgs) StdoutLine: {'line': b'-- Up-to-date: /data/rl_deploy/install/robot_msgs/include/robot_msgs/robot_msgs/msg/detail/robot_state__traits.hpp\n'}
[2.105890] (robot_msgs) StdoutLine: {'line': b'-- Up-to-date: /data/rl_deploy/install/robot_msgs/include/robot_msgs/robot_msgs/msg/detail/robot_state__type_support.hpp\n'}
[2.106031] (robot_msgs) StdoutLine: {'line': b'-- Up-to-date: /data/rl_deploy/install/robot_msgs/include/robot_msgs/robot_msgs/msg/rosidl_generator_cpp__visibility_control.hpp\n'}
[2.106200] (robot_msgs) StdoutLine: {'line': b'-- Up-to-date: /data/rl_deploy/install/robot_msgs/include/robot_msgs/robot_msgs\n'}
[2.106354] (robot_msgs) StdoutLine: {'line': b'-- Up-to-date: /data/rl_deploy/install/robot_msgs/include/robot_msgs/robot_msgs/msg\n'}
[2.106465] (robot_msgs) StdoutLine: {'line': b'-- Up-to-date: /data/rl_deploy/install/robot_msgs/include/robot_msgs/robot_msgs/msg/rosidl_typesupport_fastrtps_cpp__visibility_control.h\n'}
[2.106771] (robot_msgs) StdoutLine: {'line': b'-- Up-to-date: /data/rl_deploy/install/robot_msgs/include/robot_msgs/robot_msgs/msg/detail\n'}
[2.107100] (robot_msgs) StdoutLine: {'line': b'-- Up-to-date: /data/rl_deploy/install/robot_msgs/include/robot_msgs/robot_msgs/msg/detail/dds_fastrtps\n'}
[2.107332] (robot_msgs) StdoutLine: {'line': b'-- Up-to-date: /data/rl_deploy/install/robot_msgs/include/robot_msgs/robot_msgs/msg/detail/robot_state__rosidl_typesupport_fastrtps_cpp.hpp\n'}
[2.107451] (robot_msgs) StdoutLine: {'line': b'-- Up-to-date: /data/rl_deploy/install/robot_msgs/lib/librobot_msgs__rosidl_typesupport_fastrtps_cpp.so\n'}
[2.107622] (robot_msgs) StdoutLine: {'line': b'-- Up-to-date: /data/rl_deploy/install/robot_msgs/include/robot_msgs/robot_msgs\n'}
[2.107736] (robot_msgs) StdoutLine: {'line': b'-- Up-to-date: /data/rl_deploy/install/robot_msgs/include/robot_msgs/robot_msgs/msg\n'}
[2.107843] (robot_msgs) StdoutLine: {'line': b'-- Up-to-date: /data/rl_deploy/install/robot_msgs/include/robot_msgs/robot_msgs/msg/detail\n'}
[2.107948] (robot_msgs) StdoutLine: {'line': b'-- Up-to-date: /data/rl_deploy/install/robot_msgs/include/robot_msgs/robot_msgs/msg/detail/robot_state__type_support.c\n'}
[2.108050] (robot_msgs) StdoutLine: {'line': b'-- Up-to-date: /data/rl_deploy/install/robot_msgs/include/robot_msgs/robot_msgs/msg/detail/robot_state__rosidl_typesupport_introspection_c.h\n'}
[2.108168] (robot_msgs) StdoutLine: {'line': b'-- Up-to-date: /data/rl_deploy/install/robot_msgs/include/robot_msgs/robot_msgs/msg/rosidl_typesupport_introspection_c__visibility_control.h\n'}
[2.108316] (robot_msgs) StdoutLine: {'line': b'-- Up-to-date: /data/rl_deploy/install/robot_msgs/lib/librobot_msgs__rosidl_typesupport_introspection_c.so\n'}
[2.108419] (robot_msgs) StdoutLine: {'line': b'-- Up-to-date: /data/rl_deploy/install/robot_msgs/lib/librobot_msgs__rosidl_typesupport_c.so\n'}
[2.108658] (robot_msgs) StdoutLine: {'line': b'-- Up-to-date: /data/rl_deploy/install/robot_msgs/include/robot_msgs/robot_msgs\n'}
[2.108826] (robot_msgs) StdoutLine: {'line': b'-- Up-to-date: /data/rl_deploy/install/robot_msgs/include/robot_msgs/robot_msgs/msg\n'}
[2.108983] (robot_msgs) StdoutLine: {'line': b'-- Up-to-date: /data/rl_deploy/install/robot_msgs/include/robot_msgs/robot_msgs/msg/detail\n'}
[2.109190] (robot_msgs) StdoutLine: {'line': b'-- Up-to-date: /data/rl_deploy/install/robot_msgs/include/robot_msgs/robot_msgs/msg/detail/robot_state__type_support.cpp\n'}
[2.109337] (robot_msgs) StdoutLine: {'line': b'-- Up-to-date: /data/rl_deploy/install/robot_msgs/include/robot_msgs/robot_msgs/msg/detail/robot_state__rosidl_typesupport_introspection_cpp.hpp\n'}
[2.109440] (robot_msgs) StdoutLine: {'line': b'-- Up-to-date: /data/rl_deploy/install/robot_msgs/lib/librobot_msgs__rosidl_typesupport_introspection_cpp.so\n'}
[2.109603] (robot_msgs) StdoutLine: {'line': b'-- Up-to-date: /data/rl_deploy/install/robot_msgs/lib/librobot_msgs__rosidl_typesupport_cpp.so\n'}
[2.109713] (robot_msgs) StdoutLine: {'line': b'-- Up-to-date: /data/rl_deploy/install/robot_msgs/share/robot_msgs/environment/pythonpath.sh\n'}
[2.109815] (robot_msgs) StdoutLine: {'line': b'-- Up-to-date: /data/rl_deploy/install/robot_msgs/share/robot_msgs/environment/pythonpath.dsv\n'}
[2.109915] (robot_msgs) StdoutLine: {'line': b'-- Up-to-date: /data/rl_deploy/install/robot_msgs/local/lib/python3.10/dist-packages/robot_msgs-0.0.0-py3.10.egg-info\n'}
[2.110018] (robot_msgs) StdoutLine: {'line': b'-- Installing: /data/rl_deploy/install/robot_msgs/local/lib/python3.10/dist-packages/robot_msgs-0.0.0-py3.10.egg-info/top_level.txt\n'}
[2.110155] (robot_msgs) StdoutLine: {'line': b'-- Installing: /data/rl_deploy/install/robot_msgs/local/lib/python3.10/dist-packages/robot_msgs-0.0.0-py3.10.egg-info/PKG-INFO\n'}
[2.110277] (robot_msgs) StdoutLine: {'line': b'-- Installing: /data/rl_deploy/install/robot_msgs/local/lib/python3.10/dist-packages/robot_msgs-0.0.0-py3.10.egg-info/SOURCES.txt\n'}
[2.110375] (robot_msgs) StdoutLine: {'line': b'-- Installing: /data/rl_deploy/install/robot_msgs/local/lib/python3.10/dist-packages/robot_msgs-0.0.0-py3.10.egg-info/dependency_links.txt\n'}
[2.110540] (robot_msgs) StdoutLine: {'line': b'-- Up-to-date: /data/rl_deploy/install/robot_msgs/local/lib/python3.10/dist-packages/robot_msgs\n'}
[2.110692] (robot_msgs) StdoutLine: {'line': b'-- Up-to-date: /data/rl_deploy/install/robot_msgs/local/lib/python3.10/dist-packages/robot_msgs/_robot_msgs_s.ep.rosidl_typesupport_introspection_c.c\n'}
[2.110859] (robot_msgs) StdoutLine: {'line': b'-- Up-to-date: /data/rl_deploy/install/robot_msgs/local/lib/python3.10/dist-packages/robot_msgs/_robot_msgs_s.ep.rosidl_typesupport_c.c\n'}
[2.111016] (robot_msgs) StdoutLine: {'line': b'-- Up-to-date: /data/rl_deploy/install/robot_msgs/local/lib/python3.10/dist-packages/robot_msgs/robot_msgs_s__rosidl_typesupport_introspection_c.cpython-310-aarch64-linux-gnu.so\n'}
[2.111185] (robot_msgs) StdoutLine: {'line': b'-- Up-to-date: /data/rl_deploy/install/robot_msgs/local/lib/python3.10/dist-packages/robot_msgs/robot_msgs_s__rosidl_typesupport_fastrtps_c.cpython-310-aarch64-linux-gnu.so\n'}
[2.111333] (robot_msgs) StdoutLine: {'line': b'-- Up-to-date: /data/rl_deploy/install/robot_msgs/local/lib/python3.10/dist-packages/robot_msgs/__init__.py\n'}
[2.111436] (robot_msgs) StdoutLine: {'line': b'-- Up-to-date: /data/rl_deploy/install/robot_msgs/local/lib/python3.10/dist-packages/robot_msgs/_robot_msgs_s.ep.rosidl_typesupport_fastrtps_c.c\n'}
[2.111637] (robot_msgs) StdoutLine: {'line': b'-- Up-to-date: /data/rl_deploy/install/robot_msgs/local/lib/python3.10/dist-packages/robot_msgs/librobot_msgs__rosidl_generator_py.so\n'}
[2.111761] (robot_msgs) StdoutLine: {'line': b'-- Up-to-date: /data/rl_deploy/install/robot_msgs/local/lib/python3.10/dist-packages/robot_msgs/robot_msgs_s__rosidl_typesupport_c.cpython-310-aarch64-linux-gnu.so\n'}
[2.111870] (robot_msgs) StdoutLine: {'line': b'-- Up-to-date: /data/rl_deploy/install/robot_msgs/local/lib/python3.10/dist-packages/robot_msgs/msg\n'}
[2.111974] (robot_msgs) StdoutLine: {'line': b'-- Up-to-date: /data/rl_deploy/install/robot_msgs/local/lib/python3.10/dist-packages/robot_msgs/msg/_robot_state_s.c\n'}
[2.112075] (robot_msgs) StdoutLine: {'line': b'-- Up-to-date: /data/rl_deploy/install/robot_msgs/local/lib/python3.10/dist-packages/robot_msgs/msg/_robot_state.py\n'}
[2.112194] (robot_msgs) StdoutLine: {'line': b'-- Up-to-date: /data/rl_deploy/install/robot_msgs/local/lib/python3.10/dist-packages/robot_msgs/msg/__init__.py\n'}
[2.159480] (robot_msgs) StdoutLine: {'line': b"Listing '/data/rl_deploy/install/robot_msgs/local/lib/python3.10/dist-packages/robot_msgs'...\n"}
[2.159903] (robot_msgs) StdoutLine: {'line': b"Listing '/data/rl_deploy/install/robot_msgs/local/lib/python3.10/dist-packages/robot_msgs/msg'...\n"}
[2.169353] (robot_msgs) StdoutLine: {'line': b'-- Up-to-date: /data/rl_deploy/install/robot_msgs/local/lib/python3.10/dist-packages/robot_msgs/robot_msgs_s__rosidl_typesupport_fastrtps_c.cpython-310-aarch64-linux-gnu.so\n'}
[2.169899] (robot_msgs) StdoutLine: {'line': b'-- Up-to-date: /data/rl_deploy/install/robot_msgs/local/lib/python3.10/dist-packages/robot_msgs/robot_msgs_s__rosidl_typesupport_introspection_c.cpython-310-aarch64-linux-gnu.so\n'}
[2.170362] (robot_msgs) StdoutLine: {'line': b'-- Up-to-date: /data/rl_deploy/install/robot_msgs/local/lib/python3.10/dist-packages/robot_msgs/robot_msgs_s__rosidl_typesupport_c.cpython-310-aarch64-linux-gnu.so\n'}
[2.170850] (robot_msgs) StdoutLine: {'line': b'-- Up-to-date: /data/rl_deploy/install/robot_msgs/lib/librobot_msgs__rosidl_generator_py.so\n'}
[2.171097] (robot_msgs) StdoutLine: {'line': b'-- Up-to-date: /data/rl_deploy/install/robot_msgs/share/ament_index/resource_index/rust_packages/robot_msgs\n'}
[2.171387] (robot_msgs) StdoutLine: {'line': b'-- Up-to-date: /data/rl_deploy/install/robot_msgs/share/robot_msgs/rust\n'}
[2.171629] (robot_msgs) StdoutLine: {'line': b'-- Up-to-date: /data/rl_deploy/install/robot_msgs/share/robot_msgs/rust/Cargo.toml\n'}
[2.171858] (robot_msgs) StdoutLine: {'line': b'-- Up-to-date: /data/rl_deploy/install/robot_msgs/share/robot_msgs/rust/src\n'}
[2.172143] (robot_msgs) StdoutLine: {'line': b'-- Up-to-date: /data/rl_deploy/install/robot_msgs/share/robot_msgs/rust/src/lib.rs\n'}
[2.172355] (robot_msgs) StdoutLine: {'line': b'-- Up-to-date: /data/rl_deploy/install/robot_msgs/share/robot_msgs/rust/src/msg.rs\n'}
[2.172656] (robot_msgs) StdoutLine: {'line': b'-- Up-to-date: /data/rl_deploy/install/robot_msgs/share/robot_msgs/rust/src/msg\n'}
[2.172848] (robot_msgs) StdoutLine: {'line': b'-- Up-to-date: /data/rl_deploy/install/robot_msgs/share/robot_msgs/rust/src/msg/rmw.rs\n'}
[2.173058] (robot_msgs) StdoutLine: {'line': b'-- Up-to-date: /data/rl_deploy/install/robot_msgs/share/robot_msgs/rust/build.rs\n'}
[2.173366] (robot_msgs) StdoutLine: {'line': b'-- Up-to-date: /data/rl_deploy/install/robot_msgs/share/robot_msgs/msg/RobotState.idl\n'}
[2.173528] (robot_msgs) StdoutLine: {'line': b'-- Up-to-date: /data/rl_deploy/install/robot_msgs/share/robot_msgs/msg/RobotState.msg\n'}
[2.173749] (robot_msgs) StdoutLine: {'line': b'-- Up-to-date: /data/rl_deploy/install/robot_msgs/share/ament_index/resource_index/package_run_dependencies/robot_msgs\n'}
[2.173904] (robot_msgs) StdoutLine: {'line': b'-- Up-to-date: /data/rl_deploy/install/robot_msgs/share/ament_index/resource_index/parent_prefix_path/robot_msgs\n'}
[2.174064] (robot_msgs) StdoutLine: {'line': b'-- Up-to-date: /data/rl_deploy/install/robot_msgs/share/robot_msgs/environment/ament_prefix_path.sh\n'}
[2.174265] (robot_msgs) StdoutLine: {'line': b'-- Up-to-date: /data/rl_deploy/install/robot_msgs/share/robot_msgs/environment/ament_prefix_path.dsv\n'}
[2.174421] (robot_msgs) StdoutLine: {'line': b'-- Up-to-date: /data/rl_deploy/install/robot_msgs/share/robot_msgs/environment/path.sh\n'}
[2.174765] (robot_msgs) StdoutLine: {'line': b'-- Up-to-date: /data/rl_deploy/install/robot_msgs/share/robot_msgs/environment/path.dsv\n'}
[2.175002] (robot_msgs) StdoutLine: {'line': b'-- Up-to-date: /data/rl_deploy/install/robot_msgs/share/robot_msgs/local_setup.bash\n'}
[2.175265] (robot_msgs) StdoutLine: {'line': b'-- Up-to-date: /data/rl_deploy/install/robot_msgs/share/robot_msgs/local_setup.sh\n'}
[2.175455] (robot_msgs) StdoutLine: {'line': b'-- Up-to-date: /data/rl_deploy/install/robot_msgs/share/robot_msgs/local_setup.zsh\n'}
[2.175635] (robot_msgs) StdoutLine: {'line': b'-- Up-to-date: /data/rl_deploy/install/robot_msgs/share/robot_msgs/local_setup.dsv\n'}
[2.175750] (robot_msgs) StdoutLine: {'line': b'-- Installing: /data/rl_deploy/install/robot_msgs/share/robot_msgs/package.dsv\n'}
[2.175857] (robot_msgs) StdoutLine: {'line': b'-- Up-to-date: /data/rl_deploy/install/robot_msgs/share/ament_index/resource_index/packages/robot_msgs\n'}
[2.175961] (robot_msgs) StdoutLine: {'line': b'-- Up-to-date: /data/rl_deploy/install/robot_msgs/share/robot_msgs/cmake/export_robot_msgs__rosidl_generator_cExport.cmake\n'}
[2.176063] (robot_msgs) StdoutLine: {'line': b'-- Up-to-date: /data/rl_deploy/install/robot_msgs/share/robot_msgs/cmake/export_robot_msgs__rosidl_generator_cExport-noconfig.cmake\n'}
[2.176183] (robot_msgs) StdoutLine: {'line': b'-- Up-to-date: /data/rl_deploy/install/robot_msgs/share/robot_msgs/cmake/export_robot_msgs__rosidl_typesupport_fastrtps_cExport.cmake\n'}
[2.176301] (robot_msgs) StdoutLine: {'line': b'-- Up-to-date: /data/rl_deploy/install/robot_msgs/share/robot_msgs/cmake/export_robot_msgs__rosidl_typesupport_fastrtps_cExport-noconfig.cmake\n'}
[2.176451] (robot_msgs) StdoutLine: {'line': b'-- Up-to-date: /data/rl_deploy/install/robot_msgs/share/robot_msgs/cmake/export_robot_msgs__rosidl_generator_cppExport.cmake\n'}
[2.176678] (robot_msgs) StdoutLine: {'line': b'-- Up-to-date: /data/rl_deploy/install/robot_msgs/share/robot_msgs/cmake/export_robot_msgs__rosidl_typesupport_fastrtps_cppExport.cmake\n'}
[2.177076] (robot_msgs) StdoutLine: {'line': b'-- Up-to-date: /data/rl_deploy/install/robot_msgs/share/robot_msgs/cmake/export_robot_msgs__rosidl_typesupport_fastrtps_cppExport-noconfig.cmake\n'}
[2.177264] (robot_msgs) StdoutLine: {'line': b'-- Up-to-date: /data/rl_deploy/install/robot_msgs/share/robot_msgs/cmake/robot_msgs__rosidl_typesupport_introspection_cExport.cmake\n'}
[2.177395] (robot_msgs) StdoutLine: {'line': b'-- Up-to-date: /data/rl_deploy/install/robot_msgs/share/robot_msgs/cmake/robot_msgs__rosidl_typesupport_introspection_cExport-noconfig.cmake\n'}
[2.177511] (robot_msgs) StdoutLine: {'line': b'-- Up-to-date: /data/rl_deploy/install/robot_msgs/share/robot_msgs/cmake/robot_msgs__rosidl_typesupport_cExport.cmake\n'}
[2.177839] (robot_msgs) StdoutLine: {'line': b'-- Up-to-date: /data/rl_deploy/install/robot_msgs/share/robot_msgs/cmake/robot_msgs__rosidl_typesupport_cExport-noconfig.cmake\n'}
[2.177994] (robot_msgs) StdoutLine: {'line': b'-- Up-to-date: /data/rl_deploy/install/robot_msgs/share/robot_msgs/cmake/robot_msgs__rosidl_typesupport_introspection_cppExport.cmake\n'}
[2.178112] (robot_msgs) StdoutLine: {'line': b'-- Up-to-date: /data/rl_deploy/install/robot_msgs/share/robot_msgs/cmake/robot_msgs__rosidl_typesupport_introspection_cppExport-noconfig.cmake\n'}
[2.178222] (robot_msgs) StdoutLine: {'line': b'-- Up-to-date: /data/rl_deploy/install/robot_msgs/share/robot_msgs/cmake/robot_msgs__rosidl_typesupport_cppExport.cmake\n'}
[2.178328] (robot_msgs) StdoutLine: {'line': b'-- Up-to-date: /data/rl_deploy/install/robot_msgs/share/robot_msgs/cmake/robot_msgs__rosidl_typesupport_cppExport-noconfig.cmake\n'}
[2.178643] (robot_msgs) StdoutLine: {'line': b'-- Up-to-date: /data/rl_deploy/install/robot_msgs/share/robot_msgs/cmake/export_robot_msgs__rosidl_generator_pyExport.cmake\n'}
[2.179163] (robot_msgs) StdoutLine: {'line': b'-- Up-to-date: /data/rl_deploy/install/robot_msgs/share/robot_msgs/cmake/export_robot_msgs__rosidl_generator_pyExport-noconfig.cmake\n'}
[2.180926] (robot_msgs) StdoutLine: {'line': b'-- Up-to-date: /data/rl_deploy/install/robot_msgs/share/robot_msgs/cmake/rosidl_cmake-extras.cmake\n'}
[2.181173] (robot_msgs) StdoutLine: {'line': b'-- Up-to-date: /data/rl_deploy/install/robot_msgs/share/robot_msgs/cmake/ament_cmake_export_dependencies-extras.cmake\n'}
[2.181400] (robot_msgs) StdoutLine: {'line': b'-- Up-to-date: /data/rl_deploy/install/robot_msgs/share/robot_msgs/cmake/ament_cmake_export_include_directories-extras.cmake\n'}
[2.181729] (robot_msgs) StdoutLine: {'line': b'-- Up-to-date: /data/rl_deploy/install/robot_msgs/share/robot_msgs/cmake/ament_cmake_export_libraries-extras.cmake\n'}
[2.181956] (robot_msgs) StdoutLine: {'line': b'-- Up-to-date: /data/rl_deploy/install/robot_msgs/share/robot_msgs/cmake/ament_cmake_export_targets-extras.cmake\n'}
[2.182134] (robot_msgs) StdoutLine: {'line': b'-- Up-to-date: /data/rl_deploy/install/robot_msgs/share/robot_msgs/cmake/rosidl_cmake_export_typesupport_targets-extras.cmake\n'}
[2.182374] (robot_msgs) StdoutLine: {'line': b'-- Up-to-date: /data/rl_deploy/install/robot_msgs/share/robot_msgs/cmake/rosidl_cmake_export_typesupport_libraries-extras.cmake\n'}
[2.182582] (robot_msgs) StdoutLine: {'line': b'-- Up-to-date: /data/rl_deploy/install/robot_msgs/share/robot_msgs/cmake/robot_msgsConfig.cmake\n'}
[2.182820] (robot_msgs) StdoutLine: {'line': b'-- Up-to-date: /data/rl_deploy/install/robot_msgs/share/robot_msgs/cmake/robot_msgsConfig-version.cmake\n'}
[2.183012] (robot_msgs) StdoutLine: {'line': b'-- Up-to-date: /data/rl_deploy/install/robot_msgs/share/robot_msgs/package.xml\n'}
[2.183163] (robot_msgs) CommandEnded: {'returncode': 0}
[2.195760] (node_app_msgs) StdoutLine: {'line': b'-- Install configuration: ""\n'}
[2.196122] (node_app_msgs) StdoutLine: {'line': b'-- Up-to-date: /data/rl_deploy/install/node_app_msgs/share/ament_index/resource_index/rosidl_interfaces/node_app_msgs\n'}
[2.196353] (node_app_msgs) StdoutLine: {'line': b'-- Up-to-date: /data/rl_deploy/install/node_app_msgs/include/node_app_msgs/node_app_msgs\n'}
[2.197129] (node_app_msgs) StdoutLine: {'line': b'-- Up-to-date: /data/rl_deploy/install/node_app_msgs/include/node_app_msgs/node_app_msgs/msg\n'}
[2.197380] (node_app_msgs) StdoutLine: {'line': b'-- Up-to-date: /data/rl_deploy/install/node_app_msgs/include/node_app_msgs/node_app_msgs/msg/lrs_cmd_state_feedback.h\n'}
[2.198189] (node_app_msgs) StdoutLine: {'line': b'-- Up-to-date: /data/rl_deploy/install/node_app_msgs/include/node_app_msgs/node_app_msgs/msg/lrs_cmd_action.h\n'}
[2.198455] (node_app_msgs) StdoutLine: {'line': b'-- Up-to-date: /data/rl_deploy/install/node_app_msgs/include/node_app_msgs/node_app_msgs/msg/iot_cmd_msg.h\n'}
[2.198587] (node_app_msgs) StdoutLine: {'line': b'-- Up-to-date: /data/rl_deploy/install/node_app_msgs/include/node_app_msgs/node_app_msgs/msg/lrs_cmd_state.h\n'}
[2.198811] (node_app_msgs) StdoutLine: {'line': b'-- Up-to-date: /data/rl_deploy/install/node_app_msgs/include/node_app_msgs/node_app_msgs/msg/detail\n'}
[2.199331] (node_app_msgs) StdoutLine: {'line': b'-- Up-to-date: /data/rl_deploy/install/node_app_msgs/include/node_app_msgs/node_app_msgs/msg/detail/lrs_state__functions.h\n'}
[2.199463] (node_app_msgs) StdoutLine: {'line': b'-- Up-to-date: /data/rl_deploy/install/node_app_msgs/include/node_app_msgs/node_app_msgs/msg/detail/lrs_cmd_state__type_support.h\n'}
[2.199824] (node_app_msgs) StdoutLine: {'line': b'-- Up-to-date: /data/rl_deploy/install/node_app_msgs/include/node_app_msgs/node_app_msgs/msg/detail/lrs_cmd_state_feedback__functions.c\n'}
[2.200309] (node_app_msgs) StdoutLine: {'line': b'-- Up-to-date: /data/rl_deploy/install/node_app_msgs/include/node_app_msgs/node_app_msgs/msg/detail/lrs_cmd_action_feedback__functions.h\n'}
[2.200599] (node_app_msgs) StdoutLine: {'line': b'-- Up-to-date: /data/rl_deploy/install/node_app_msgs/include/node_app_msgs/node_app_msgs/msg/detail/lrs_cmd_state_feedback__struct.h\n'}
[2.201289] (node_app_msgs) StdoutLine: {'line': b'-- Up-to-date: /data/rl_deploy/install/node_app_msgs/include/node_app_msgs/node_app_msgs/msg/detail/lrs_cmd_state_feedback__functions.h\n'}
[2.201987] (node_app_msgs) StdoutLine: {'line': b'-- Up-to-date: /data/rl_deploy/install/node_app_msgs/include/node_app_msgs/node_app_msgs/msg/detail/iot_cmd_msg__functions.c\n'}
[2.202158] (node_app_msgs) StdoutLine: {'line': b'-- Up-to-date: /data/rl_deploy/install/node_app_msgs/include/node_app_msgs/node_app_msgs/msg/detail/lrs_state__functions.c\n'}
[2.202504] (node_app_msgs) StdoutLine: {'line': b'-- Up-to-date: /data/rl_deploy/install/node_app_msgs/include/node_app_msgs/node_app_msgs/msg/detail/lrs_cmd_state__functions.c\n'}
[2.202784] (node_app_msgs) StdoutLine: {'line': b'-- Up-to-date: /data/rl_deploy/install/node_app_msgs/include/node_app_msgs/node_app_msgs/msg/detail/lrs_cmd_action__functions.c\n'}
[2.202964] (node_app_msgs) StdoutLine: {'line': b'-- Up-to-date: /data/rl_deploy/install/node_app_msgs/include/node_app_msgs/node_app_msgs/msg/detail/lrs_state__type_support.h\n'}
[2.203331] (node_app_msgs) StdoutLine: {'line': b'-- Up-to-date: /data/rl_deploy/install/node_app_msgs/include/node_app_msgs/node_app_msgs/msg/detail/lrs_cmd_state_feedback__type_support.h\n'}
[2.203524] (node_app_msgs) StdoutLine: {'line': b'-- Up-to-date: /data/rl_deploy/install/node_app_msgs/include/node_app_msgs/node_app_msgs/msg/detail/lrs_cmd_action__functions.h\n'}
[2.204076] (node_app_msgs) StdoutLine: {'line': b'-- Up-to-date: /data/rl_deploy/install/node_app_msgs/include/node_app_msgs/node_app_msgs/msg/detail/lrs_cmd_action__struct.h\n'}
[2.204352] (-) TimerEvent: {}
[2.204632] (node_app_msgs) StdoutLine: {'line': b'-- Up-to-date: /data/rl_deploy/install/node_app_msgs/include/node_app_msgs/node_app_msgs/msg/detail/lrs_cmd_action__type_support.h\n'}
[2.204956] (node_app_msgs) StdoutLine: {'line': b'-- Up-to-date: /data/rl_deploy/install/node_app_msgs/include/node_app_msgs/node_app_msgs/msg/detail/lrs_cmd_action_feedback__type_support.h\n'}
[2.205322] (node_app_msgs) StdoutLine: {'line': b'-- Up-to-date: /data/rl_deploy/install/node_app_msgs/include/node_app_msgs/node_app_msgs/msg/detail/iot_cmd_msg__functions.h\n'}
[2.207033] (node_app_msgs) StdoutLine: {'line': b'-- Up-to-date: /data/rl_deploy/install/node_app_msgs/include/node_app_msgs/node_app_msgs/msg/detail/lrs_state__struct.h\n'}
[2.207375] (node_app_msgs) StdoutLine: {'line': b'-- Up-to-date: /data/rl_deploy/install/node_app_msgs/include/node_app_msgs/node_app_msgs/msg/detail/lrs_cmd_action_feedback__struct.h\n'}
[2.207881] (node_app_msgs) StdoutLine: {'line': b'-- Up-to-date: /data/rl_deploy/install/node_app_msgs/include/node_app_msgs/node_app_msgs/msg/detail/lrs_cmd_action_feedback__functions.c\n'}
[2.208107] (node_app_msgs) StdoutLine: {'line': b'-- Up-to-date: /data/rl_deploy/install/node_app_msgs/include/node_app_msgs/node_app_msgs/msg/detail/lrs_cmd_state__functions.h\n'}
[2.208351] (node_app_msgs) StdoutLine: {'line': b'-- Up-to-date: /data/rl_deploy/install/node_app_msgs/include/node_app_msgs/node_app_msgs/msg/detail/iot_cmd_msg__struct.h\n'}
[2.208569] (node_app_msgs) StdoutLine: {'line': b'-- Up-to-date: /data/rl_deploy/install/node_app_msgs/include/node_app_msgs/node_app_msgs/msg/detail/iot_cmd_msg__type_support.h\n'}
[2.208899] (node_app_msgs) StdoutLine: {'line': b'-- Up-to-date: /data/rl_deploy/install/node_app_msgs/include/node_app_msgs/node_app_msgs/msg/detail/lrs_cmd_state__struct.h\n'}
[2.209109] (node_app_msgs) StdoutLine: {'line': b'-- Up-to-date: /data/rl_deploy/install/node_app_msgs/include/node_app_msgs/node_app_msgs/msg/lrs_cmd_action_feedback.h\n'}
[2.209365] (node_app_msgs) StdoutLine: {'line': b'-- Up-to-date: /data/rl_deploy/install/node_app_msgs/include/node_app_msgs/node_app_msgs/msg/rosidl_generator_c__visibility_control.h\n'}
[2.209580] (node_app_msgs) StdoutLine: {'line': b'-- Up-to-date: /data/rl_deploy/install/node_app_msgs/include/node_app_msgs/node_app_msgs/msg/lrs_state.h\n'}
[2.209836] (node_app_msgs) StdoutLine: {'line': b'-- Up-to-date: /data/rl_deploy/install/node_app_msgs/share/node_app_msgs/environment/library_path.sh\n'}
[2.210034] (node_app_msgs) StdoutLine: {'line': b'-- Up-to-date: /data/rl_deploy/install/node_app_msgs/share/node_app_msgs/environment/library_path.dsv\n'}
[2.210306] (node_app_msgs) StdoutLine: {'line': b'-- Up-to-date: /data/rl_deploy/install/node_app_msgs/lib/libnode_app_msgs__rosidl_generator_c.so\n'}
[2.210625] (node_app_msgs) StdoutLine: {'line': b'-- Up-to-date: /data/rl_deploy/install/node_app_msgs/include/node_app_msgs/node_app_msgs\n'}
[2.210807] (node_app_msgs) StdoutLine: {'line': b'-- Up-to-date: /data/rl_deploy/install/node_app_msgs/include/node_app_msgs/node_app_msgs/msg\n'}
[2.210992] (node_app_msgs) StdoutLine: {'line': b'-- Up-to-date: /data/rl_deploy/install/node_app_msgs/include/node_app_msgs/node_app_msgs/msg/detail\n'}
[2.211208] (node_app_msgs) StdoutLine: {'line': b'-- Up-to-date: /data/rl_deploy/install/node_app_msgs/include/node_app_msgs/node_app_msgs/msg/detail/lrs_cmd_action_feedback__rosidl_typesupport_fastrtps_c.h\n'}
[2.211441] (node_app_msgs) StdoutLine: {'line': b'-- Up-to-date: /data/rl_deploy/install/node_app_msgs/include/node_app_msgs/node_app_msgs/msg/detail/lrs_state__rosidl_typesupport_fastrtps_c.h\n'}
[2.211901] (node_app_msgs) StdoutLine: {'line': b'-- Up-to-date: /data/rl_deploy/install/node_app_msgs/include/node_app_msgs/node_app_msgs/msg/detail/lrs_cmd_action__rosidl_typesupport_fastrtps_c.h\n'}
[2.212171] (node_app_msgs) StdoutLine: {'line': b'-- Up-to-date: /data/rl_deploy/install/node_app_msgs/include/node_app_msgs/node_app_msgs/msg/detail/iot_cmd_msg__rosidl_typesupport_fastrtps_c.h\n'}
[2.212348] (node_app_msgs) StdoutLine: {'line': b'-- Up-to-date: /data/rl_deploy/install/node_app_msgs/include/node_app_msgs/node_app_msgs/msg/detail/lrs_cmd_state_feedback__rosidl_typesupport_fastrtps_c.h\n'}
[2.212541] (node_app_msgs) StdoutLine: {'line': b'-- Up-to-date: /data/rl_deploy/install/node_app_msgs/include/node_app_msgs/node_app_msgs/msg/detail/lrs_cmd_state__rosidl_typesupport_fastrtps_c.h\n'}
[2.212682] (node_app_msgs) StdoutLine: {'line': b'-- Up-to-date: /data/rl_deploy/install/node_app_msgs/include/node_app_msgs/node_app_msgs/msg/rosidl_typesupport_fastrtps_c__visibility_control.h\n'}
[2.212840] (node_app_msgs) StdoutLine: {'line': b'-- Up-to-date: /data/rl_deploy/install/node_app_msgs/lib/libnode_app_msgs__rosidl_typesupport_fastrtps_c.so\n'}
[2.212975] (node_app_msgs) StdoutLine: {'line': b'-- Up-to-date: /data/rl_deploy/install/node_app_msgs/include/node_app_msgs/node_app_msgs\n'}
[2.213130] (node_app_msgs) StdoutLine: {'line': b'-- Up-to-date: /data/rl_deploy/install/node_app_msgs/include/node_app_msgs/node_app_msgs/msg\n'}
[2.213282] (node_app_msgs) StdoutLine: {'line': b'-- Up-to-date: /data/rl_deploy/install/node_app_msgs/include/node_app_msgs/node_app_msgs/msg/detail\n'}
[2.213407] (node_app_msgs) StdoutLine: {'line': b'-- Up-to-date: /data/rl_deploy/install/node_app_msgs/include/node_app_msgs/node_app_msgs/msg/detail/lrs_cmd_state_feedback__type_support.c\n'}
[2.213516] (node_app_msgs) StdoutLine: {'line': b'-- Up-to-date: /data/rl_deploy/install/node_app_msgs/include/node_app_msgs/node_app_msgs/msg/detail/lrs_cmd_action_feedback__rosidl_typesupport_introspection_c.h\n'}
[2.213728] (node_app_msgs) StdoutLine: {'line': b'-- Up-to-date: /data/rl_deploy/install/node_app_msgs/include/node_app_msgs/node_app_msgs/msg/detail/lrs_cmd_action__rosidl_typesupport_introspection_c.h\n'}
[2.213889] (node_app_msgs) StdoutLine: {'line': b'-- Up-to-date: /data/rl_deploy/install/node_app_msgs/include/node_app_msgs/node_app_msgs/msg/detail/iot_cmd_msg__type_support.c\n'}
[2.214051] (node_app_msgs) StdoutLine: {'line': b'-- Up-to-date: /data/rl_deploy/install/node_app_msgs/include/node_app_msgs/node_app_msgs/msg/detail/lrs_cmd_state__type_support.c\n'}
[2.214187] (node_app_msgs) StdoutLine: {'line': b'-- Up-to-date: /data/rl_deploy/install/node_app_msgs/include/node_app_msgs/node_app_msgs/msg/detail/lrs_cmd_state_feedback__rosidl_typesupport_introspection_c.h\n'}
[2.214312] (node_app_msgs) StdoutLine: {'line': b'-- Up-to-date: /data/rl_deploy/install/node_app_msgs/include/node_app_msgs/node_app_msgs/msg/detail/lrs_state__rosidl_typesupport_introspection_c.h\n'}
[2.214476] (node_app_msgs) StdoutLine: {'line': b'-- Up-to-date: /data/rl_deploy/install/node_app_msgs/include/node_app_msgs/node_app_msgs/msg/detail/lrs_cmd_action__type_support.c\n'}
[2.214608] (node_app_msgs) StdoutLine: {'line': b'-- Up-to-date: /data/rl_deploy/install/node_app_msgs/include/node_app_msgs/node_app_msgs/msg/detail/lrs_state__type_support.c\n'}
[2.214725] (node_app_msgs) StdoutLine: {'line': b'-- Up-to-date: /data/rl_deploy/install/node_app_msgs/include/node_app_msgs/node_app_msgs/msg/detail/lrs_cmd_action_feedback__type_support.c\n'}
[2.214854] (node_app_msgs) StdoutLine: {'line': b'-- Up-to-date: /data/rl_deploy/install/node_app_msgs/include/node_app_msgs/node_app_msgs/msg/detail/iot_cmd_msg__rosidl_typesupport_introspection_c.h\n'}
[2.215029] (node_app_msgs) StdoutLine: {'line': b'-- Up-to-date: /data/rl_deploy/install/node_app_msgs/include/node_app_msgs/node_app_msgs/msg/detail/lrs_cmd_state__rosidl_typesupport_introspection_c.h\n'}
[2.215148] (node_app_msgs) StdoutLine: {'line': b'-- Up-to-date: /data/rl_deploy/install/node_app_msgs/include/node_app_msgs/node_app_msgs/msg/rosidl_typesupport_introspection_c__visibility_control.h\n'}
[2.215295] (node_app_msgs) StdoutLine: {'line': b'-- Up-to-date: /data/rl_deploy/install/node_app_msgs/lib/libnode_app_msgs__rosidl_typesupport_introspection_c.so\n'}
[2.215427] (node_app_msgs) StdoutLine: {'line': b'-- Up-to-date: /data/rl_deploy/install/node_app_msgs/lib/libnode_app_msgs__rosidl_typesupport_c.so\n'}
[2.215579] (node_app_msgs) StdoutLine: {'line': b'-- Up-to-date: /data/rl_deploy/install/node_app_msgs/include/node_app_msgs/node_app_msgs\n'}
[2.215720] (node_app_msgs) StdoutLine: {'line': b'-- Up-to-date: /data/rl_deploy/install/node_app_msgs/include/node_app_msgs/node_app_msgs/msg\n'}
[2.215870] (node_app_msgs) StdoutLine: {'line': b'-- Up-to-date: /data/rl_deploy/install/node_app_msgs/include/node_app_msgs/node_app_msgs/msg/lrs_cmd_state.hpp\n'}
[2.216002] (node_app_msgs) StdoutLine: {'line': b'-- Up-to-date: /data/rl_deploy/install/node_app_msgs/include/node_app_msgs/node_app_msgs/msg/iot_cmd_msg.hpp\n'}
[2.216129] (node_app_msgs) StdoutLine: {'line': b'-- Up-to-date: /data/rl_deploy/install/node_app_msgs/include/node_app_msgs/node_app_msgs/msg/lrs_cmd_action.hpp\n'}
[2.216258] (node_app_msgs) StdoutLine: {'line': b'-- Up-to-date: /data/rl_deploy/install/node_app_msgs/include/node_app_msgs/node_app_msgs/msg/lrs_state.hpp\n'}
[2.216378] (node_app_msgs) StdoutLine: {'line': b'-- Up-to-date: /data/rl_deploy/install/node_app_msgs/include/node_app_msgs/node_app_msgs/msg/detail\n'}
[2.216509] (node_app_msgs) StdoutLine: {'line': b'-- Up-to-date: /data/rl_deploy/install/node_app_msgs/include/node_app_msgs/node_app_msgs/msg/detail/lrs_cmd_action__builder.hpp\n'}
[2.216640] (node_app_msgs) StdoutLine: {'line': b'-- Up-to-date: /data/rl_deploy/install/node_app_msgs/include/node_app_msgs/node_app_msgs/msg/detail/lrs_cmd_state__builder.hpp\n'}
[2.216794] (node_app_msgs) StdoutLine: {'line': b'-- Up-to-date: /data/rl_deploy/install/node_app_msgs/include/node_app_msgs/node_app_msgs/msg/detail/iot_cmd_msg__struct.hpp\n'}
[2.216933] (node_app_msgs) StdoutLine: {'line': b'-- Up-to-date: /data/rl_deploy/install/node_app_msgs/include/node_app_msgs/node_app_msgs/msg/detail/lrs_state__struct.hpp\n'}
[2.217100] (node_app_msgs) StdoutLine: {'line': b'-- Up-to-date: /data/rl_deploy/install/node_app_msgs/include/node_app_msgs/node_app_msgs/msg/detail/lrs_cmd_state__struct.hpp\n'}
[2.217239] (node_app_msgs) StdoutLine: {'line': b'-- Up-to-date: /data/rl_deploy/install/node_app_msgs/include/node_app_msgs/node_app_msgs/msg/detail/lrs_state__builder.hpp\n'}
[2.218179] (node_app_msgs) StdoutLine: {'line': b'-- Up-to-date: /data/rl_deploy/install/node_app_msgs/include/node_app_msgs/node_app_msgs/msg/detail/iot_cmd_msg__type_support.hpp\n'}
[2.218391] (node_app_msgs) StdoutLine: {'line': b'-- Up-to-date: /data/rl_deploy/install/node_app_msgs/include/node_app_msgs/node_app_msgs/msg/detail/lrs_cmd_action_feedback__struct.hpp\n'}
[2.218950] (node_app_msgs) StdoutLine: {'line': b'-- Up-to-date: /data/rl_deploy/install/node_app_msgs/include/node_app_msgs/node_app_msgs/msg/detail/lrs_cmd_action_feedback__traits.hpp\n'}
[2.219122] (node_app_msgs) StdoutLine: {'line': b'-- Up-to-date: /data/rl_deploy/install/node_app_msgs/include/node_app_msgs/node_app_msgs/msg/detail/lrs_cmd_state_feedback__type_support.hpp\n'}
[2.219364] (node_app_msgs) StdoutLine: {'line': b'-- Up-to-date: /data/rl_deploy/install/node_app_msgs/include/node_app_msgs/node_app_msgs/msg/detail/lrs_cmd_state_feedback__builder.hpp\n'}
[2.219826] (node_app_msgs) StdoutLine: {'line': b'-- Up-to-date: /data/rl_deploy/install/node_app_msgs/include/node_app_msgs/node_app_msgs/msg/detail/lrs_cmd_action__traits.hpp\n'}
[2.220188] (node_app_msgs) StdoutLine: {'line': b'-- Up-to-date: /data/rl_deploy/install/node_app_msgs/include/node_app_msgs/node_app_msgs/msg/detail/lrs_state__traits.hpp\n'}
[2.220330] (node_app_msgs) StdoutLine: {'line': b'-- Up-to-date: /data/rl_deploy/install/node_app_msgs/include/node_app_msgs/node_app_msgs/msg/detail/lrs_cmd_state_feedback__struct.hpp\n'}
[2.220472] (node_app_msgs) StdoutLine: {'line': b'-- Up-to-date: /data/rl_deploy/install/node_app_msgs/include/node_app_msgs/node_app_msgs/msg/detail/lrs_cmd_state__type_support.hpp\n'}
[2.220670] (node_app_msgs) StdoutLine: {'line': b'-- Up-to-date: /data/rl_deploy/install/node_app_msgs/include/node_app_msgs/node_app_msgs/msg/detail/lrs_cmd_action__struct.hpp\n'}
[2.221111] (node_app_msgs) StdoutLine: {'line': b'-- Up-to-date: /data/rl_deploy/install/node_app_msgs/include/node_app_msgs/node_app_msgs/msg/detail/iot_cmd_msg__traits.hpp\n'}
[2.221769] (node_app_msgs) StdoutLine: {'line': b'-- Up-to-date: /data/rl_deploy/install/node_app_msgs/include/node_app_msgs/node_app_msgs/msg/detail/lrs_cmd_action_feedback__type_support.hpp\n'}
[2.221973] (node_app_msgs) StdoutLine: {'line': b'-- Up-to-date: /data/rl_deploy/install/node_app_msgs/include/node_app_msgs/node_app_msgs/msg/detail/lrs_cmd_state__traits.hpp\n'}
[2.222432] (node_app_msgs) StdoutLine: {'line': b'-- Up-to-date: /data/rl_deploy/install/node_app_msgs/include/node_app_msgs/node_app_msgs/msg/detail/lrs_cmd_state_feedback__traits.hpp\n'}
[2.222767] (node_app_msgs) StdoutLine: {'line': b'-- Up-to-date: /data/rl_deploy/install/node_app_msgs/include/node_app_msgs/node_app_msgs/msg/detail/lrs_cmd_action__type_support.hpp\n'}
[2.222974] (node_app_msgs) StdoutLine: {'line': b'-- Up-to-date: /data/rl_deploy/install/node_app_msgs/include/node_app_msgs/node_app_msgs/msg/detail/lrs_cmd_action_feedback__builder.hpp\n'}
[2.223823] (node_app_msgs) StdoutLine: {'line': b'-- Up-to-date: /data/rl_deploy/install/node_app_msgs/include/node_app_msgs/node_app_msgs/msg/detail/iot_cmd_msg__builder.hpp\n'}
[2.224304] (node_app_msgs) StdoutLine: {'line': b'-- Up-to-date: /data/rl_deploy/install/node_app_msgs/include/node_app_msgs/node_app_msgs/msg/detail/lrs_state__type_support.hpp\n'}
[2.224469] (node_app_msgs) StdoutLine: {'line': b'-- Up-to-date: /data/rl_deploy/install/node_app_msgs/include/node_app_msgs/node_app_msgs/msg/lrs_cmd_state_feedback.hpp\n'}
[2.224639] (node_app_msgs) StdoutLine: {'line': b'-- Up-to-date: /data/rl_deploy/install/node_app_msgs/include/node_app_msgs/node_app_msgs/msg/rosidl_generator_cpp__visibility_control.hpp\n'}
[2.225040] (node_app_msgs) StdoutLine: {'line': b'-- Up-to-date: /data/rl_deploy/install/node_app_msgs/include/node_app_msgs/node_app_msgs/msg/lrs_cmd_action_feedback.hpp\n'}
[2.225410] (node_app_msgs) StdoutLine: {'line': b'-- Up-to-date: /data/rl_deploy/install/node_app_msgs/include/node_app_msgs/node_app_msgs\n'}
[2.225653] (node_app_msgs) StdoutLine: {'line': b'-- Up-to-date: /data/rl_deploy/install/node_app_msgs/include/node_app_msgs/node_app_msgs/msg\n'}
[2.225848] (node_app_msgs) StdoutLine: {'line': b'-- Up-to-date: /data/rl_deploy/install/node_app_msgs/include/node_app_msgs/node_app_msgs/msg/rosidl_typesupport_fastrtps_cpp__visibility_control.h\n'}
[2.226327] (node_app_msgs) StdoutLine: {'line': b'-- Up-to-date: /data/rl_deploy/install/node_app_msgs/include/node_app_msgs/node_app_msgs/msg/detail\n'}
[2.226864] (node_app_msgs) StdoutLine: {'line': b'-- Up-to-date: /data/rl_deploy/install/node_app_msgs/include/node_app_msgs/node_app_msgs/msg/detail/iot_cmd_msg__rosidl_typesupport_fastrtps_cpp.hpp\n'}
[2.227054] (node_app_msgs) StdoutLine: {'line': b'-- Up-to-date: /data/rl_deploy/install/node_app_msgs/include/node_app_msgs/node_app_msgs/msg/detail/lrs_cmd_action__rosidl_typesupport_fastrtps_cpp.hpp\n'}
[2.227248] (node_app_msgs) StdoutLine: {'line': b'-- Up-to-date: /data/rl_deploy/install/node_app_msgs/include/node_app_msgs/node_app_msgs/msg/detail/lrs_cmd_action_feedback__rosidl_typesupport_fastrtps_cpp.hpp\n'}
[2.227393] (node_app_msgs) StdoutLine: {'line': b'-- Up-to-date: /data/rl_deploy/install/node_app_msgs/include/node_app_msgs/node_app_msgs/msg/detail/dds_fastrtps\n'}
[2.227957] (node_app_msgs) StdoutLine: {'line': b'-- Up-to-date: /data/rl_deploy/install/node_app_msgs/include/node_app_msgs/node_app_msgs/msg/detail/lrs_state__rosidl_typesupport_fastrtps_cpp.hpp\n'}
[2.229032] (node_app_msgs) StdoutLine: {'line': b'-- Up-to-date: /data/rl_deploy/install/node_app_msgs/include/node_app_msgs/node_app_msgs/msg/detail/lrs_cmd_state_feedback__rosidl_typesupport_fastrtps_cpp.hpp\n'}
[2.229985] (node_app_msgs) StdoutLine: {'line': b'-- Up-to-date: /data/rl_deploy/install/node_app_msgs/include/node_app_msgs/node_app_msgs/msg/detail/lrs_cmd_state__rosidl_typesupport_fastrtps_cpp.hpp\n'}
[2.230704] (node_app_msgs) StdoutLine: {'line': b'-- Up-to-date: /data/rl_deploy/install/node_app_msgs/lib/libnode_app_msgs__rosidl_typesupport_fastrtps_cpp.so\n'}
[2.230941] (node_app_msgs) StdoutLine: {'line': b'-- Up-to-date: /data/rl_deploy/install/node_app_msgs/include/node_app_msgs/node_app_msgs\n'}
[2.231079] (node_app_msgs) StdoutLine: {'line': b'-- Up-to-date: /data/rl_deploy/install/node_app_msgs/include/node_app_msgs/node_app_msgs/msg\n'}
[2.231434] (node_app_msgs) StdoutLine: {'line': b'-- Up-to-date: /data/rl_deploy/install/node_app_msgs/include/node_app_msgs/node_app_msgs/msg/detail\n'}
[2.232290] (node_app_msgs) StdoutLine: {'line': b'-- Up-to-date: /data/rl_deploy/install/node_app_msgs/include/node_app_msgs/node_app_msgs/msg/detail/lrs_cmd_state__type_support.cpp\n'}
[2.232482] (node_app_msgs) StdoutLine: {'line': b'-- Up-to-date: /data/rl_deploy/install/node_app_msgs/include/node_app_msgs/node_app_msgs/msg/detail/lrs_cmd_state__rosidl_typesupport_introspection_cpp.hpp\n'}
[2.232867] (node_app_msgs) StdoutLine: {'line': b'-- Up-to-date: /data/rl_deploy/install/node_app_msgs/include/node_app_msgs/node_app_msgs/msg/detail/iot_cmd_msg__type_support.cpp\n'}
[2.233934] (node_app_msgs) StdoutLine: {'line': b'-- Up-to-date: /data/rl_deploy/install/node_app_msgs/include/node_app_msgs/node_app_msgs/msg/detail/iot_cmd_msg__rosidl_typesupport_introspection_cpp.hpp\n'}
[2.234449] (node_app_msgs) StdoutLine: {'line': b'-- Up-to-date: /data/rl_deploy/install/node_app_msgs/include/node_app_msgs/node_app_msgs/msg/detail/lrs_cmd_action__type_support.cpp\n'}
[2.234656] (node_app_msgs) StdoutLine: {'line': b'-- Up-to-date: /data/rl_deploy/install/node_app_msgs/include/node_app_msgs/node_app_msgs/msg/detail/lrs_cmd_action__rosidl_typesupport_introspection_cpp.hpp\n'}
[2.234930] (node_app_msgs) StdoutLine: {'line': b'-- Up-to-date: /data/rl_deploy/install/node_app_msgs/include/node_app_msgs/node_app_msgs/msg/detail/lrs_cmd_action_feedback__type_support.cpp\n'}
[2.235504] (node_app_msgs) StdoutLine: {'line': b'-- Up-to-date: /data/rl_deploy/install/node_app_msgs/include/node_app_msgs/node_app_msgs/msg/detail/lrs_cmd_action_feedback__rosidl_typesupport_introspection_cpp.hpp\n'}
[2.235781] (node_app_msgs) StdoutLine: {'line': b'-- Up-to-date: /data/rl_deploy/install/node_app_msgs/include/node_app_msgs/node_app_msgs/msg/detail/lrs_state__type_support.cpp\n'}
[2.235976] (node_app_msgs) StdoutLine: {'line': b'-- Up-to-date: /data/rl_deploy/install/node_app_msgs/include/node_app_msgs/node_app_msgs/msg/detail/lrs_state__rosidl_typesupport_introspection_cpp.hpp\n'}
[2.236339] (node_app_msgs) StdoutLine: {'line': b'-- Up-to-date: /data/rl_deploy/install/node_app_msgs/include/node_app_msgs/node_app_msgs/msg/detail/lrs_cmd_state_feedback__rosidl_typesupport_introspection_cpp.hpp\n'}
[2.236515] (node_app_msgs) StdoutLine: {'line': b'-- Up-to-date: /data/rl_deploy/install/node_app_msgs/include/node_app_msgs/node_app_msgs/msg/detail/lrs_cmd_state_feedback__type_support.cpp\n'}
[2.237310] (node_app_msgs) StdoutLine: {'line': b'-- Up-to-date: /data/rl_deploy/install/node_app_msgs/lib/libnode_app_msgs__rosidl_typesupport_introspection_cpp.so\n'}
[2.238175] (node_app_msgs) StdoutLine: {'line': b'-- Up-to-date: /data/rl_deploy/install/node_app_msgs/lib/libnode_app_msgs__rosidl_typesupport_cpp.so\n'}
[2.238504] (node_app_msgs) StdoutLine: {'line': b'-- Up-to-date: /data/rl_deploy/install/node_app_msgs/share/node_app_msgs/environment/pythonpath.sh\n'}
[2.238867] (node_app_msgs) StdoutLine: {'line': b'-- Up-to-date: /data/rl_deploy/install/node_app_msgs/share/node_app_msgs/environment/pythonpath.dsv\n'}
[2.238997] (node_app_msgs) StdoutLine: {'line': b'-- Up-to-date: /data/rl_deploy/install/node_app_msgs/local/lib/python3.10/dist-packages/node_app_msgs-0.0.0-py3.10.egg-info\n'}
[2.239137] (node_app_msgs) StdoutLine: {'line': b'-- Installing: /data/rl_deploy/install/node_app_msgs/local/lib/python3.10/dist-packages/node_app_msgs-0.0.0-py3.10.egg-info/top_level.txt\n'}
[2.239269] (node_app_msgs) StdoutLine: {'line': b'-- Installing: /data/rl_deploy/install/node_app_msgs/local/lib/python3.10/dist-packages/node_app_msgs-0.0.0-py3.10.egg-info/PKG-INFO\n'}
[2.239815] (node_app_msgs) StdoutLine: {'line': b'-- Installing: /data/rl_deploy/install/node_app_msgs/local/lib/python3.10/dist-packages/node_app_msgs-0.0.0-py3.10.egg-info/SOURCES.txt\n'}
[2.239968] (node_app_msgs) StdoutLine: {'line': b'-- Installing: /data/rl_deploy/install/node_app_msgs/local/lib/python3.10/dist-packages/node_app_msgs-0.0.0-py3.10.egg-info/dependency_links.txt\n'}
[2.240102] (node_app_msgs) StdoutLine: {'line': b'-- Up-to-date: /data/rl_deploy/install/node_app_msgs/local/lib/python3.10/dist-packages/node_app_msgs\n'}
[2.240224] (node_app_msgs) StdoutLine: {'line': b'-- Up-to-date: /data/rl_deploy/install/node_app_msgs/local/lib/python3.10/dist-packages/node_app_msgs/libnode_app_msgs__rosidl_generator_py.so\n'}
[2.240345] (node_app_msgs) StdoutLine: {'line': b'-- Up-to-date: /data/rl_deploy/install/node_app_msgs/local/lib/python3.10/dist-packages/node_app_msgs/node_app_msgs_s__rosidl_typesupport_introspection_c.cpython-310-aarch64-linux-gnu.so\n'}
[2.240470] (node_app_msgs) StdoutLine: {'line': b'-- Up-to-date: /data/rl_deploy/install/node_app_msgs/local/lib/python3.10/dist-packages/node_app_msgs/_node_app_msgs_s.ep.rosidl_typesupport_introspection_c.c\n'}
[2.240590] (node_app_msgs) StdoutLine: {'line': b'-- Up-to-date: /data/rl_deploy/install/node_app_msgs/local/lib/python3.10/dist-packages/node_app_msgs/_node_app_msgs_s.ep.rosidl_typesupport_c.c\n'}
[2.240724] (node_app_msgs) StdoutLine: {'line': b'-- Up-to-date: /data/rl_deploy/install/node_app_msgs/local/lib/python3.10/dist-packages/node_app_msgs/node_app_msgs_s__rosidl_typesupport_c.cpython-310-aarch64-linux-gnu.so\n'}
[2.240848] (node_app_msgs) StdoutLine: {'line': b'-- Up-to-date: /data/rl_deploy/install/node_app_msgs/local/lib/python3.10/dist-packages/node_app_msgs/__init__.py\n'}
[2.240965] (node_app_msgs) StdoutLine: {'line': b'-- Up-to-date: /data/rl_deploy/install/node_app_msgs/local/lib/python3.10/dist-packages/node_app_msgs/_node_app_msgs_s.ep.rosidl_typesupport_fastrtps_c.c\n'}
[2.241140] (node_app_msgs) StdoutLine: {'line': b'-- Up-to-date: /data/rl_deploy/install/node_app_msgs/local/lib/python3.10/dist-packages/node_app_msgs/msg\n'}
[2.241265] (node_app_msgs) StdoutLine: {'line': b'-- Up-to-date: /data/rl_deploy/install/node_app_msgs/local/lib/python3.10/dist-packages/node_app_msgs/msg/_lrs_state_s.c\n'}
[2.241401] (node_app_msgs) StdoutLine: {'line': b'-- Up-to-date: /data/rl_deploy/install/node_app_msgs/local/lib/python3.10/dist-packages/node_app_msgs/msg/_lrs_cmd_action_feedback.py\n'}
[2.241546] (node_app_msgs) StdoutLine: {'line': b'-- Up-to-date: /data/rl_deploy/install/node_app_msgs/local/lib/python3.10/dist-packages/node_app_msgs/msg/_lrs_cmd_state.py\n'}
[2.241682] (node_app_msgs) StdoutLine: {'line': b'-- Up-to-date: /data/rl_deploy/install/node_app_msgs/local/lib/python3.10/dist-packages/node_app_msgs/msg/_iot_cmd_msg.py\n'}
[2.241827] (node_app_msgs) StdoutLine: {'line': b'-- Up-to-date: /data/rl_deploy/install/node_app_msgs/local/lib/python3.10/dist-packages/node_app_msgs/msg/_lrs_cmd_action_feedback_s.c\n'}
[2.241978] (node_app_msgs) StdoutLine: {'line': b'-- Up-to-date: /data/rl_deploy/install/node_app_msgs/local/lib/python3.10/dist-packages/node_app_msgs/msg/_lrs_cmd_action_s.c\n'}
[2.242100] (node_app_msgs) StdoutLine: {'line': b'-- Up-to-date: /data/rl_deploy/install/node_app_msgs/local/lib/python3.10/dist-packages/node_app_msgs/msg/_lrs_state.py\n'}
[2.242245] (node_app_msgs) StdoutLine: {'line': b'-- Up-to-date: /data/rl_deploy/install/node_app_msgs/local/lib/python3.10/dist-packages/node_app_msgs/msg/_iot_cmd_msg_s.c\n'}
[2.242366] (node_app_msgs) StdoutLine: {'line': b'-- Up-to-date: /data/rl_deploy/install/node_app_msgs/local/lib/python3.10/dist-packages/node_app_msgs/msg/__init__.py\n'}
[2.242515] (node_app_msgs) StdoutLine: {'line': b'-- Up-to-date: /data/rl_deploy/install/node_app_msgs/local/lib/python3.10/dist-packages/node_app_msgs/msg/_lrs_cmd_state_feedback_s.c\n'}
[2.242662] (node_app_msgs) StdoutLine: {'line': b'-- Up-to-date: /data/rl_deploy/install/node_app_msgs/local/lib/python3.10/dist-packages/node_app_msgs/msg/_lrs_cmd_action.py\n'}
[2.242817] (node_app_msgs) StdoutLine: {'line': b'-- Up-to-date: /data/rl_deploy/install/node_app_msgs/local/lib/python3.10/dist-packages/node_app_msgs/msg/_lrs_cmd_state_feedback.py\n'}
[2.242985] (node_app_msgs) StdoutLine: {'line': b'-- Up-to-date: /data/rl_deploy/install/node_app_msgs/local/lib/python3.10/dist-packages/node_app_msgs/msg/_lrs_cmd_state_s.c\n'}
[2.243357] (node_app_msgs) StdoutLine: {'line': b'-- Up-to-date: /data/rl_deploy/install/node_app_msgs/local/lib/python3.10/dist-packages/node_app_msgs/node_app_msgs_s__rosidl_typesupport_fastrtps_c.cpython-310-aarch64-linux-gnu.so\n'}
[2.243476] (robot_msgs) JobEnded: {'identifier': 'robot_msgs', 'rc': 0}
[2.244951] (robot_state) JobStarted: {'identifier': 'robot_state'}
[2.255591] (robot_state) JobProgress: {'identifier': 'robot_state', 'progress': 'cmake'}
[2.256678] (robot_state) JobProgress: {'identifier': 'robot_state', 'progress': 'build'}
[2.257148] (robot_state) Command: {'cmd': ['/usr/local/bin/cmake', '--build', '/data/rl_deploy/build/robot_state', '--', '-j8', '-l8'], 'cwd': '/data/rl_deploy/build/robot_state', 'env': OrderedDict([('LESSOPEN', '| /usr/bin/lesspipe %s'), ('USER', 'root'), ('SSH_CLIENT', '192.168.8.113 50272 22'), ('LC_TIME', 'zh_CN.UTF-8'), ('XDG_SESSION_TYPE', 'tty'), ('GIT_ASKPASS', '/root/.vscode-server/cli/servers/Stable-61b3d0ab13be7dda2389f1d3e60a119c7f660cc3/server/extensions/git/dist/askpass.sh'), ('SHLVL', '2'), ('LD_LIBRARY_PATH', '/data/rl_deploy/install/robot_msgs/lib:/data/rl_deploy/install/node_control_msgs/lib:/opt/ros/humble/lib/aarch64-linux-gnu:/opt/ros/humble/lib:/app/lib:/app/lib:/usr/local/cuda-12/lib64:/usr/local/cuda-12/lib64:/usr/local/cuda-12/lib64'), ('BROWSER', '/root/.vscode-server/cli/servers/Stable-61b3d0ab13be7dda2389f1d3e60a119c7f660cc3/server/bin/helpers/browser.sh'), ('LYOS_LOCALHOST_ONLY', '1'), ('MOTD_SHOWN', 'pam'), ('HOME', '/root'), ('OLDPWD', '/root/.vscode-server'), ('TERM_PROGRAM_VERSION', '1.110.1'), ('VSCODE_IPC_HOOK_CLI', '/run/user/0/vscode-ipc-2d12e5c4-ef4a-4996-a4ea-3ebfab8c4620.sock'), ('JETSON_L4T', '36.4.4'), ('ROS_PYTHON_VERSION', '3'), ('JETSON_MODEL', 'NVIDIA Jetson Orin NX Engineering Reference Developer Kit Super'), ('VSCODE_GIT_ASKPASS_MAIN', '/root/.vscode-server/cli/servers/Stable-61b3d0ab13be7dda2389f1d3e60a119c7f660cc3/server/extensions/git/dist/askpass-main.js'), ('LC_MONETARY', 'zh_CN.UTF-8'), ('VSCODE_GIT_ASKPASS_NODE', '/root/.vscode-server/cli/servers/Stable-61b3d0ab13be7dda2389f1d3e60a119c7f660cc3/server/node'), ('VSCODE_PYTHON_AUTOACTIVATE_GUARD', '1'), ('DBUS_SESSION_BUS_ADDRESS', 'unix:path=/run/user/0/bus'), ('COLORTERM', 'truecolor'), ('LYOS_DOMAIN_ID', '18:45:b3:02:00:08'), ('DEBUGINFOD_URLS', ''), ('ROS_DISTRO', 'humble'), ('LOGNAME', 'root'), ('JETSON_MODULE', 'NVIDIA Jetson Orin NX (16GB ram)'), ('JETSON_SERIAL_NUMBER', 'DummySN'), ('_', '/usr/bin/colcon'), ('ROS_VERSION', '2'), ('XDG_SESSION_CLASS', 'user'), ('TERM', 'xterm-256color'), ('XDG_SESSION_ID', '5'), ('ROS_LOCALHOST_ONLY', '1'), ('PATH', '/root/.vscode-server/cli/servers/Stable-61b3d0ab13be7dda2389f1d3e60a119c7f660cc3/server/bin/remote-cli:/opt/ros/humble/bin:/usr/local/sbin:/usr/local/bin:/usr/sbin:/usr/bin:/sbin:/bin:/usr/games:/usr/local/games:/snap/bin:/app/bin:/app/bin:/usr/local/cuda-12/bin:/usr/local/cuda-12/bin:/usr/local/cuda-12/bin'), ('LC_ADDRESS', 'zh_CN.UTF-8'), ('XDG_RUNTIME_DIR', '/run/user/0'), ('LANG', 'en_US.UTF-8'), ('LC_TELEPHONE', 'zh_CN.UTF-8'), ('LS_COLORS', 'rs=0:di=01;34:ln=01;36:mh=00:pi=40;33:so=01;35:do=01;35:bd=40;33;01:cd=40;33;01:or=40;31;01:mi=00:su=37;41:sg=30;43:ca=30;41:tw=30;42:ow=34;42:st=37;44:ex=01;32:*.tar=01;31:*.tgz=01;31:*.arc=01;31:*.arj=01;31:*.taz=01;31:*.lha=01;31:*.lz4=01;31:*.lzh=01;31:*.lzma=01;31:*.tlz=01;31:*.txz=01;31:*.tzo=01;31:*.t7z=01;31:*.zip=01;31:*.z=01;31:*.dz=01;31:*.gz=01;31:*.lrz=01;31:*.lz=01;31:*.lzo=01;31:*.xz=01;31:*.zst=01;31:*.tzst=01;31:*.bz2=01;31:*.bz=01;31:*.tbz=01;31:*.tbz2=01;31:*.tz=01;31:*.deb=01;31:*.rpm=01;31:*.jar=01;31:*.war=01;31:*.ear=01;31:*.sar=01;31:*.rar=01;31:*.alz=01;31:*.ace=01;31:*.zoo=01;31:*.cpio=01;31:*.7z=01;31:*.rz=01;31:*.cab=01;31:*.wim=01;31:*.swm=01;31:*.dwm=01;31:*.esd=01;31:*.jpg=01;35:*.jpeg=01;35:*.mjpg=01;35:*.mjpeg=01;35:*.gif=01;35:*.bmp=01;35:*.pbm=01;35:*.pgm=01;35:*.ppm=01;35:*.tga=01;35:*.xbm=01;35:*.xpm=01;35:*.tif=01;35:*.tiff=01;35:*.png=01;35:*.svg=01;35:*.svgz=01;35:*.mng=01;35:*.pcx=01;35:*.mov=01;35:*.mpg=01;35:*.mpeg=01;35:*.m2v=01;35:*.mkv=01;35:*.webm=01;35:*.webp=01;35:*.ogm=01;35:*.mp4=01;35:*.m4v=01;35:*.mp4v=01;35:*.vob=01;35:*.qt=01;35:*.nuv=01;35:*.wmv=01;35:*.asf=01;35:*.rm=01;35:*.rmvb=01;35:*.flc=01;35:*.avi=01;35:*.fli=01;35:*.flv=01;35:*.gl=01;35:*.dl=01;35:*.xcf=01;35:*.xwd=01;35:*.yuv=01;35:*.cgm=01;35:*.emf=01;35:*.ogv=01;35:*.ogx=01;35:*.aac=00;36:*.au=00;36:*.flac=00;36:*.m4a=00;36:*.mid=00;36:*.midi=00;36:*.mka=00;36:*.mp3=00;36:*.mpc=00;36:*.ogg=00;36:*.ra=00;36:*.wav=00;36:*.oga=00;36:*.opus=00;36:*.spx=00;36:*.xspf=00;36:'), ('JETSON_SOC', 'tegra234'), ('VSCODE_GIT_IPC_HANDLE', '/run/user/0/vscode-git-994ffc2805.sock'), ('TERM_PROGRAM', 'vscode'), ('ROSDISTRO_INDEX_URL', 'https://mirrors.tuna.tsinghua.edu.cn/rosdistro/index_v4.yaml'), ('ROS_DOMAIN_ID', '193'), ('AMENT_PREFIX_PATH', '/data/rl_deploy/install/robot_msgs:/data/rl_deploy/install/node_control_msgs:/opt/ros/humble'), ('SHELL', '/bin/bash'), ('LC_NAME', 'zh_CN.UTF-8'), ('LESSCLOSE', '/usr/bin/lesspipe %s %s'), ('LC_MEASUREMENT', 'zh_CN.UTF-8'), ('LC_IDENTIFICATION', 'zh_CN.UTF-8'), ('VSCODE_GIT_ASKPASS_EXTRA_ARGS', ''), ('JETSON_CUDA_ARCH_BIN', '8.7'), ('PWD', '/data/rl_deploy/build/robot_state'), ('LC_ALL', 'en_US.UTF-8'), ('SSH_CONNECTION', '192.168.8.113 50272 192.168.8.111 22'), ('XDG_DATA_DIRS', '/usr/share/gnome:/usr/local/share:/usr/share:/var/lib/snapd/desktop'), ('PYTHONPATH', '/data/rl_deploy/install/robot_msgs/local/lib/python3.10/dist-packages:/data/rl_deploy/install/node_control_msgs/local/lib/python3.10/dist-packages:/opt/ros/humble/lib/python3.10/site-packages:/opt/ros/humble/local/lib/python3.10/dist-packages'), ('LC_NUMERIC', 'zh_CN.UTF-8'), ('LC_PAPER', 'zh_CN.UTF-8'), ('COLCON', '1'), ('JETSON_JETPACK', '6.2.1'), ('JETSON_P_NUMBER', 'p3767-0000'), ('CMAKE_PREFIX_PATH', '/data/rl_deploy/install/robot_msgs:/data/rl_deploy/install/node_control_msgs:/opt/ros/humble')]), 'shell': False}
[2.270792] (node_app_msgs) StdoutLine: {'line': b"Listing '/data/rl_deploy/install/node_app_msgs/local/lib/python3.10/dist-packages/node_app_msgs'...\n"}
[2.271155] (node_app_msgs) StdoutLine: {'line': b"Listing '/data/rl_deploy/install/node_app_msgs/local/lib/python3.10/dist-packages/node_app_msgs/msg'...\n"}
[2.281757] (node_app_msgs) StdoutLine: {'line': b'-- Up-to-date: /data/rl_deploy/install/node_app_msgs/local/lib/python3.10/dist-packages/node_app_msgs/node_app_msgs_s__rosidl_typesupport_fastrtps_c.cpython-310-aarch64-linux-gnu.so\n'}
[2.282164] (node_app_msgs) StdoutLine: {'line': b'-- Up-to-date: /data/rl_deploy/install/node_app_msgs/local/lib/python3.10/dist-packages/node_app_msgs/node_app_msgs_s__rosidl_typesupport_introspection_c.cpython-310-aarch64-linux-gnu.so\n'}
[2.282914] (node_app_msgs) StdoutLine: {'line': b'-- Up-to-date: /data/rl_deploy/install/node_app_msgs/local/lib/python3.10/dist-packages/node_app_msgs/node_app_msgs_s__rosidl_typesupport_c.cpython-310-aarch64-linux-gnu.so\n'}
[2.283682] (node_app_msgs) StdoutLine: {'line': b'-- Up-to-date: /data/rl_deploy/install/node_app_msgs/lib/libnode_app_msgs__rosidl_generator_py.so\n'}
[2.283926] (node_app_msgs) StdoutLine: {'line': b'-- Up-to-date: /data/rl_deploy/install/node_app_msgs/share/ament_index/resource_index/rust_packages/node_app_msgs\n'}
[2.284116] (node_app_msgs) StdoutLine: {'line': b'-- Up-to-date: /data/rl_deploy/install/node_app_msgs/share/node_app_msgs/rust\n'}
[2.284251] (node_app_msgs) StdoutLine: {'line': b'-- Up-to-date: /data/rl_deploy/install/node_app_msgs/share/node_app_msgs/rust/Cargo.toml\n'}
[2.284385] (node_app_msgs) StdoutLine: {'line': b'-- Up-to-date: /data/rl_deploy/install/node_app_msgs/share/node_app_msgs/rust/src\n'}
[2.284520] (node_app_msgs) StdoutLine: {'line': b'-- Up-to-date: /data/rl_deploy/install/node_app_msgs/share/node_app_msgs/rust/src/lib.rs\n'}
[2.284644] (node_app_msgs) StdoutLine: {'line': b'-- Up-to-date: /data/rl_deploy/install/node_app_msgs/share/node_app_msgs/rust/src/msg.rs\n'}
[2.284751] (node_app_msgs) StdoutLine: {'line': b'-- Up-to-date: /data/rl_deploy/install/node_app_msgs/share/node_app_msgs/rust/src/msg\n'}
[2.284909] (node_app_msgs) StdoutLine: {'line': b'-- Up-to-date: /data/rl_deploy/install/node_app_msgs/share/node_app_msgs/rust/src/msg/rmw.rs\n'}
[2.285065] (node_app_msgs) StdoutLine: {'line': b'-- Up-to-date: /data/rl_deploy/install/node_app_msgs/share/node_app_msgs/rust/build.rs\n'}
[2.285198] (node_app_msgs) StdoutLine: {'line': b'-- Up-to-date: /data/rl_deploy/install/node_app_msgs/share/node_app_msgs/msg/IotCmdMsg.idl\n'}
[2.285301] (node_app_msgs) StdoutLine: {'line': b'-- Up-to-date: /data/rl_deploy/install/node_app_msgs/share/node_app_msgs/msg/LrsCmdAction.idl\n'}
[2.285401] (node_app_msgs) StdoutLine: {'line': b'-- Up-to-date: /data/rl_deploy/install/node_app_msgs/share/node_app_msgs/msg/LrsCmdActionFeedback.idl\n'}
[2.285585] (node_app_msgs) StdoutLine: {'line': b'-- Up-to-date: /data/rl_deploy/install/node_app_msgs/share/node_app_msgs/msg/LrsCmdState.idl\n'}
[2.285882] (node_app_msgs) StdoutLine: {'line': b'-- Up-to-date: /data/rl_deploy/install/node_app_msgs/share/node_app_msgs/msg/LrsCmdStateFeedback.idl\n'}
[2.286025] (node_app_msgs) StdoutLine: {'line': b'-- Up-to-date: /data/rl_deploy/install/node_app_msgs/share/node_app_msgs/msg/LrsState.idl\n'}
[2.286151] (node_app_msgs) StdoutLine: {'line': b'-- Up-to-date: /data/rl_deploy/install/node_app_msgs/share/node_app_msgs/msg/IotCmdMsg.msg\n'}
[2.286259] (node_app_msgs) StdoutLine: {'line': b'-- Up-to-date: /data/rl_deploy/install/node_app_msgs/share/node_app_msgs/msg/LrsCmdAction.msg\n'}
[2.286388] (node_app_msgs) StdoutLine: {'line': b'-- Up-to-date: /data/rl_deploy/install/node_app_msgs/share/node_app_msgs/msg/LrsCmdActionFeedback.msg\n'}
[2.286509] (node_app_msgs) StdoutLine: {'line': b'-- Up-to-date: /data/rl_deploy/install/node_app_msgs/share/node_app_msgs/msg/LrsCmdState.msg\n'}
[2.286627] (node_app_msgs) StdoutLine: {'line': b'-- Up-to-date: /data/rl_deploy/install/node_app_msgs/share/node_app_msgs/msg/LrsCmdStateFeedback.msg\n'}
[2.286728] (node_app_msgs) StdoutLine: {'line': b'-- Up-to-date: /data/rl_deploy/install/node_app_msgs/share/node_app_msgs/msg/LrsState.msg\n'}
[2.286905] (node_app_msgs) StdoutLine: {'line': b'-- Up-to-date: /data/rl_deploy/install/node_app_msgs/share/ament_index/resource_index/package_run_dependencies/node_app_msgs\n'}
[2.287052] (node_app_msgs) StdoutLine: {'line': b'-- Up-to-date: /data/rl_deploy/install/node_app_msgs/share/ament_index/resource_index/parent_prefix_path/node_app_msgs\n'}
[2.287158] (node_app_msgs) StdoutLine: {'line': b'-- Up-to-date: /data/rl_deploy/install/node_app_msgs/share/node_app_msgs/environment/ament_prefix_path.sh\n'}
[2.287259] (node_app_msgs) StdoutLine: {'line': b'-- Up-to-date: /data/rl_deploy/install/node_app_msgs/share/node_app_msgs/environment/ament_prefix_path.dsv\n'}
[2.287373] (node_app_msgs) StdoutLine: {'line': b'-- Up-to-date: /data/rl_deploy/install/node_app_msgs/share/node_app_msgs/environment/path.sh\n'}
[2.287478] (node_app_msgs) StdoutLine: {'line': b'-- Up-to-date: /data/rl_deploy/install/node_app_msgs/share/node_app_msgs/environment/path.dsv\n'}
[2.287715] (node_app_msgs) StdoutLine: {'line': b'-- Up-to-date: /data/rl_deploy/install/node_app_msgs/share/node_app_msgs/local_setup.bash\n'}
[2.287863] (node_app_msgs) StdoutLine: {'line': b'-- Up-to-date: /data/rl_deploy/install/node_app_msgs/share/node_app_msgs/local_setup.sh\n'}
[2.287997] (node_app_msgs) StdoutLine: {'line': b'-- Up-to-date: /data/rl_deploy/install/node_app_msgs/share/node_app_msgs/local_setup.zsh\n'}
[2.288137] (node_app_msgs) StdoutLine: {'line': b'-- Up-to-date: /data/rl_deploy/install/node_app_msgs/share/node_app_msgs/local_setup.dsv\n'}
[2.288239] (node_app_msgs) StdoutLine: {'line': b'-- Installing: /data/rl_deploy/install/node_app_msgs/share/node_app_msgs/package.dsv\n'}
[2.288339] (node_app_msgs) StdoutLine: {'line': b'-- Up-to-date: /data/rl_deploy/install/node_app_msgs/share/ament_index/resource_index/packages/node_app_msgs\n'}
[2.288439] (node_app_msgs) StdoutLine: {'line': b'-- Up-to-date: /data/rl_deploy/install/node_app_msgs/share/node_app_msgs/cmake/export_node_app_msgs__rosidl_generator_cExport.cmake\n'}
[2.288575] (node_app_msgs) StdoutLine: {'line': b'-- Up-to-date: /data/rl_deploy/install/node_app_msgs/share/node_app_msgs/cmake/export_node_app_msgs__rosidl_generator_cExport-noconfig.cmake\n'}
[2.288723] (node_app_msgs) StdoutLine: {'line': b'-- Up-to-date: /data/rl_deploy/install/node_app_msgs/share/node_app_msgs/cmake/export_node_app_msgs__rosidl_typesupport_fastrtps_cExport.cmake\n'}
[2.288867] (node_app_msgs) StdoutLine: {'line': b'-- Up-to-date: /data/rl_deploy/install/node_app_msgs/share/node_app_msgs/cmake/export_node_app_msgs__rosidl_typesupport_fastrtps_cExport-noconfig.cmake\n'}
[2.289074] (node_app_msgs) StdoutLine: {'line': b'-- Up-to-date: /data/rl_deploy/install/node_app_msgs/share/node_app_msgs/cmake/node_app_msgs__rosidl_typesupport_introspection_cExport.cmake\n'}
[2.289259] (node_app_msgs) StdoutLine: {'line': b'-- Up-to-date: /data/rl_deploy/install/node_app_msgs/share/node_app_msgs/cmake/node_app_msgs__rosidl_typesupport_introspection_cExport-noconfig.cmake\n'}
[2.289366] (node_app_msgs) StdoutLine: {'line': b'-- Up-to-date: /data/rl_deploy/install/node_app_msgs/share/node_app_msgs/cmake/node_app_msgs__rosidl_typesupport_cExport.cmake\n'}
[2.289470] (node_app_msgs) StdoutLine: {'line': b'-- Up-to-date: /data/rl_deploy/install/node_app_msgs/share/node_app_msgs/cmake/node_app_msgs__rosidl_typesupport_cExport-noconfig.cmake\n'}
[2.289680] (node_app_msgs) StdoutLine: {'line': b'-- Up-to-date: /data/rl_deploy/install/node_app_msgs/share/node_app_msgs/cmake/export_node_app_msgs__rosidl_generator_cppExport.cmake\n'}
[2.289895] (node_app_msgs) StdoutLine: {'line': b'-- Up-to-date: /data/rl_deploy/install/node_app_msgs/share/node_app_msgs/cmake/export_node_app_msgs__rosidl_typesupport_fastrtps_cppExport.cmake\n'}
[2.290029] (node_app_msgs) StdoutLine: {'line': b'-- Up-to-date: /data/rl_deploy/install/node_app_msgs/share/node_app_msgs/cmake/export_node_app_msgs__rosidl_typesupport_fastrtps_cppExport-noconfig.cmake\n'}
[2.290153] (node_app_msgs) StdoutLine: {'line': b'-- Up-to-date: /data/rl_deploy/install/node_app_msgs/share/node_app_msgs/cmake/node_app_msgs__rosidl_typesupport_introspection_cppExport.cmake\n'}
[2.290281] (node_app_msgs) StdoutLine: {'line': b'-- Up-to-date: /data/rl_deploy/install/node_app_msgs/share/node_app_msgs/cmake/node_app_msgs__rosidl_typesupport_introspection_cppExport-noconfig.cmake\n'}
[2.290499] (node_app_msgs) StdoutLine: {'line': b'-- Up-to-date: /data/rl_deploy/install/node_app_msgs/share/node_app_msgs/cmake/node_app_msgs__rosidl_typesupport_cppExport.cmake\n'}
[2.290637] (node_app_msgs) StdoutLine: {'line': b'-- Up-to-date: /data/rl_deploy/install/node_app_msgs/share/node_app_msgs/cmake/node_app_msgs__rosidl_typesupport_cppExport-noconfig.cmake\n'}
[2.290747] (node_app_msgs) StdoutLine: {'line': b'-- Up-to-date: /data/rl_deploy/install/node_app_msgs/share/node_app_msgs/cmake/export_node_app_msgs__rosidl_generator_pyExport.cmake\n'}
[2.290909] (node_app_msgs) StdoutLine: {'line': b'-- Up-to-date: /data/rl_deploy/install/node_app_msgs/share/node_app_msgs/cmake/export_node_app_msgs__rosidl_generator_pyExport-noconfig.cmake\n'}
[2.291034] (node_app_msgs) StdoutLine: {'line': b'-- Up-to-date: /data/rl_deploy/install/node_app_msgs/share/node_app_msgs/cmake/rosidl_cmake-extras.cmake\n'}
[2.291168] (node_app_msgs) StdoutLine: {'line': b'-- Up-to-date: /data/rl_deploy/install/node_app_msgs/share/node_app_msgs/cmake/ament_cmake_export_dependencies-extras.cmake\n'}
[2.291274] (node_app_msgs) StdoutLine: {'line': b'-- Up-to-date: /data/rl_deploy/install/node_app_msgs/share/node_app_msgs/cmake/ament_cmake_export_include_directories-extras.cmake\n'}
[2.291375] (node_app_msgs) StdoutLine: {'line': b'-- Up-to-date: /data/rl_deploy/install/node_app_msgs/share/node_app_msgs/cmake/ament_cmake_export_libraries-extras.cmake\n'}
[2.291476] (node_app_msgs) StdoutLine: {'line': b'-- Up-to-date: /data/rl_deploy/install/node_app_msgs/share/node_app_msgs/cmake/ament_cmake_export_targets-extras.cmake\n'}
[2.291858] (node_app_msgs) StdoutLine: {'line': b'-- Up-to-date: /data/rl_deploy/install/node_app_msgs/share/node_app_msgs/cmake/rosidl_cmake_export_typesupport_targets-extras.cmake\n'}
[2.291980] (node_app_msgs) StdoutLine: {'line': b'-- Up-to-date: /data/rl_deploy/install/node_app_msgs/share/node_app_msgs/cmake/rosidl_cmake_export_typesupport_libraries-extras.cmake\n'}
[2.292086] (node_app_msgs) StdoutLine: {'line': b'-- Up-to-date: /data/rl_deploy/install/node_app_msgs/share/node_app_msgs/cmake/node_app_msgsConfig.cmake\n'}
[2.292189] (node_app_msgs) StdoutLine: {'line': b'-- Up-to-date: /data/rl_deploy/install/node_app_msgs/share/node_app_msgs/cmake/node_app_msgsConfig-version.cmake\n'}
[2.292291] (node_app_msgs) StdoutLine: {'line': b'-- Up-to-date: /data/rl_deploy/install/node_app_msgs/share/node_app_msgs/package.xml\n'}
[2.295867] (node_app_msgs) CommandEnded: {'returncode': 0}
[2.304692] (-) TimerEvent: {}
[2.331364] (node_app_msgs) JobEnded: {'identifier': 'node_app_msgs', 'rc': 0}
[2.333408] (robot_rl_controller) JobStarted: {'identifier': 'robot_rl_controller'}
[2.404852] (-) TimerEvent: {}
[2.445867] (robot_state) StdoutLine: {'line': b'[100%] Built target robot_state_node\n'}
[2.504982] (-) TimerEvent: {}
[2.605540] (-) TimerEvent: {}
[2.706016] (-) TimerEvent: {}
[2.806597] (-) TimerEvent: {}
[2.815988] (robot_state) CommandEnded: {'returncode': 0}
[2.817936] (robot_state) JobProgress: {'identifier': 'robot_state', 'progress': 'install'}
[2.818352] (robot_state) Command: {'cmd': ['/usr/local/bin/cmake', '--install', '/data/rl_deploy/build/robot_state'], 'cwd': '/data/rl_deploy/build/robot_state', 'env': OrderedDict([('LESSOPEN', '| /usr/bin/lesspipe %s'), ('USER', 'root'), ('SSH_CLIENT', '192.168.8.113 50272 22'), ('LC_TIME', 'zh_CN.UTF-8'), ('XDG_SESSION_TYPE', 'tty'), ('GIT_ASKPASS', '/root/.vscode-server/cli/servers/Stable-61b3d0ab13be7dda2389f1d3e60a119c7f660cc3/server/extensions/git/dist/askpass.sh'), ('SHLVL', '2'), ('LD_LIBRARY_PATH', '/data/rl_deploy/install/robot_msgs/lib:/data/rl_deploy/install/node_control_msgs/lib:/opt/ros/humble/lib/aarch64-linux-gnu:/opt/ros/humble/lib:/app/lib:/app/lib:/usr/local/cuda-12/lib64:/usr/local/cuda-12/lib64:/usr/local/cuda-12/lib64'), ('BROWSER', '/root/.vscode-server/cli/servers/Stable-61b3d0ab13be7dda2389f1d3e60a119c7f660cc3/server/bin/helpers/browser.sh'), ('LYOS_LOCALHOST_ONLY', '1'), ('MOTD_SHOWN', 'pam'), ('HOME', '/root'), ('OLDPWD', '/root/.vscode-server'), ('TERM_PROGRAM_VERSION', '1.110.1'), ('VSCODE_IPC_HOOK_CLI', '/run/user/0/vscode-ipc-2d12e5c4-ef4a-4996-a4ea-3ebfab8c4620.sock'), ('JETSON_L4T', '36.4.4'), ('ROS_PYTHON_VERSION', '3'), ('JETSON_MODEL', 'NVIDIA Jetson Orin NX Engineering Reference Developer Kit Super'), ('VSCODE_GIT_ASKPASS_MAIN', '/root/.vscode-server/cli/servers/Stable-61b3d0ab13be7dda2389f1d3e60a119c7f660cc3/server/extensions/git/dist/askpass-main.js'), ('LC_MONETARY', 'zh_CN.UTF-8'), ('VSCODE_GIT_ASKPASS_NODE', '/root/.vscode-server/cli/servers/Stable-61b3d0ab13be7dda2389f1d3e60a119c7f660cc3/server/node'), ('VSCODE_PYTHON_AUTOACTIVATE_GUARD', '1'), ('DBUS_SESSION_BUS_ADDRESS', 'unix:path=/run/user/0/bus'), ('COLORTERM', 'truecolor'), ('LYOS_DOMAIN_ID', '18:45:b3:02:00:08'), ('DEBUGINFOD_URLS', ''), ('ROS_DISTRO', 'humble'), ('LOGNAME', 'root'), ('JETSON_MODULE', 'NVIDIA Jetson Orin NX (16GB ram)'), ('JETSON_SERIAL_NUMBER', 'DummySN'), ('_', '/usr/bin/colcon'), ('ROS_VERSION', '2'), ('XDG_SESSION_CLASS', 'user'), ('TERM', 'xterm-256color'), ('XDG_SESSION_ID', '5'), ('ROS_LOCALHOST_ONLY', '1'), ('PATH', '/root/.vscode-server/cli/servers/Stable-61b3d0ab13be7dda2389f1d3e60a119c7f660cc3/server/bin/remote-cli:/opt/ros/humble/bin:/usr/local/sbin:/usr/local/bin:/usr/sbin:/usr/bin:/sbin:/bin:/usr/games:/usr/local/games:/snap/bin:/app/bin:/app/bin:/usr/local/cuda-12/bin:/usr/local/cuda-12/bin:/usr/local/cuda-12/bin'), ('LC_ADDRESS', 'zh_CN.UTF-8'), ('XDG_RUNTIME_DIR', '/run/user/0'), ('LANG', 'en_US.UTF-8'), ('LC_TELEPHONE', 'zh_CN.UTF-8'), ('LS_COLORS', 'rs=0:di=01;34:ln=01;36:mh=00:pi=40;33:so=01;35:do=01;35:bd=40;33;01:cd=40;33;01:or=40;31;01:mi=00:su=37;41:sg=30;43:ca=30;41:tw=30;42:ow=34;42:st=37;44:ex=01;32:*.tar=01;31:*.tgz=01;31:*.arc=01;31:*.arj=01;31:*.taz=01;31:*.lha=01;31:*.lz4=01;31:*.lzh=01;31:*.lzma=01;31:*.tlz=01;31:*.txz=01;31:*.tzo=01;31:*.t7z=01;31:*.zip=01;31:*.z=01;31:*.dz=01;31:*.gz=01;31:*.lrz=01;31:*.lz=01;31:*.lzo=01;31:*.xz=01;31:*.zst=01;31:*.tzst=01;31:*.bz2=01;31:*.bz=01;31:*.tbz=01;31:*.tbz2=01;31:*.tz=01;31:*.deb=01;31:*.rpm=01;31:*.jar=01;31:*.war=01;31:*.ear=01;31:*.sar=01;31:*.rar=01;31:*.alz=01;31:*.ace=01;31:*.zoo=01;31:*.cpio=01;31:*.7z=01;31:*.rz=01;31:*.cab=01;31:*.wim=01;31:*.swm=01;31:*.dwm=01;31:*.esd=01;31:*.jpg=01;35:*.jpeg=01;35:*.mjpg=01;35:*.mjpeg=01;35:*.gif=01;35:*.bmp=01;35:*.pbm=01;35:*.pgm=01;35:*.ppm=01;35:*.tga=01;35:*.xbm=01;35:*.xpm=01;35:*.tif=01;35:*.tiff=01;35:*.png=01;35:*.svg=01;35:*.svgz=01;35:*.mng=01;35:*.pcx=01;35:*.mov=01;35:*.mpg=01;35:*.mpeg=01;35:*.m2v=01;35:*.mkv=01;35:*.webm=01;35:*.webp=01;35:*.ogm=01;35:*.mp4=01;35:*.m4v=01;35:*.mp4v=01;35:*.vob=01;35:*.qt=01;35:*.nuv=01;35:*.wmv=01;35:*.asf=01;35:*.rm=01;35:*.rmvb=01;35:*.flc=01;35:*.avi=01;35:*.fli=01;35:*.flv=01;35:*.gl=01;35:*.dl=01;35:*.xcf=01;35:*.xwd=01;35:*.yuv=01;35:*.cgm=01;35:*.emf=01;35:*.ogv=01;35:*.ogx=01;35:*.aac=00;36:*.au=00;36:*.flac=00;36:*.m4a=00;36:*.mid=00;36:*.midi=00;36:*.mka=00;36:*.mp3=00;36:*.mpc=00;36:*.ogg=00;36:*.ra=00;36:*.wav=00;36:*.oga=00;36:*.opus=00;36:*.spx=00;36:*.xspf=00;36:'), ('JETSON_SOC', 'tegra234'), ('VSCODE_GIT_IPC_HANDLE', '/run/user/0/vscode-git-994ffc2805.sock'), ('TERM_PROGRAM', 'vscode'), ('ROSDISTRO_INDEX_URL', 'https://mirrors.tuna.tsinghua.edu.cn/rosdistro/index_v4.yaml'), ('ROS_DOMAIN_ID', '193'), ('AMENT_PREFIX_PATH', '/data/rl_deploy/install/robot_msgs:/data/rl_deploy/install/node_control_msgs:/opt/ros/humble'), ('SHELL', '/bin/bash'), ('LC_NAME', 'zh_CN.UTF-8'), ('LESSCLOSE', '/usr/bin/lesspipe %s %s'), ('LC_MEASUREMENT', 'zh_CN.UTF-8'), ('LC_IDENTIFICATION', 'zh_CN.UTF-8'), ('VSCODE_GIT_ASKPASS_EXTRA_ARGS', ''), ('JETSON_CUDA_ARCH_BIN', '8.7'), ('PWD', '/data/rl_deploy/build/robot_state'), ('LC_ALL', 'en_US.UTF-8'), ('SSH_CONNECTION', '192.168.8.113 50272 192.168.8.111 22'), ('XDG_DATA_DIRS', '/usr/share/gnome:/usr/local/share:/usr/share:/var/lib/snapd/desktop'), ('PYTHONPATH', '/data/rl_deploy/install/robot_msgs/local/lib/python3.10/dist-packages:/data/rl_deploy/install/node_control_msgs/local/lib/python3.10/dist-packages:/opt/ros/humble/lib/python3.10/site-packages:/opt/ros/humble/local/lib/python3.10/dist-packages'), ('LC_NUMERIC', 'zh_CN.UTF-8'), ('LC_PAPER', 'zh_CN.UTF-8'), ('COLCON', '1'), ('JETSON_JETPACK', '6.2.1'), ('JETSON_P_NUMBER', 'p3767-0000'), ('CMAKE_PREFIX_PATH', '/data/rl_deploy/install/robot_msgs:/data/rl_deploy/install/node_control_msgs:/opt/ros/humble')]), 'shell': False}
[2.906725] (-) TimerEvent: {}
[2.966348] (robot_state) StdoutLine: {'line': b'-- Install configuration: ""\n'}
[2.966820] (robot_state) StdoutLine: {'line': b'-- Up-to-date: /data/rl_deploy/install/robot_state/lib/robot_state/robot_state_node\n'}
[2.967329] (robot_state) StdoutLine: {'line': b'-- Up-to-date: /data/rl_deploy/install/robot_state/share/ament_index/resource_index/package_run_dependencies/robot_state\n'}
[2.968424] (robot_state) StdoutLine: {'line': b'-- Up-to-date: /data/rl_deploy/install/robot_state/share/ament_index/resource_index/parent_prefix_path/robot_state\n'}
[2.968656] (robot_state) StdoutLine: {'line': b'-- Up-to-date: /data/rl_deploy/install/robot_state/share/robot_state/environment/ament_prefix_path.sh\n'}
[2.968787] (robot_state) StdoutLine: {'line': b'-- Up-to-date: /data/rl_deploy/install/robot_state/share/robot_state/environment/ament_prefix_path.dsv\n'}
[2.968907] (robot_state) StdoutLine: {'line': b'-- Up-to-date: /data/rl_deploy/install/robot_state/share/robot_state/environment/path.sh\n'}
[2.969027] (robot_state) StdoutLine: {'line': b'-- Up-to-date: /data/rl_deploy/install/robot_state/share/robot_state/environment/path.dsv\n'}
[2.969138] (robot_state) StdoutLine: {'line': b'-- Up-to-date: /data/rl_deploy/install/robot_state/share/robot_state/local_setup.bash\n'}
[2.969394] (robot_state) StdoutLine: {'line': b'-- Up-to-date: /data/rl_deploy/install/robot_state/share/robot_state/local_setup.sh\n'}
[2.969626] (robot_state) StdoutLine: {'line': b'-- Up-to-date: /data/rl_deploy/install/robot_state/share/robot_state/local_setup.zsh\n'}
[2.969773] (robot_state) StdoutLine: {'line': b'-- Up-to-date: /data/rl_deploy/install/robot_state/share/robot_state/local_setup.dsv\n'}
[2.969881] (robot_state) StdoutLine: {'line': b'-- Installing: /data/rl_deploy/install/robot_state/share/robot_state/package.dsv\n'}
[2.969981] (robot_state) StdoutLine: {'line': b'-- Up-to-date: /data/rl_deploy/install/robot_state/share/ament_index/resource_index/packages/robot_state\n'}
[2.970080] (robot_state) StdoutLine: {'line': b'-- Up-to-date: /data/rl_deploy/install/robot_state/share/robot_state/cmake/robot_stateConfig.cmake\n'}
[2.970261] (robot_state) StdoutLine: {'line': b'-- Up-to-date: /data/rl_deploy/install/robot_state/share/robot_state/cmake/robot_stateConfig-version.cmake\n'}
[2.970376] (robot_state) StdoutLine: {'line': b'-- Up-to-date: /data/rl_deploy/install/robot_state/share/robot_state/package.xml\n'}
[2.972095] (robot_state) CommandEnded: {'returncode': 0}
[2.999176] (robot_state) JobEnded: {'identifier': 'robot_state', 'rc': 0}
[3.006828] (-) TimerEvent: {}
[3.107232] (-) TimerEvent: {}
[3.207687] (-) TimerEvent: {}
[3.308154] (-) TimerEvent: {}
[3.358799] (robot_rl_controller) Command: {'cmd': ['/usr/bin/python3', '-W', 'ignore:setup.py install is deprecated', '-W', 'ignore:easy_install command is deprecated', 'setup.py', 'egg_info', '--egg-base', '../../build/robot_rl_controller', 'build', '--build-base', '/data/rl_deploy/build/robot_rl_controller/build', 'install', '--record', '/data/rl_deploy/build/robot_rl_controller/install.log', '--single-version-externally-managed', 'install_data'], 'cwd': '/data/rl_deploy/src/robot_rl_controller', 'env': {'LESSOPEN': '| /usr/bin/lesspipe %s', 'USER': 'root', 'SSH_CLIENT': '192.168.8.113 50272 22', 'LC_TIME': 'zh_CN.UTF-8', 'XDG_SESSION_TYPE': 'tty', 'GIT_ASKPASS': '/root/.vscode-server/cli/servers/Stable-61b3d0ab13be7dda2389f1d3e60a119c7f660cc3/server/extensions/git/dist/askpass.sh', 'SHLVL': '2', 'LD_LIBRARY_PATH': '/data/rl_deploy/install/robot_msgs/lib:/data/rl_deploy/install/node_app_msgs/lib:/data/rl_deploy/install/node_control_msgs/lib:/opt/ros/humble/lib/aarch64-linux-gnu:/opt/ros/humble/lib:/app/lib:/app/lib:/usr/local/cuda-12/lib64:/usr/local/cuda-12/lib64:/usr/local/cuda-12/lib64', 'BROWSER': '/root/.vscode-server/cli/servers/Stable-61b3d0ab13be7dda2389f1d3e60a119c7f660cc3/server/bin/helpers/browser.sh', 'LYOS_LOCALHOST_ONLY': '1', 'MOTD_SHOWN': 'pam', 'HOME': '/root', 'OLDPWD': '/root/.vscode-server', 'TERM_PROGRAM_VERSION': '1.110.1', 'VSCODE_IPC_HOOK_CLI': '/run/user/0/vscode-ipc-2d12e5c4-ef4a-4996-a4ea-3ebfab8c4620.sock', 'JETSON_L4T': '36.4.4', 'ROS_PYTHON_VERSION': '3', 'JETSON_MODEL': 'NVIDIA Jetson Orin NX Engineering Reference Developer Kit Super', 'VSCODE_GIT_ASKPASS_MAIN': '/root/.vscode-server/cli/servers/Stable-61b3d0ab13be7dda2389f1d3e60a119c7f660cc3/server/extensions/git/dist/askpass-main.js', 'LC_MONETARY': 'zh_CN.UTF-8', 'VSCODE_GIT_ASKPASS_NODE': '/root/.vscode-server/cli/servers/Stable-61b3d0ab13be7dda2389f1d3e60a119c7f660cc3/server/node', 'VSCODE_PYTHON_AUTOACTIVATE_GUARD': '1', 'DBUS_SESSION_BUS_ADDRESS': 'unix:path=/run/user/0/bus', 'COLORTERM': 'truecolor', 'LYOS_DOMAIN_ID': '18:45:b3:02:00:08', 'DEBUGINFOD_URLS': '', 'ROS_DISTRO': 'humble', 'LOGNAME': 'root', 'JETSON_MODULE': 'NVIDIA Jetson Orin NX (16GB ram)', 'JETSON_SERIAL_NUMBER': 'DummySN', '_': '/usr/bin/colcon', 'ROS_VERSION': '2', 'XDG_SESSION_CLASS': 'user', 'TERM': 'xterm-256color', 'XDG_SESSION_ID': '5', 'ROS_LOCALHOST_ONLY': '1', 'PATH': '/root/.vscode-server/cli/servers/Stable-61b3d0ab13be7dda2389f1d3e60a119c7f660cc3/server/bin/remote-cli:/opt/ros/humble/bin:/usr/local/sbin:/usr/local/bin:/usr/sbin:/usr/bin:/sbin:/bin:/usr/games:/usr/local/games:/snap/bin:/app/bin:/app/bin:/usr/local/cuda-12/bin:/usr/local/cuda-12/bin:/usr/local/cuda-12/bin', 'LC_ADDRESS': 'zh_CN.UTF-8', 'XDG_RUNTIME_DIR': '/run/user/0', 'LANG': 'en_US.UTF-8', 'LC_TELEPHONE': 'zh_CN.UTF-8', 'LS_COLORS': 'rs=0:di=01;34:ln=01;36:mh=00:pi=40;33:so=01;35:do=01;35:bd=40;33;01:cd=40;33;01:or=40;31;01:mi=00:su=37;41:sg=30;43:ca=30;41:tw=30;42:ow=34;42:st=37;44:ex=01;32:*.tar=01;31:*.tgz=01;31:*.arc=01;31:*.arj=01;31:*.taz=01;31:*.lha=01;31:*.lz4=01;31:*.lzh=01;31:*.lzma=01;31:*.tlz=01;31:*.txz=01;31:*.tzo=01;31:*.t7z=01;31:*.zip=01;31:*.z=01;31:*.dz=01;31:*.gz=01;31:*.lrz=01;31:*.lz=01;31:*.lzo=01;31:*.xz=01;31:*.zst=01;31:*.tzst=01;31:*.bz2=01;31:*.bz=01;31:*.tbz=01;31:*.tbz2=01;31:*.tz=01;31:*.deb=01;31:*.rpm=01;31:*.jar=01;31:*.war=01;31:*.ear=01;31:*.sar=01;31:*.rar=01;31:*.alz=01;31:*.ace=01;31:*.zoo=01;31:*.cpio=01;31:*.7z=01;31:*.rz=01;31:*.cab=01;31:*.wim=01;31:*.swm=01;31:*.dwm=01;31:*.esd=01;31:*.jpg=01;35:*.jpeg=01;35:*.mjpg=01;35:*.mjpeg=01;35:*.gif=01;35:*.bmp=01;35:*.pbm=01;35:*.pgm=01;35:*.ppm=01;35:*.tga=01;35:*.xbm=01;35:*.xpm=01;35:*.tif=01;35:*.tiff=01;35:*.png=01;35:*.svg=01;35:*.svgz=01;35:*.mng=01;35:*.pcx=01;35:*.mov=01;35:*.mpg=01;35:*.mpeg=01;35:*.m2v=01;35:*.mkv=01;35:*.webm=01;35:*.webp=01;35:*.ogm=01;35:*.mp4=01;35:*.m4v=01;35:*.mp4v=01;35:*.vob=01;35:*.qt=01;35:*.nuv=01;35:*.wmv=01;35:*.asf=01;35:*.rm=01;35:*.rmvb=01;35:*.flc=01;35:*.avi=01;35:*.fli=01;35:*.flv=01;35:*.gl=01;35:*.dl=01;35:*.xcf=01;35:*.xwd=01;35:*.yuv=01;35:*.cgm=01;35:*.emf=01;35:*.ogv=01;35:*.ogx=01;35:*.aac=00;36:*.au=00;36:*.flac=00;36:*.m4a=00;36:*.mid=00;36:*.midi=00;36:*.mka=00;36:*.mp3=00;36:*.mpc=00;36:*.ogg=00;36:*.ra=00;36:*.wav=00;36:*.oga=00;36:*.opus=00;36:*.spx=00;36:*.xspf=00;36:', 'JETSON_SOC': 'tegra234', 'VSCODE_GIT_IPC_HANDLE': '/run/user/0/vscode-git-994ffc2805.sock', 'TERM_PROGRAM': 'vscode', 'ROSDISTRO_INDEX_URL': 'https://mirrors.tuna.tsinghua.edu.cn/rosdistro/index_v4.yaml', 'ROS_DOMAIN_ID': '193', 'AMENT_PREFIX_PATH': '/data/rl_deploy/install/robot_msgs:/data/rl_deploy/install/node_app_msgs:/data/rl_deploy/install/node_control_msgs:/opt/ros/humble', 'SHELL': '/bin/bash', 'LC_NAME': 'zh_CN.UTF-8', 'LESSCLOSE': '/usr/bin/lesspipe %s %s', 'LC_MEASUREMENT': 'zh_CN.UTF-8', 'LC_IDENTIFICATION': 'zh_CN.UTF-8', 'VSCODE_GIT_ASKPASS_EXTRA_ARGS': '', 'JETSON_CUDA_ARCH_BIN': '8.7', 'PWD': '/data/rl_deploy/build/robot_rl_controller', 'LC_ALL': 'en_US.UTF-8', 'SSH_CONNECTION': '192.168.8.113 50272 192.168.8.111 22', 'XDG_DATA_DIRS': '/usr/share/gnome:/usr/local/share:/usr/share:/var/lib/snapd/desktop', 'PYTHONPATH': '/data/rl_deploy/build/robot_rl_controller/prefix_override:/usr/lib/python3/dist-packages/colcon_core/task/python/colcon_distutils_commands:/data/rl_deploy/install/robot_rl_controller/lib/python3.10/site-packages:/data/rl_deploy/install/robot_msgs/local/lib/python3.10/dist-packages:/data/rl_deploy/install/node_app_msgs/local/lib/python3.10/dist-packages:/data/rl_deploy/install/node_control_msgs/local/lib/python3.10/dist-packages:/opt/ros/humble/lib/python3.10/site-packages:/opt/ros/humble/local/lib/python3.10/dist-packages', 'LC_NUMERIC': 'zh_CN.UTF-8', 'LC_PAPER': 'zh_CN.UTF-8', 'COLCON': '1', 'JETSON_JETPACK': '6.2.1', 'JETSON_P_NUMBER': 'p3767-0000', 'CMAKE_PREFIX_PATH': '/data/rl_deploy/install/robot_msgs:/data/rl_deploy/install/node_app_msgs:/data/rl_deploy/install/node_control_msgs'}, 'shell': False}
[3.408280] (-) TimerEvent: {}
[3.508762] (-) TimerEvent: {}
[3.609243] (-) TimerEvent: {}
[3.709717] (-) TimerEvent: {}
[3.779889] (robot_rl_controller) StdoutLine: {'line': b'running egg_info\n'}
[3.781368] (robot_rl_controller) StdoutLine: {'line': b'writing ../../build/robot_rl_controller/robot_rl_controller.egg-info/PKG-INFO\n'}
[3.781761] (robot_rl_controller) StdoutLine: {'line': b'writing dependency_links to ../../build/robot_rl_controller/robot_rl_controller.egg-info/dependency_links.txt\n'}
[3.782080] (robot_rl_controller) StdoutLine: {'line': b'writing entry points to ../../build/robot_rl_controller/robot_rl_controller.egg-info/entry_points.txt\n'}
[3.782399] (robot_rl_controller) StdoutLine: {'line': b'writing requirements to ../../build/robot_rl_controller/robot_rl_controller.egg-info/requires.txt\n'}
[3.782657] (robot_rl_controller) StdoutLine: {'line': b'writing top-level names to ../../build/robot_rl_controller/robot_rl_controller.egg-info/top_level.txt\n'}
[3.786078] (robot_rl_controller) StdoutLine: {'line': b"reading manifest file '../../build/robot_rl_controller/robot_rl_controller.egg-info/SOURCES.txt'\n"}
[3.788043] (robot_rl_controller) StdoutLine: {'line': b"writing manifest file '../../build/robot_rl_controller/robot_rl_controller.egg-info/SOURCES.txt'\n"}
[3.788323] (robot_rl_controller) StdoutLine: {'line': b'running build\n'}
[3.788474] (robot_rl_controller) StdoutLine: {'line': b'running build_py\n'}
[3.788911] (robot_rl_controller) StdoutLine: {'line': b'copying robot_rl_controller/waist_15_action_robot_controller.py -> /data/rl_deploy/build/robot_rl_controller/build/lib/robot_rl_controller\n'}
[3.789724] (robot_rl_controller) StdoutLine: {'line': b'running install\n'}
[3.790346] (robot_rl_controller) StdoutLine: {'line': b'running install_lib\n'}
[3.791994] (robot_rl_controller) StdoutLine: {'line': b'copying /data/rl_deploy/build/robot_rl_controller/build/lib/robot_rl_controller/waist_15_action_robot_controller.py -> /data/rl_deploy/install/robot_rl_controller/lib/python3.10/site-packages/robot_rl_controller\n'}
[3.793602] (robot_rl_controller) StdoutLine: {'line': b'byte-compiling /data/rl_deploy/install/robot_rl_controller/lib/python3.10/site-packages/robot_rl_controller/waist_15_action_robot_controller.py to waist_15_action_robot_controller.cpython-310.pyc\n'}
[3.803982] (robot_rl_controller) StdoutLine: {'line': b'running install_data\n'}
[3.805007] (robot_rl_controller) StdoutLine: {'line': b'running install_egg_info\n'}
[3.808579] (robot_rl_controller) StdoutLine: {'line': b"removing '/data/rl_deploy/install/robot_rl_controller/lib/python3.10/site-packages/robot_rl_controller-0.0.0-py3.10.egg-info' (and everything under it)\n"}
[3.809346] (robot_rl_controller) StdoutLine: {'line': b'Copying ../../build/robot_rl_controller/robot_rl_controller.egg-info to /data/rl_deploy/install/robot_rl_controller/lib/python3.10/site-packages/robot_rl_controller-0.0.0-py3.10.egg-info\n'}
[3.809788] (-) TimerEvent: {}
[3.811265] (robot_rl_controller) StdoutLine: {'line': b'running install_scripts\n'}
[3.850076] (robot_rl_controller) StdoutLine: {'line': b'Installing action_robot_controller script to /data/rl_deploy/install/robot_rl_controller/lib/robot_rl_controller\n'}
[3.850483] (robot_rl_controller) StdoutLine: {'line': b'Installing dance_robot_controller script to /data/rl_deploy/install/robot_rl_controller/lib/robot_rl_controller\n'}
[3.850833] (robot_rl_controller) StdoutLine: {'line': b'Installing s_waist_15_action_robot_controller script to /data/rl_deploy/install/robot_rl_controller/lib/robot_rl_controller\n'}
[3.851055] (robot_rl_controller) StdoutLine: {'line': b'Installing waist_15_action_robot_controller script to /data/rl_deploy/install/robot_rl_controller/lib/robot_rl_controller\n'}
[3.851872] (robot_rl_controller) StdoutLine: {'line': b"writing list of installed files to '/data/rl_deploy/build/robot_rl_controller/install.log'\n"}
[3.910010] (-) TimerEvent: {}
[3.911276] (robot_rl_controller) CommandEnded: {'returncode': 0}
[3.922801] (robot_rl_controller) JobEnded: {'identifier': 'robot_rl_controller', 'rc': 0}
[3.924082] (-) EventReactorShutdown: {}
