[0.000000] (-) TimerEvent: {}
[0.000615] (node_control_msgs) JobQueued: {'identifier': 'node_control_msgs', 'dependencies': OrderedDict()}
[0.001169] (node_driver_msgs) JobQueued: {'identifier': 'node_driver_msgs', 'dependencies': OrderedDict()}
[0.001432] (node_app_msgs) JobQueued: {'identifier': 'node_app_msgs', 'dependencies': OrderedDict([('node_control_msgs', '/data/rl_deploy/install/node_control_msgs')])}
[0.001675] (robot_msgs) JobQueued: {'identifier': 'robot_msgs', 'dependencies': OrderedDict([('node_control_msgs', '/data/rl_deploy/install/node_control_msgs')])}
[0.001778] (robot_rl_controller) JobQueued: {'identifier': 'robot_rl_controller', 'dependencies': OrderedDict([('node_control_msgs', '/data/rl_deploy/install/node_control_msgs'), ('node_app_msgs', '/data/rl_deploy/install/node_app_msgs'), ('robot_msgs', '/data/rl_deploy/install/robot_msgs')])}
[0.001858] (robot_state) JobQueued: {'identifier': 'robot_state', 'dependencies': OrderedDict([('node_control_msgs', '/data/rl_deploy/install/node_control_msgs'), ('robot_msgs', '/data/rl_deploy/install/robot_msgs')])}
[0.001929] (node_control_msgs) JobStarted: {'identifier': 'node_control_msgs'}
[0.009938] (node_driver_msgs) JobStarted: {'identifier': 'node_driver_msgs'}
[0.017358] (node_control_msgs) JobProgress: {'identifier': 'node_control_msgs', 'progress': 'cmake'}
[0.018612] (node_control_msgs) JobProgress: {'identifier': 'node_control_msgs', 'progress': 'build'}
[0.019852] (node_control_msgs) Command: {'cmd': ['/usr/local/bin/cmake', '--build', '/data/rl_deploy/build/node_control_msgs', '--', '-j8', '-l8'], 'cwd': '/data/rl_deploy/build/node_control_msgs', 'env': OrderedDict([('LESSOPEN', '| /usr/bin/lesspipe %s'), ('USER', 'root'), ('SSH_CLIENT', '192.168.8.113 50272 22'), ('LC_TIME', 'zh_CN.UTF-8'), ('XDG_SESSION_TYPE', 'tty'), ('GIT_ASKPASS', '/root/.vscode-server/cli/servers/Stable-61b3d0ab13be7dda2389f1d3e60a119c7f660cc3/server/extensions/git/dist/askpass.sh'), ('SHLVL', '2'), ('LD_LIBRARY_PATH', '/opt/ros/humble/lib/aarch64-linux-gnu:/opt/ros/humble/lib::/app/lib:/app/lib:/usr/local/cuda-12/lib64:/usr/local/cuda-12/lib64:/usr/local/cuda-12/lib64'), ('BROWSER', '/root/.vscode-server/cli/servers/Stable-61b3d0ab13be7dda2389f1d3e60a119c7f660cc3/server/bin/helpers/browser.sh'), ('LYOS_LOCALHOST_ONLY', '1'), ('MOTD_SHOWN', 'pam'), ('HOME', '/root'), ('OLDPWD', '/root/.vscode-server'), ('TERM_PROGRAM_VERSION', '1.110.1'), ('VSCODE_IPC_HOOK_CLI', '/run/user/0/vscode-ipc-2d12e5c4-ef4a-4996-a4ea-3ebfab8c4620.sock'), ('JETSON_L4T', '36.4.4'), ('ROS_PYTHON_VERSION', '3'), ('JETSON_MODEL', 'NVIDIA Jetson Orin NX Engineering Reference Developer Kit Super'), ('VSCODE_GIT_ASKPASS_MAIN', '/root/.vscode-server/cli/servers/Stable-61b3d0ab13be7dda2389f1d3e60a119c7f660cc3/server/extensions/git/dist/askpass-main.js'), ('LC_MONETARY', 'zh_CN.UTF-8'), ('VSCODE_GIT_ASKPASS_NODE', '/root/.vscode-server/cli/servers/Stable-61b3d0ab13be7dda2389f1d3e60a119c7f660cc3/server/node'), ('VSCODE_PYTHON_AUTOACTIVATE_GUARD', '1'), ('DBUS_SESSION_BUS_ADDRESS', 'unix:path=/run/user/0/bus'), ('COLORTERM', 'truecolor'), ('LYOS_DOMAIN_ID', '18:45:b3:02:00:08'), ('DEBUGINFOD_URLS', ''), ('ROS_DISTRO', 'humble'), ('LOGNAME', 'root'), ('JETSON_MODULE', 'NVIDIA Jetson Orin NX (16GB ram)'), ('JETSON_SERIAL_NUMBER', 'DummySN'), ('_', '/usr/bin/colcon'), ('ROS_VERSION', '2'), ('XDG_SESSION_CLASS', 'user'), ('TERM', 'xterm-256color'), ('XDG_SESSION_ID', '5'), ('ROS_LOCALHOST_ONLY', '1'), ('PATH', '/root/.vscode-server/cli/servers/Stable-61b3d0ab13be7dda2389f1d3e60a119c7f660cc3/server/bin/remote-cli:/opt/ros/humble/bin:/usr/local/sbin:/usr/local/bin:/usr/sbin:/usr/bin:/sbin:/bin:/usr/games:/usr/local/games:/snap/bin:/app/bin:/app/bin:/usr/local/cuda-12/bin:/usr/local/cuda-12/bin:/usr/local/cuda-12/bin'), ('LC_ADDRESS', 'zh_CN.UTF-8'), ('XDG_RUNTIME_DIR', '/run/user/0'), ('LANG', 'en_US.UTF-8'), ('LC_TELEPHONE', 'zh_CN.UTF-8'), ('LS_COLORS', 'rs=0:di=01;34:ln=01;36:mh=00:pi=40;33:so=01;35:do=01;35:bd=40;33;01:cd=40;33;01:or=40;31;01:mi=00:su=37;41:sg=30;43:ca=30;41:tw=30;42:ow=34;42:st=37;44:ex=01;32:*.tar=01;31:*.tgz=01;31:*.arc=01;31:*.arj=01;31:*.taz=01;31:*.lha=01;31:*.lz4=01;31:*.lzh=01;31:*.lzma=01;31:*.tlz=01;31:*.txz=01;31:*.tzo=01;31:*.t7z=01;31:*.zip=01;31:*.z=01;31:*.dz=01;31:*.gz=01;31:*.lrz=01;31:*.lz=01;31:*.lzo=01;31:*.xz=01;31:*.zst=01;31:*.tzst=01;31:*.bz2=01;31:*.bz=01;31:*.tbz=01;31:*.tbz2=01;31:*.tz=01;31:*.deb=01;31:*.rpm=01;31:*.jar=01;31:*.war=01;31:*.ear=01;31:*.sar=01;31:*.rar=01;31:*.alz=01;31:*.ace=01;31:*.zoo=01;31:*.cpio=01;31:*.7z=01;31:*.rz=01;31:*.cab=01;31:*.wim=01;31:*.swm=01;31:*.dwm=01;31:*.esd=01;31:*.jpg=01;35:*.jpeg=01;35:*.mjpg=01;35:*.mjpeg=01;35:*.gif=01;35:*.bmp=01;35:*.pbm=01;35:*.pgm=01;35:*.ppm=01;35:*.tga=01;35:*.xbm=01;35:*.xpm=01;35:*.tif=01;35:*.tiff=01;35:*.png=01;35:*.svg=01;35:*.svgz=01;35:*.mng=01;35:*.pcx=01;35:*.mov=01;35:*.mpg=01;35:*.mpeg=01;35:*.m2v=01;35:*.mkv=01;35:*.webm=01;35:*.webp=01;35:*.ogm=01;35:*.mp4=01;35:*.m4v=01;35:*.mp4v=01;35:*.vob=01;35:*.qt=01;35:*.nuv=01;35:*.wmv=01;35:*.asf=01;35:*.rm=01;35:*.rmvb=01;35:*.flc=01;35:*.avi=01;35:*.fli=01;35:*.flv=01;35:*.gl=01;35:*.dl=01;35:*.xcf=01;35:*.xwd=01;35:*.yuv=01;35:*.cgm=01;35:*.emf=01;35:*.ogv=01;35:*.ogx=01;35:*.aac=00;36:*.au=00;36:*.flac=00;36:*.m4a=00;36:*.mid=00;36:*.midi=00;36:*.mka=00;36:*.mp3=00;36:*.mpc=00;36:*.ogg=00;36:*.ra=00;36:*.wav=00;36:*.oga=00;36:*.opus=00;36:*.spx=00;36:*.xspf=00;36:'), ('JETSON_SOC', 'tegra234'), ('VSCODE_GIT_IPC_HANDLE', '/run/user/0/vscode-git-994ffc2805.sock'), ('TERM_PROGRAM', 'vscode'), ('ROSDISTRO_INDEX_URL', 'https://mirrors.tuna.tsinghua.edu.cn/rosdistro/index_v4.yaml'), ('ROS_DOMAIN_ID', '193'), ('AMENT_PREFIX_PATH', '/opt/ros/humble'), ('SHELL', '/bin/bash'), ('LC_NAME', 'zh_CN.UTF-8'), ('LESSCLOSE', '/usr/bin/lesspipe %s %s'), ('LC_MEASUREMENT', 'zh_CN.UTF-8'), ('LC_IDENTIFICATION', 'zh_CN.UTF-8'), ('VSCODE_GIT_ASKPASS_EXTRA_ARGS', ''), ('JETSON_CUDA_ARCH_BIN', '8.7'), ('PWD', '/data/rl_deploy/build/node_control_msgs'), ('LC_ALL', 'en_US.UTF-8'), ('SSH_CONNECTION', '192.168.8.113 50272 192.168.8.111 22'), ('XDG_DATA_DIRS', '/usr/share/gnome:/usr/local/share:/usr/share:/var/lib/snapd/desktop'), ('PYTHONPATH', '/opt/ros/humble/lib/python3.10/site-packages:/opt/ros/humble/local/lib/python3.10/dist-packages'), ('LC_NUMERIC', 'zh_CN.UTF-8'), ('LC_PAPER', 'zh_CN.UTF-8'), ('COLCON', '1'), ('JETSON_JETPACK', '6.2.1'), ('JETSON_P_NUMBER', 'p3767-0000'), ('CMAKE_PREFIX_PATH', '/opt/ros/humble')]), 'shell': False}
[0.026266] (node_driver_msgs) JobProgress: {'identifier': 'node_driver_msgs', 'progress': 'cmake'}
[0.027577] (node_driver_msgs) JobProgress: {'identifier': 'node_driver_msgs', 'progress': 'build'}
[0.028118] (node_driver_msgs) Command: {'cmd': ['/usr/local/bin/cmake', '--build', '/data/rl_deploy/build/node_driver_msgs', '--', '-j8', '-l8'], 'cwd': '/data/rl_deploy/build/node_driver_msgs', 'env': OrderedDict([('LESSOPEN', '| /usr/bin/lesspipe %s'), ('USER', 'root'), ('SSH_CLIENT', '192.168.8.113 50272 22'), ('LC_TIME', 'zh_CN.UTF-8'), ('XDG_SESSION_TYPE', 'tty'), ('GIT_ASKPASS', '/root/.vscode-server/cli/servers/Stable-61b3d0ab13be7dda2389f1d3e60a119c7f660cc3/server/extensions/git/dist/askpass.sh'), ('SHLVL', '2'), ('LD_LIBRARY_PATH', '/opt/ros/humble/lib/aarch64-linux-gnu:/opt/ros/humble/lib::/app/lib:/app/lib:/usr/local/cuda-12/lib64:/usr/local/cuda-12/lib64:/usr/local/cuda-12/lib64'), ('BROWSER', '/root/.vscode-server/cli/servers/Stable-61b3d0ab13be7dda2389f1d3e60a119c7f660cc3/server/bin/helpers/browser.sh'), ('LYOS_LOCALHOST_ONLY', '1'), ('MOTD_SHOWN', 'pam'), ('HOME', '/root'), ('OLDPWD', '/root/.vscode-server'), ('TERM_PROGRAM_VERSION', '1.110.1'), ('VSCODE_IPC_HOOK_CLI', '/run/user/0/vscode-ipc-2d12e5c4-ef4a-4996-a4ea-3ebfab8c4620.sock'), ('JETSON_L4T', '36.4.4'), ('ROS_PYTHON_VERSION', '3'), ('JETSON_MODEL', 'NVIDIA Jetson Orin NX Engineering Reference Developer Kit Super'), ('VSCODE_GIT_ASKPASS_MAIN', '/root/.vscode-server/cli/servers/Stable-61b3d0ab13be7dda2389f1d3e60a119c7f660cc3/server/extensions/git/dist/askpass-main.js'), ('LC_MONETARY', 'zh_CN.UTF-8'), ('VSCODE_GIT_ASKPASS_NODE', '/root/.vscode-server/cli/servers/Stable-61b3d0ab13be7dda2389f1d3e60a119c7f660cc3/server/node'), ('VSCODE_PYTHON_AUTOACTIVATE_GUARD', '1'), ('DBUS_SESSION_BUS_ADDRESS', 'unix:path=/run/user/0/bus'), ('COLORTERM', 'truecolor'), ('LYOS_DOMAIN_ID', '18:45:b3:02:00:08'), ('DEBUGINFOD_URLS', ''), ('ROS_DISTRO', 'humble'), ('LOGNAME', 'root'), ('JETSON_MODULE', 'NVIDIA Jetson Orin NX (16GB ram)'), ('JETSON_SERIAL_NUMBER', 'DummySN'), ('_', '/usr/bin/colcon'), ('ROS_VERSION', '2'), ('XDG_SESSION_CLASS', 'user'), ('TERM', 'xterm-256color'), ('XDG_SESSION_ID', '5'), ('ROS_LOCALHOST_ONLY', '1'), ('PATH', '/root/.vscode-server/cli/servers/Stable-61b3d0ab13be7dda2389f1d3e60a119c7f660cc3/server/bin/remote-cli:/opt/ros/humble/bin:/usr/local/sbin:/usr/local/bin:/usr/sbin:/usr/bin:/sbin:/bin:/usr/games:/usr/local/games:/snap/bin:/app/bin:/app/bin:/usr/local/cuda-12/bin:/usr/local/cuda-12/bin:/usr/local/cuda-12/bin'), ('LC_ADDRESS', 'zh_CN.UTF-8'), ('XDG_RUNTIME_DIR', '/run/user/0'), ('LANG', 'en_US.UTF-8'), ('LC_TELEPHONE', 'zh_CN.UTF-8'), ('LS_COLORS', 'rs=0:di=01;34:ln=01;36:mh=00:pi=40;33:so=01;35:do=01;35:bd=40;33;01:cd=40;33;01:or=40;31;01:mi=00:su=37;41:sg=30;43:ca=30;41:tw=30;42:ow=34;42:st=37;44:ex=01;32:*.tar=01;31:*.tgz=01;31:*.arc=01;31:*.arj=01;31:*.taz=01;31:*.lha=01;31:*.lz4=01;31:*.lzh=01;31:*.lzma=01;31:*.tlz=01;31:*.txz=01;31:*.tzo=01;31:*.t7z=01;31:*.zip=01;31:*.z=01;31:*.dz=01;31:*.gz=01;31:*.lrz=01;31:*.lz=01;31:*.lzo=01;31:*.xz=01;31:*.zst=01;31:*.tzst=01;31:*.bz2=01;31:*.bz=01;31:*.tbz=01;31:*.tbz2=01;31:*.tz=01;31:*.deb=01;31:*.rpm=01;31:*.jar=01;31:*.war=01;31:*.ear=01;31:*.sar=01;31:*.rar=01;31:*.alz=01;31:*.ace=01;31:*.zoo=01;31:*.cpio=01;31:*.7z=01;31:*.rz=01;31:*.cab=01;31:*.wim=01;31:*.swm=01;31:*.dwm=01;31:*.esd=01;31:*.jpg=01;35:*.jpeg=01;35:*.mjpg=01;35:*.mjpeg=01;35:*.gif=01;35:*.bmp=01;35:*.pbm=01;35:*.pgm=01;35:*.ppm=01;35:*.tga=01;35:*.xbm=01;35:*.xpm=01;35:*.tif=01;35:*.tiff=01;35:*.png=01;35:*.svg=01;35:*.svgz=01;35:*.mng=01;35:*.pcx=01;35:*.mov=01;35:*.mpg=01;35:*.mpeg=01;35:*.m2v=01;35:*.mkv=01;35:*.webm=01;35:*.webp=01;35:*.ogm=01;35:*.mp4=01;35:*.m4v=01;35:*.mp4v=01;35:*.vob=01;35:*.qt=01;35:*.nuv=01;35:*.wmv=01;35:*.asf=01;35:*.rm=01;35:*.rmvb=01;35:*.flc=01;35:*.avi=01;35:*.fli=01;35:*.flv=01;35:*.gl=01;35:*.dl=01;35:*.xcf=01;35:*.xwd=01;35:*.yuv=01;35:*.cgm=01;35:*.emf=01;35:*.ogv=01;35:*.ogx=01;35:*.aac=00;36:*.au=00;36:*.flac=00;36:*.m4a=00;36:*.mid=00;36:*.midi=00;36:*.mka=00;36:*.mp3=00;36:*.mpc=00;36:*.ogg=00;36:*.ra=00;36:*.wav=00;36:*.oga=00;36:*.opus=00;36:*.spx=00;36:*.xspf=00;36:'), ('JETSON_SOC', 'tegra234'), ('VSCODE_GIT_IPC_HANDLE', '/run/user/0/vscode-git-994ffc2805.sock'), ('TERM_PROGRAM', 'vscode'), ('ROSDISTRO_INDEX_URL', 'https://mirrors.tuna.tsinghua.edu.cn/rosdistro/index_v4.yaml'), ('ROS_DOMAIN_ID', '193'), ('AMENT_PREFIX_PATH', '/opt/ros/humble'), ('SHELL', '/bin/bash'), ('LC_NAME', 'zh_CN.UTF-8'), ('LESSCLOSE', '/usr/bin/lesspipe %s %s'), ('LC_MEASUREMENT', 'zh_CN.UTF-8'), ('LC_IDENTIFICATION', 'zh_CN.UTF-8'), ('VSCODE_GIT_ASKPASS_EXTRA_ARGS', ''), ('JETSON_CUDA_ARCH_BIN', '8.7'), ('PWD', '/data/rl_deploy/build/node_driver_msgs'), ('LC_ALL', 'en_US.UTF-8'), ('SSH_CONNECTION', '192.168.8.113 50272 192.168.8.111 22'), ('XDG_DATA_DIRS', '/usr/share/gnome:/usr/local/share:/usr/share:/var/lib/snapd/desktop'), ('PYTHONPATH', '/opt/ros/humble/lib/python3.10/site-packages:/opt/ros/humble/local/lib/python3.10/dist-packages'), ('LC_NUMERIC', 'zh_CN.UTF-8'), ('LC_PAPER', 'zh_CN.UTF-8'), ('COLCON', '1'), ('JETSON_JETPACK', '6.2.1'), ('JETSON_P_NUMBER', 'p3767-0000'), ('CMAKE_PREFIX_PATH', '/opt/ros/humble')]), 'shell': False}
[0.099519] (-) TimerEvent: {}
[0.200153] (-) TimerEvent: {}
[0.203053] (node_control_msgs) StdoutLine: {'line': b'[  1%] Built target node_control_msgs__rs\n'}
[0.212239] (node_control_msgs) StdoutLine: {'line': b'[  1%] Built target node_control_msgs__cpp\n'}
[0.218276] (node_control_msgs) StdoutLine: {'line': b'[ 13%] Built target node_control_msgs__rosidl_generator_c\n'}
[0.224375] (node_control_msgs) StdoutLine: {'line': b'[ 13%] Built target ament_cmake_python_copy_node_control_msgs\n'}
[0.250498] (node_driver_msgs) StdoutLine: {'line': b'[ 10%] Built target node_driver_msgs__rosidl_generator_c\n'}
[0.254444] (node_control_msgs) StdoutLine: {'line': b'[ 25%] Built target node_control_msgs__rosidl_typesupport_cpp\n'}
[0.259239] (node_driver_msgs) StdoutLine: {'line': b'[ 12%] Built target node_driver_msgs__rs\n'}
[0.260504] (node_driver_msgs) StdoutLine: {'line': b'[ 15%] Built target node_driver_msgs__cpp\n'}
[0.264703] (node_control_msgs) StdoutLine: {'line': b'[ 51%] Built target node_control_msgs__rosidl_typesupport_introspection_c\n'}
[0.265697] (node_control_msgs) StdoutLine: {'line': b'[ 57%] Built target node_control_msgs__rosidl_typesupport_c\n'}
[0.266054] (node_control_msgs) StdoutLine: {'line': b'[ 59%] Built target node_control_msgs__rosidl_typesupport_fastrtps_cpp\n'}
[0.268591] (node_control_msgs) StdoutLine: {'line': b'[ 70%] Built target node_control_msgs__rosidl_typesupport_fastrtps_c\n'}
[0.272938] (node_control_msgs) StdoutLine: {'line': b'[ 82%] Built target node_control_msgs__rosidl_typesupport_introspection_cpp\n'}
[0.283048] (node_driver_msgs) StdoutLine: {'line': b'[ 15%] Built target ament_cmake_python_copy_node_driver_msgs\n'}
[0.300475] (-) TimerEvent: {}
[0.301960] (node_driver_msgs) StdoutLine: {'line': b'[ 25%] Built target node_driver_msgs__rosidl_typesupport_introspection_c\n'}
[0.302296] (node_driver_msgs) StdoutLine: {'line': b'[ 35%] Built target node_driver_msgs__rosidl_typesupport_c\n'}
[0.307338] (node_driver_msgs) StdoutLine: {'line': b'[ 45%] Built target node_driver_msgs__rosidl_typesupport_fastrtps_c\n'}
[0.313959] (node_control_msgs) StdoutLine: {'line': b'[ 82%] Built target node_control_msgs\n'}
[0.315060] (node_driver_msgs) StdoutLine: {'line': b'[ 55%] Built target node_driver_msgs__rosidl_typesupport_cpp\n'}
[0.321017] (node_driver_msgs) StdoutLine: {'line': b'[ 65%] Built target node_driver_msgs__rosidl_typesupport_fastrtps_cpp\n'}
[0.324846] (node_driver_msgs) StdoutLine: {'line': b'[ 75%] Built target node_driver_msgs__rosidl_typesupport_introspection_cpp\n'}
[0.343979] (node_control_msgs) StdoutLine: {'line': b'[ 83%] Built target node_control_msgs__py\n'}
[0.350253] (node_driver_msgs) StdoutLine: {'line': b'[ 75%] Built target node_driver_msgs\n'}
[0.373467] (node_driver_msgs) StdoutLine: {'line': b'[ 77%] Built target node_driver_msgs__py\n'}
[0.381467] (node_control_msgs) StdoutLine: {'line': b'[ 94%] Built target node_control_msgs__rosidl_generator_py\n'}
[0.400615] (-) TimerEvent: {}
[0.401881] (node_driver_msgs) StdoutLine: {'line': b'[ 85%] Built target node_driver_msgs__rosidl_generator_py\n'}
[0.410351] (node_control_msgs) StdoutLine: {'line': b'[ 98%] Built target node_control_msgs__rosidl_typesupport_fastrtps_c__pyext\n'}
[0.410910] (node_control_msgs) StdoutLine: {'line': b'[ 98%] Built target node_control_msgs__rosidl_typesupport_introspection_c__pyext\n'}
[0.429633] (node_control_msgs) StdoutLine: {'line': b'[100%] Built target node_control_msgs__rosidl_typesupport_c__pyext\n'}
[0.430644] (node_driver_msgs) StdoutLine: {'line': b'[ 90%] Built target node_driver_msgs__rosidl_typesupport_fastrtps_c__pyext\n'}
[0.442370] (node_driver_msgs) StdoutLine: {'line': b'[ 95%] Built target node_driver_msgs__rosidl_typesupport_c__pyext\n'}
[0.446905] (node_driver_msgs) StdoutLine: {'line': b'[100%] Built target node_driver_msgs__rosidl_typesupport_introspection_c__pyext\n'}
[0.500807] (-) TimerEvent: {}
[0.601352] (-) TimerEvent: {}
[0.678689] (node_driver_msgs) StdoutLine: {'line': b'running egg_info\n'}
[0.680124] (node_driver_msgs) StdoutLine: {'line': b'writing node_driver_msgs.egg-info/PKG-INFO\n'}
[0.680602] (node_driver_msgs) StdoutLine: {'line': b'writing dependency_links to node_driver_msgs.egg-info/dependency_links.txt\n'}
[0.680950] (node_driver_msgs) StdoutLine: {'line': b'writing top-level names to node_driver_msgs.egg-info/top_level.txt\n'}
[0.684753] (node_driver_msgs) StdoutLine: {'line': b"reading manifest file 'node_driver_msgs.egg-info/SOURCES.txt'\n"}
[0.685728] (node_driver_msgs) StdoutLine: {'line': b"writing manifest file 'node_driver_msgs.egg-info/SOURCES.txt'\n"}
[0.690741] (node_control_msgs) StdoutLine: {'line': b'running egg_info\n'}
[0.692915] (node_control_msgs) StdoutLine: {'line': b'writing node_control_msgs.egg-info/PKG-INFO\n'}
[0.693664] (node_control_msgs) StdoutLine: {'line': b'writing dependency_links to node_control_msgs.egg-info/dependency_links.txt\n'}
[0.694150] (node_control_msgs) StdoutLine: {'line': b'writing top-level names to node_control_msgs.egg-info/top_level.txt\n'}
[0.699567] (node_control_msgs) StdoutLine: {'line': b"reading manifest file 'node_control_msgs.egg-info/SOURCES.txt'\n"}
[0.701064] (node_control_msgs) StdoutLine: {'line': b"writing manifest file 'node_control_msgs.egg-info/SOURCES.txt'\n"}
[0.701424] (-) TimerEvent: {}
[0.742251] (node_driver_msgs) StdoutLine: {'line': b'[100%] Built target ament_cmake_python_build_node_driver_msgs_egg\n'}
[0.754059] (node_driver_msgs) CommandEnded: {'returncode': 0}
[0.755934] (node_driver_msgs) JobProgress: {'identifier': 'node_driver_msgs', 'progress': 'install'}
[0.762416] (node_control_msgs) StdoutLine: {'line': b'[100%] Built target ament_cmake_python_build_node_control_msgs_egg\n'}
[0.801700] (-) TimerEvent: {}
[0.902183] (-) TimerEvent: {}
[0.913472] (node_driver_msgs) Command: {'cmd': ['/usr/local/bin/cmake', '--install', '/data/rl_deploy/build/node_driver_msgs'], 'cwd': '/data/rl_deploy/build/node_driver_msgs', 'env': OrderedDict([('LESSOPEN', '| /usr/bin/lesspipe %s'), ('USER', 'root'), ('SSH_CLIENT', '192.168.8.113 50272 22'), ('LC_TIME', 'zh_CN.UTF-8'), ('XDG_SESSION_TYPE', 'tty'), ('GIT_ASKPASS', '/root/.vscode-server/cli/servers/Stable-61b3d0ab13be7dda2389f1d3e60a119c7f660cc3/server/extensions/git/dist/askpass.sh'), ('SHLVL', '2'), ('LD_LIBRARY_PATH', '/opt/ros/humble/lib/aarch64-linux-gnu:/opt/ros/humble/lib::/app/lib:/app/lib:/usr/local/cuda-12/lib64:/usr/local/cuda-12/lib64:/usr/local/cuda-12/lib64'), ('BROWSER', '/root/.vscode-server/cli/servers/Stable-61b3d0ab13be7dda2389f1d3e60a119c7f660cc3/server/bin/helpers/browser.sh'), ('LYOS_LOCALHOST_ONLY', '1'), ('MOTD_SHOWN', 'pam'), ('HOME', '/root'), ('OLDPWD', '/root/.vscode-server'), ('TERM_PROGRAM_VERSION', '1.110.1'), ('VSCODE_IPC_HOOK_CLI', '/run/user/0/vscode-ipc-2d12e5c4-ef4a-4996-a4ea-3ebfab8c4620.sock'), ('JETSON_L4T', '36.4.4'), ('ROS_PYTHON_VERSION', '3'), ('JETSON_MODEL', 'NVIDIA Jetson Orin NX Engineering Reference Developer Kit Super'), ('VSCODE_GIT_ASKPASS_MAIN', '/root/.vscode-server/cli/servers/Stable-61b3d0ab13be7dda2389f1d3e60a119c7f660cc3/server/extensions/git/dist/askpass-main.js'), ('LC_MONETARY', 'zh_CN.UTF-8'), ('VSCODE_GIT_ASKPASS_NODE', '/root/.vscode-server/cli/servers/Stable-61b3d0ab13be7dda2389f1d3e60a119c7f660cc3/server/node'), ('VSCODE_PYTHON_AUTOACTIVATE_GUARD', '1'), ('DBUS_SESSION_BUS_ADDRESS', 'unix:path=/run/user/0/bus'), ('COLORTERM', 'truecolor'), ('LYOS_DOMAIN_ID', '18:45:b3:02:00:08'), ('DEBUGINFOD_URLS', ''), ('ROS_DISTRO', 'humble'), ('LOGNAME', 'root'), ('JETSON_MODULE', 'NVIDIA Jetson Orin NX (16GB ram)'), ('JETSON_SERIAL_NUMBER', 'DummySN'), ('_', '/usr/bin/colcon'), ('ROS_VERSION', '2'), ('XDG_SESSION_CLASS', 'user'), ('TERM', 'xterm-256color'), ('XDG_SESSION_ID', '5'), ('ROS_LOCALHOST_ONLY', '1'), ('PATH', '/root/.vscode-server/cli/servers/Stable-61b3d0ab13be7dda2389f1d3e60a119c7f660cc3/server/bin/remote-cli:/opt/ros/humble/bin:/usr/local/sbin:/usr/local/bin:/usr/sbin:/usr/bin:/sbin:/bin:/usr/games:/usr/local/games:/snap/bin:/app/bin:/app/bin:/usr/local/cuda-12/bin:/usr/local/cuda-12/bin:/usr/local/cuda-12/bin'), ('LC_ADDRESS', 'zh_CN.UTF-8'), ('XDG_RUNTIME_DIR', '/run/user/0'), ('LANG', 'en_US.UTF-8'), ('LC_TELEPHONE', 'zh_CN.UTF-8'), ('LS_COLORS', 'rs=0:di=01;34:ln=01;36:mh=00:pi=40;33:so=01;35:do=01;35:bd=40;33;01:cd=40;33;01:or=40;31;01:mi=00:su=37;41:sg=30;43:ca=30;41:tw=30;42:ow=34;42:st=37;44:ex=01;32:*.tar=01;31:*.tgz=01;31:*.arc=01;31:*.arj=01;31:*.taz=01;31:*.lha=01;31:*.lz4=01;31:*.lzh=01;31:*.lzma=01;31:*.tlz=01;31:*.txz=01;31:*.tzo=01;31:*.t7z=01;31:*.zip=01;31:*.z=01;31:*.dz=01;31:*.gz=01;31:*.lrz=01;31:*.lz=01;31:*.lzo=01;31:*.xz=01;31:*.zst=01;31:*.tzst=01;31:*.bz2=01;31:*.bz=01;31:*.tbz=01;31:*.tbz2=01;31:*.tz=01;31:*.deb=01;31:*.rpm=01;31:*.jar=01;31:*.war=01;31:*.ear=01;31:*.sar=01;31:*.rar=01;31:*.alz=01;31:*.ace=01;31:*.zoo=01;31:*.cpio=01;31:*.7z=01;31:*.rz=01;31:*.cab=01;31:*.wim=01;31:*.swm=01;31:*.dwm=01;31:*.esd=01;31:*.jpg=01;35:*.jpeg=01;35:*.mjpg=01;35:*.mjpeg=01;35:*.gif=01;35:*.bmp=01;35:*.pbm=01;35:*.pgm=01;35:*.ppm=01;35:*.tga=01;35:*.xbm=01;35:*.xpm=01;35:*.tif=01;35:*.tiff=01;35:*.png=01;35:*.svg=01;35:*.svgz=01;35:*.mng=01;35:*.pcx=01;35:*.mov=01;35:*.mpg=01;35:*.mpeg=01;35:*.m2v=01;35:*.mkv=01;35:*.webm=01;35:*.webp=01;35:*.ogm=01;35:*.mp4=01;35:*.m4v=01;35:*.mp4v=01;35:*.vob=01;35:*.qt=01;35:*.nuv=01;35:*.wmv=01;35:*.asf=01;35:*.rm=01;35:*.rmvb=01;35:*.flc=01;35:*.avi=01;35:*.fli=01;35:*.flv=01;35:*.gl=01;35:*.dl=01;35:*.xcf=01;35:*.xwd=01;35:*.yuv=01;35:*.cgm=01;35:*.emf=01;35:*.ogv=01;35:*.ogx=01;35:*.aac=00;36:*.au=00;36:*.flac=00;36:*.m4a=00;36:*.mid=00;36:*.midi=00;36:*.mka=00;36:*.mp3=00;36:*.mpc=00;36:*.ogg=00;36:*.ra=00;36:*.wav=00;36:*.oga=00;36:*.opus=00;36:*.spx=00;36:*.xspf=00;36:'), ('JETSON_SOC', 'tegra234'), ('VSCODE_GIT_IPC_HANDLE', '/run/user/0/vscode-git-994ffc2805.sock'), ('TERM_PROGRAM', 'vscode'), ('ROSDISTRO_INDEX_URL', 'https://mirrors.tuna.tsinghua.edu.cn/rosdistro/index_v4.yaml'), ('ROS_DOMAIN_ID', '193'), ('AMENT_PREFIX_PATH', '/opt/ros/humble'), ('SHELL', '/bin/bash'), ('LC_NAME', 'zh_CN.UTF-8'), ('LESSCLOSE', '/usr/bin/lesspipe %s %s'), ('LC_MEASUREMENT', 'zh_CN.UTF-8'), ('LC_IDENTIFICATION', 'zh_CN.UTF-8'), ('VSCODE_GIT_ASKPASS_EXTRA_ARGS', ''), ('JETSON_CUDA_ARCH_BIN', '8.7'), ('PWD', '/data/rl_deploy/build/node_driver_msgs'), ('LC_ALL', 'en_US.UTF-8'), ('SSH_CONNECTION', '192.168.8.113 50272 192.168.8.111 22'), ('XDG_DATA_DIRS', '/usr/share/gnome:/usr/local/share:/usr/share:/var/lib/snapd/desktop'), ('PYTHONPATH', '/opt/ros/humble/lib/python3.10/site-packages:/opt/ros/humble/local/lib/python3.10/dist-packages'), ('LC_NUMERIC', 'zh_CN.UTF-8'), ('LC_PAPER', 'zh_CN.UTF-8'), ('COLCON', '1'), ('JETSON_JETPACK', '6.2.1'), ('JETSON_P_NUMBER', 'p3767-0000'), ('CMAKE_PREFIX_PATH', '/opt/ros/humble')]), 'shell': False}
[0.917449] (node_control_msgs) CommandEnded: {'returncode': 0}
[0.918933] (node_control_msgs) JobProgress: {'identifier': 'node_control_msgs', 'progress': 'install'}
[0.919297] (node_control_msgs) Command: {'cmd': ['/usr/local/bin/cmake', '--install', '/data/rl_deploy/build/node_control_msgs'], 'cwd': '/data/rl_deploy/build/node_control_msgs', 'env': OrderedDict([('LESSOPEN', '| /usr/bin/lesspipe %s'), ('USER', 'root'), ('SSH_CLIENT', '192.168.8.113 50272 22'), ('LC_TIME', 'zh_CN.UTF-8'), ('XDG_SESSION_TYPE', 'tty'), ('GIT_ASKPASS', '/root/.vscode-server/cli/servers/Stable-61b3d0ab13be7dda2389f1d3e60a119c7f660cc3/server/extensions/git/dist/askpass.sh'), ('SHLVL', '2'), ('LD_LIBRARY_PATH', '/opt/ros/humble/lib/aarch64-linux-gnu:/opt/ros/humble/lib::/app/lib:/app/lib:/usr/local/cuda-12/lib64:/usr/local/cuda-12/lib64:/usr/local/cuda-12/lib64'), ('BROWSER', '/root/.vscode-server/cli/servers/Stable-61b3d0ab13be7dda2389f1d3e60a119c7f660cc3/server/bin/helpers/browser.sh'), ('LYOS_LOCALHOST_ONLY', '1'), ('MOTD_SHOWN', 'pam'), ('HOME', '/root'), ('OLDPWD', '/root/.vscode-server'), ('TERM_PROGRAM_VERSION', '1.110.1'), ('VSCODE_IPC_HOOK_CLI', '/run/user/0/vscode-ipc-2d12e5c4-ef4a-4996-a4ea-3ebfab8c4620.sock'), ('JETSON_L4T', '36.4.4'), ('ROS_PYTHON_VERSION', '3'), ('JETSON_MODEL', 'NVIDIA Jetson Orin NX Engineering Reference Developer Kit Super'), ('VSCODE_GIT_ASKPASS_MAIN', '/root/.vscode-server/cli/servers/Stable-61b3d0ab13be7dda2389f1d3e60a119c7f660cc3/server/extensions/git/dist/askpass-main.js'), ('LC_MONETARY', 'zh_CN.UTF-8'), ('VSCODE_GIT_ASKPASS_NODE', '/root/.vscode-server/cli/servers/Stable-61b3d0ab13be7dda2389f1d3e60a119c7f660cc3/server/node'), ('VSCODE_PYTHON_AUTOACTIVATE_GUARD', '1'), ('DBUS_SESSION_BUS_ADDRESS', 'unix:path=/run/user/0/bus'), ('COLORTERM', 'truecolor'), ('LYOS_DOMAIN_ID', '18:45:b3:02:00:08'), ('DEBUGINFOD_URLS', ''), ('ROS_DISTRO', 'humble'), ('LOGNAME', 'root'), ('JETSON_MODULE', 'NVIDIA Jetson Orin NX (16GB ram)'), ('JETSON_SERIAL_NUMBER', 'DummySN'), ('_', '/usr/bin/colcon'), ('ROS_VERSION', '2'), ('XDG_SESSION_CLASS', 'user'), ('TERM', 'xterm-256color'), ('XDG_SESSION_ID', '5'), ('ROS_LOCALHOST_ONLY', '1'), ('PATH', '/root/.vscode-server/cli/servers/Stable-61b3d0ab13be7dda2389f1d3e60a119c7f660cc3/server/bin/remote-cli:/opt/ros/humble/bin:/usr/local/sbin:/usr/local/bin:/usr/sbin:/usr/bin:/sbin:/bin:/usr/games:/usr/local/games:/snap/bin:/app/bin:/app/bin:/usr/local/cuda-12/bin:/usr/local/cuda-12/bin:/usr/local/cuda-12/bin'), ('LC_ADDRESS', 'zh_CN.UTF-8'), ('XDG_RUNTIME_DIR', '/run/user/0'), ('LANG', 'en_US.UTF-8'), ('LC_TELEPHONE', 'zh_CN.UTF-8'), ('LS_COLORS', 'rs=0:di=01;34:ln=01;36:mh=00:pi=40;33:so=01;35:do=01;35:bd=40;33;01:cd=40;33;01:or=40;31;01:mi=00:su=37;41:sg=30;43:ca=30;41:tw=30;42:ow=34;42:st=37;44:ex=01;32:*.tar=01;31:*.tgz=01;31:*.arc=01;31:*.arj=01;31:*.taz=01;31:*.lha=01;31:*.lz4=01;31:*.lzh=01;31:*.lzma=01;31:*.tlz=01;31:*.txz=01;31:*.tzo=01;31:*.t7z=01;31:*.zip=01;31:*.z=01;31:*.dz=01;31:*.gz=01;31:*.lrz=01;31:*.lz=01;31:*.lzo=01;31:*.xz=01;31:*.zst=01;31:*.tzst=01;31:*.bz2=01;31:*.bz=01;31:*.tbz=01;31:*.tbz2=01;31:*.tz=01;31:*.deb=01;31:*.rpm=01;31:*.jar=01;31:*.war=01;31:*.ear=01;31:*.sar=01;31:*.rar=01;31:*.alz=01;31:*.ace=01;31:*.zoo=01;31:*.cpio=01;31:*.7z=01;31:*.rz=01;31:*.cab=01;31:*.wim=01;31:*.swm=01;31:*.dwm=01;31:*.esd=01;31:*.jpg=01;35:*.jpeg=01;35:*.mjpg=01;35:*.mjpeg=01;35:*.gif=01;35:*.bmp=01;35:*.pbm=01;35:*.pgm=01;35:*.ppm=01;35:*.tga=01;35:*.xbm=01;35:*.xpm=01;35:*.tif=01;35:*.tiff=01;35:*.png=01;35:*.svg=01;35:*.svgz=01;35:*.mng=01;35:*.pcx=01;35:*.mov=01;35:*.mpg=01;35:*.mpeg=01;35:*.m2v=01;35:*.mkv=01;35:*.webm=01;35:*.webp=01;35:*.ogm=01;35:*.mp4=01;35:*.m4v=01;35:*.mp4v=01;35:*.vob=01;35:*.qt=01;35:*.nuv=01;35:*.wmv=01;35:*.asf=01;35:*.rm=01;35:*.rmvb=01;35:*.flc=01;35:*.avi=01;35:*.fli=01;35:*.flv=01;35:*.gl=01;35:*.dl=01;35:*.xcf=01;35:*.xwd=01;35:*.yuv=01;35:*.cgm=01;35:*.emf=01;35:*.ogv=01;35:*.ogx=01;35:*.aac=00;36:*.au=00;36:*.flac=00;36:*.m4a=00;36:*.mid=00;36:*.midi=00;36:*.mka=00;36:*.mp3=00;36:*.mpc=00;36:*.ogg=00;36:*.ra=00;36:*.wav=00;36:*.oga=00;36:*.opus=00;36:*.spx=00;36:*.xspf=00;36:'), ('JETSON_SOC', 'tegra234'), ('VSCODE_GIT_IPC_HANDLE', '/run/user/0/vscode-git-994ffc2805.sock'), ('TERM_PROGRAM', 'vscode'), ('ROSDISTRO_INDEX_URL', 'https://mirrors.tuna.tsinghua.edu.cn/rosdistro/index_v4.yaml'), ('ROS_DOMAIN_ID', '193'), ('AMENT_PREFIX_PATH', '/opt/ros/humble'), ('SHELL', '/bin/bash'), ('LC_NAME', 'zh_CN.UTF-8'), ('LESSCLOSE', '/usr/bin/lesspipe %s %s'), ('LC_MEASUREMENT', 'zh_CN.UTF-8'), ('LC_IDENTIFICATION', 'zh_CN.UTF-8'), ('VSCODE_GIT_ASKPASS_EXTRA_ARGS', ''), ('JETSON_CUDA_ARCH_BIN', '8.7'), ('PWD', '/data/rl_deploy/build/node_control_msgs'), ('LC_ALL', 'en_US.UTF-8'), ('SSH_CONNECTION', '192.168.8.113 50272 192.168.8.111 22'), ('XDG_DATA_DIRS', '/usr/share/gnome:/usr/local/share:/usr/share:/var/lib/snapd/desktop'), ('PYTHONPATH', '/opt/ros/humble/lib/python3.10/site-packages:/opt/ros/humble/local/lib/python3.10/dist-packages'), ('LC_NUMERIC', 'zh_CN.UTF-8'), ('LC_PAPER', 'zh_CN.UTF-8'), ('COLCON', '1'), ('JETSON_JETPACK', '6.2.1'), ('JETSON_P_NUMBER', 'p3767-0000'), ('CMAKE_PREFIX_PATH', '/opt/ros/humble')]), 'shell': False}
[1.002312] (-) TimerEvent: {}
[1.051570] (node_driver_msgs) StdoutLine: {'line': b'-- Install configuration: ""\n'}
[1.051979] (node_driver_msgs) StdoutLine: {'line': b'-- Up-to-date: /data/rl_deploy/install/node_driver_msgs/share/ament_index/resource_index/rosidl_interfaces/node_driver_msgs\n'}
[1.052712] (node_driver_msgs) StdoutLine: {'line': b'-- Up-to-date: /data/rl_deploy/install/node_driver_msgs/include/node_driver_msgs/node_driver_msgs\n'}
[1.052972] (node_driver_msgs) StdoutLine: {'line': b'-- Up-to-date: /data/rl_deploy/install/node_driver_msgs/include/node_driver_msgs/node_driver_msgs/msg\n'}
[1.053148] (node_driver_msgs) StdoutLine: {'line': b'-- Up-to-date: /data/rl_deploy/install/node_driver_msgs/include/node_driver_msgs/node_driver_msgs/msg/sensormsgcontrol.h\n'}
[1.053363] (node_driver_msgs) StdoutLine: {'line': b'-- Up-to-date: /data/rl_deploy/install/node_driver_msgs/include/node_driver_msgs/node_driver_msgs/msg/detail\n'}
[1.053617] (node_driver_msgs) StdoutLine: {'line': b'-- Up-to-date: /data/rl_deploy/install/node_driver_msgs/include/node_driver_msgs/node_driver_msgs/msg/detail/sensormsgcontrol__type_support.h\n'}
[1.053772] (node_driver_msgs) StdoutLine: {'line': b'-- Up-to-date: /data/rl_deploy/install/node_driver_msgs/include/node_driver_msgs/node_driver_msgs/msg/detail/sensormsgcontrol__functions.h\n'}
[1.053937] (node_driver_msgs) StdoutLine: {'line': b'-- Up-to-date: /data/rl_deploy/install/node_driver_msgs/include/node_driver_msgs/node_driver_msgs/msg/detail/sensormsgstate__functions.h\n'}
[1.054087] (node_driver_msgs) StdoutLine: {'line': b'-- Up-to-date: /data/rl_deploy/install/node_driver_msgs/include/node_driver_msgs/node_driver_msgs/msg/detail/sensormsgcontrol__struct.h\n'}
[1.054419] (node_driver_msgs) StdoutLine: {'line': b'-- Up-to-date: /data/rl_deploy/install/node_driver_msgs/include/node_driver_msgs/node_driver_msgs/msg/detail/sensormsgstate__struct.h\n'}
[1.054678] (node_driver_msgs) StdoutLine: {'line': b'-- Up-to-date: /data/rl_deploy/install/node_driver_msgs/include/node_driver_msgs/node_driver_msgs/msg/detail/sensormsgcontrol__functions.c\n'}
[1.054909] (node_driver_msgs) StdoutLine: {'line': b'-- Up-to-date: /data/rl_deploy/install/node_driver_msgs/include/node_driver_msgs/node_driver_msgs/msg/detail/sensormsgstate__functions.c\n'}
[1.055102] (node_driver_msgs) StdoutLine: {'line': b'-- Up-to-date: /data/rl_deploy/install/node_driver_msgs/include/node_driver_msgs/node_driver_msgs/msg/detail/sensormsgstate__type_support.h\n'}
[1.055281] (node_driver_msgs) StdoutLine: {'line': b'-- Up-to-date: /data/rl_deploy/install/node_driver_msgs/include/node_driver_msgs/node_driver_msgs/msg/rosidl_generator_c__visibility_control.h\n'}
[1.055390] (node_driver_msgs) StdoutLine: {'line': b'-- Up-to-date: /data/rl_deploy/install/node_driver_msgs/include/node_driver_msgs/node_driver_msgs/msg/sensormsgstate.h\n'}
[1.055641] (node_driver_msgs) StdoutLine: {'line': b'-- Up-to-date: /data/rl_deploy/install/node_driver_msgs/share/node_driver_msgs/environment/library_path.sh\n'}
[1.055799] (node_driver_msgs) StdoutLine: {'line': b'-- Up-to-date: /data/rl_deploy/install/node_driver_msgs/share/node_driver_msgs/environment/library_path.dsv\n'}
[1.055963] (node_driver_msgs) StdoutLine: {'line': b'-- Up-to-date: /data/rl_deploy/install/node_driver_msgs/lib/libnode_driver_msgs__rosidl_generator_c.so\n'}
[1.056091] (node_driver_msgs) StdoutLine: {'line': b'-- Up-to-date: /data/rl_deploy/install/node_driver_msgs/include/node_driver_msgs/node_driver_msgs\n'}
[1.056497] (node_driver_msgs) StdoutLine: {'line': b'-- Up-to-date: /data/rl_deploy/install/node_driver_msgs/include/node_driver_msgs/node_driver_msgs/msg\n'}
[1.056718] (node_driver_msgs) StdoutLine: {'line': b'-- Up-to-date: /data/rl_deploy/install/node_driver_msgs/include/node_driver_msgs/node_driver_msgs/msg/detail\n'}
[1.056958] (node_driver_msgs) StdoutLine: {'line': b'-- Up-to-date: /data/rl_deploy/install/node_driver_msgs/include/node_driver_msgs/node_driver_msgs/msg/detail/sensormsgcontrol__rosidl_typesupport_fastrtps_c.h\n'}
[1.057118] (node_driver_msgs) StdoutLine: {'line': b'-- Up-to-date: /data/rl_deploy/install/node_driver_msgs/include/node_driver_msgs/node_driver_msgs/msg/detail/sensormsgstate__rosidl_typesupport_fastrtps_c.h\n'}
[1.057287] (node_driver_msgs) StdoutLine: {'line': b'-- Up-to-date: /data/rl_deploy/install/node_driver_msgs/include/node_driver_msgs/node_driver_msgs/msg/rosidl_typesupport_fastrtps_c__visibility_control.h\n'}
[1.057399] (node_driver_msgs) StdoutLine: {'line': b'-- Up-to-date: /data/rl_deploy/install/node_driver_msgs/lib/libnode_driver_msgs__rosidl_typesupport_fastrtps_c.so\n'}
[1.057652] (node_driver_msgs) StdoutLine: {'line': b'-- Up-to-date: /data/rl_deploy/install/node_driver_msgs/include/node_driver_msgs/node_driver_msgs\n'}
[1.057787] (node_driver_msgs) StdoutLine: {'line': b'-- Up-to-date: /data/rl_deploy/install/node_driver_msgs/include/node_driver_msgs/node_driver_msgs/msg\n'}
[1.057944] (node_driver_msgs) StdoutLine: {'line': b'-- Up-to-date: /data/rl_deploy/install/node_driver_msgs/include/node_driver_msgs/node_driver_msgs/msg/detail\n'}
[1.058054] (node_driver_msgs) StdoutLine: {'line': b'-- Up-to-date: /data/rl_deploy/install/node_driver_msgs/include/node_driver_msgs/node_driver_msgs/msg/detail/sensormsgstate__type_support.c\n'}
[1.058219] (node_driver_msgs) StdoutLine: {'line': b'-- Up-to-date: /data/rl_deploy/install/node_driver_msgs/include/node_driver_msgs/node_driver_msgs/msg/detail/sensormsgcontrol__rosidl_typesupport_introspection_c.h\n'}
[1.058410] (node_driver_msgs) StdoutLine: {'line': b'-- Up-to-date: /data/rl_deploy/install/node_driver_msgs/include/node_driver_msgs/node_driver_msgs/msg/detail/sensormsgcontrol__type_support.c\n'}
[1.058646] (node_driver_msgs) StdoutLine: {'line': b'-- Up-to-date: /data/rl_deploy/install/node_driver_msgs/include/node_driver_msgs/node_driver_msgs/msg/detail/sensormsgstate__rosidl_typesupport_introspection_c.h\n'}
[1.058809] (node_driver_msgs) StdoutLine: {'line': b'-- Up-to-date: /data/rl_deploy/install/node_driver_msgs/include/node_driver_msgs/node_driver_msgs/msg/rosidl_typesupport_introspection_c__visibility_control.h\n'}
[1.058983] (node_driver_msgs) StdoutLine: {'line': b'-- Up-to-date: /data/rl_deploy/install/node_driver_msgs/lib/libnode_driver_msgs__rosidl_typesupport_introspection_c.so\n'}
[1.059127] (node_driver_msgs) StdoutLine: {'line': b'-- Up-to-date: /data/rl_deploy/install/node_driver_msgs/lib/libnode_driver_msgs__rosidl_typesupport_c.so\n'}
[1.059253] (node_driver_msgs) StdoutLine: {'line': b'-- Up-to-date: /data/rl_deploy/install/node_driver_msgs/include/node_driver_msgs/node_driver_msgs\n'}
[1.059396] (node_driver_msgs) StdoutLine: {'line': b'-- Up-to-date: /data/rl_deploy/install/node_driver_msgs/include/node_driver_msgs/node_driver_msgs/msg\n'}
[1.059549] (node_driver_msgs) StdoutLine: {'line': b'-- Up-to-date: /data/rl_deploy/install/node_driver_msgs/include/node_driver_msgs/node_driver_msgs/msg/sensormsgcontrol.hpp\n'}
[1.059653] (node_driver_msgs) StdoutLine: {'line': b'-- Up-to-date: /data/rl_deploy/install/node_driver_msgs/include/node_driver_msgs/node_driver_msgs/msg/detail\n'}
[1.059798] (node_driver_msgs) StdoutLine: {'line': b'-- Up-to-date: /data/rl_deploy/install/node_driver_msgs/include/node_driver_msgs/node_driver_msgs/msg/detail/sensormsgstate__type_support.hpp\n'}
[1.059986] (node_driver_msgs) StdoutLine: {'line': b'-- Up-to-date: /data/rl_deploy/install/node_driver_msgs/include/node_driver_msgs/node_driver_msgs/msg/detail/sensormsgcontrol__traits.hpp\n'}
[1.060096] (node_driver_msgs) StdoutLine: {'line': b'-- Up-to-date: /data/rl_deploy/install/node_driver_msgs/include/node_driver_msgs/node_driver_msgs/msg/detail/sensormsgstate__struct.hpp\n'}
[1.060362] (node_driver_msgs) StdoutLine: {'line': b'-- Up-to-date: /data/rl_deploy/install/node_driver_msgs/include/node_driver_msgs/node_driver_msgs/msg/detail/sensormsgcontrol__builder.hpp\n'}
[1.060674] (node_driver_msgs) StdoutLine: {'line': b'-- Up-to-date: /data/rl_deploy/install/node_driver_msgs/include/node_driver_msgs/node_driver_msgs/msg/detail/sensormsgcontrol__struct.hpp\n'}
[1.060952] (node_driver_msgs) StdoutLine: {'line': b'-- Up-to-date: /data/rl_deploy/install/node_driver_msgs/include/node_driver_msgs/node_driver_msgs/msg/detail/sensormsgstate__traits.hpp\n'}
[1.061098] (node_driver_msgs) StdoutLine: {'line': b'-- Up-to-date: /data/rl_deploy/install/node_driver_msgs/include/node_driver_msgs/node_driver_msgs/msg/detail/sensormsgcontrol__type_support.hpp\n'}
[1.061207] (node_driver_msgs) StdoutLine: {'line': b'-- Up-to-date: /data/rl_deploy/install/node_driver_msgs/include/node_driver_msgs/node_driver_msgs/msg/detail/sensormsgstate__builder.hpp\n'}
[1.061327] (node_driver_msgs) StdoutLine: {'line': b'-- Up-to-date: /data/rl_deploy/install/node_driver_msgs/include/node_driver_msgs/node_driver_msgs/msg/sensormsgstate.hpp\n'}
[1.061430] (node_driver_msgs) StdoutLine: {'line': b'-- Up-to-date: /data/rl_deploy/install/node_driver_msgs/include/node_driver_msgs/node_driver_msgs/msg/rosidl_generator_cpp__visibility_control.hpp\n'}
[1.061751] (node_driver_msgs) StdoutLine: {'line': b'-- Up-to-date: /data/rl_deploy/install/node_driver_msgs/include/node_driver_msgs/node_driver_msgs\n'}
[1.061886] (node_driver_msgs) StdoutLine: {'line': b'-- Up-to-date: /data/rl_deploy/install/node_driver_msgs/include/node_driver_msgs/node_driver_msgs/msg\n'}
[1.062025] (node_driver_msgs) StdoutLine: {'line': b'-- Up-to-date: /data/rl_deploy/install/node_driver_msgs/include/node_driver_msgs/node_driver_msgs/msg/rosidl_typesupport_fastrtps_cpp__visibility_control.h\n'}
[1.062186] (node_driver_msgs) StdoutLine: {'line': b'-- Up-to-date: /data/rl_deploy/install/node_driver_msgs/include/node_driver_msgs/node_driver_msgs/msg/detail\n'}
[1.062358] (node_driver_msgs) StdoutLine: {'line': b'-- Up-to-date: /data/rl_deploy/install/node_driver_msgs/include/node_driver_msgs/node_driver_msgs/msg/detail/dds_fastrtps\n'}
[1.062594] (node_driver_msgs) StdoutLine: {'line': b'-- Up-to-date: /data/rl_deploy/install/node_driver_msgs/include/node_driver_msgs/node_driver_msgs/msg/detail/sensormsgcontrol__rosidl_typesupport_fastrtps_cpp.hpp\n'}
[1.062710] (node_driver_msgs) StdoutLine: {'line': b'-- Up-to-date: /data/rl_deploy/install/node_driver_msgs/include/node_driver_msgs/node_driver_msgs/msg/detail/sensormsgstate__rosidl_typesupport_fastrtps_cpp.hpp\n'}
[1.062926] (node_driver_msgs) StdoutLine: {'line': b'-- Up-to-date: /data/rl_deploy/install/node_driver_msgs/lib/libnode_driver_msgs__rosidl_typesupport_fastrtps_cpp.so\n'}
[1.063053] (node_driver_msgs) StdoutLine: {'line': b'-- Up-to-date: /data/rl_deploy/install/node_driver_msgs/include/node_driver_msgs/node_driver_msgs\n'}
[1.063158] (node_driver_msgs) StdoutLine: {'line': b'-- Up-to-date: /data/rl_deploy/install/node_driver_msgs/include/node_driver_msgs/node_driver_msgs/msg\n'}
[1.063276] (node_driver_msgs) StdoutLine: {'line': b'-- Up-to-date: /data/rl_deploy/install/node_driver_msgs/include/node_driver_msgs/node_driver_msgs/msg/detail\n'}
[1.063376] (node_driver_msgs) StdoutLine: {'line': b'-- Up-to-date: /data/rl_deploy/install/node_driver_msgs/include/node_driver_msgs/node_driver_msgs/msg/detail/sensormsgstate__rosidl_typesupport_introspection_cpp.hpp\n'}
[1.063525] (node_driver_msgs) StdoutLine: {'line': b'-- Up-to-date: /data/rl_deploy/install/node_driver_msgs/include/node_driver_msgs/node_driver_msgs/msg/detail/sensormsgstate__type_support.cpp\n'}
[1.063632] (node_driver_msgs) StdoutLine: {'line': b'-- Up-to-date: /data/rl_deploy/install/node_driver_msgs/include/node_driver_msgs/node_driver_msgs/msg/detail/sensormsgcontrol__rosidl_typesupport_introspection_cpp.hpp\n'}
[1.063946] (node_driver_msgs) StdoutLine: {'line': b'-- Up-to-date: /data/rl_deploy/install/node_driver_msgs/include/node_driver_msgs/node_driver_msgs/msg/detail/sensormsgcontrol__type_support.cpp\n'}
[1.064097] (node_driver_msgs) StdoutLine: {'line': b'-- Up-to-date: /data/rl_deploy/install/node_driver_msgs/lib/libnode_driver_msgs__rosidl_typesupport_introspection_cpp.so\n'}
[1.064287] (node_driver_msgs) StdoutLine: {'line': b'-- Up-to-date: /data/rl_deploy/install/node_driver_msgs/lib/libnode_driver_msgs__rosidl_typesupport_cpp.so\n'}
[1.064491] (node_driver_msgs) StdoutLine: {'line': b'-- Up-to-date: /data/rl_deploy/install/node_driver_msgs/share/node_driver_msgs/environment/pythonpath.sh\n'}
[1.064654] (node_driver_msgs) StdoutLine: {'line': b'-- Up-to-date: /data/rl_deploy/install/node_driver_msgs/share/node_driver_msgs/environment/pythonpath.dsv\n'}
[1.064816] (node_driver_msgs) StdoutLine: {'line': b'-- Up-to-date: /data/rl_deploy/install/node_driver_msgs/local/lib/python3.10/dist-packages/node_driver_msgs-0.0.0-py3.10.egg-info\n'}
[1.064985] (node_driver_msgs) StdoutLine: {'line': b'-- Installing: /data/rl_deploy/install/node_driver_msgs/local/lib/python3.10/dist-packages/node_driver_msgs-0.0.0-py3.10.egg-info/top_level.txt\n'}
[1.065110] (node_driver_msgs) StdoutLine: {'line': b'-- Installing: /data/rl_deploy/install/node_driver_msgs/local/lib/python3.10/dist-packages/node_driver_msgs-0.0.0-py3.10.egg-info/PKG-INFO\n'}
[1.065251] (node_driver_msgs) StdoutLine: {'line': b'-- Installing: /data/rl_deploy/install/node_driver_msgs/local/lib/python3.10/dist-packages/node_driver_msgs-0.0.0-py3.10.egg-info/SOURCES.txt\n'}
[1.065356] (node_driver_msgs) StdoutLine: {'line': b'-- Installing: /data/rl_deploy/install/node_driver_msgs/local/lib/python3.10/dist-packages/node_driver_msgs-0.0.0-py3.10.egg-info/dependency_links.txt\n'}
[1.065504] (node_driver_msgs) StdoutLine: {'line': b'-- Up-to-date: /data/rl_deploy/install/node_driver_msgs/local/lib/python3.10/dist-packages/node_driver_msgs\n'}
[1.065614] (node_driver_msgs) StdoutLine: {'line': b'-- Up-to-date: /data/rl_deploy/install/node_driver_msgs/local/lib/python3.10/dist-packages/node_driver_msgs/_node_driver_msgs_s.ep.rosidl_typesupport_c.c\n'}
[1.065736] (node_driver_msgs) StdoutLine: {'line': b'-- Up-to-date: /data/rl_deploy/install/node_driver_msgs/local/lib/python3.10/dist-packages/node_driver_msgs/node_driver_msgs_s__rosidl_typesupport_fastrtps_c.cpython-310-aarch64-linux-gnu.so\n'}
[1.065866] (node_driver_msgs) StdoutLine: {'line': b'-- Up-to-date: /data/rl_deploy/install/node_driver_msgs/local/lib/python3.10/dist-packages/node_driver_msgs/_node_driver_msgs_s.ep.rosidl_typesupport_introspection_c.c\n'}
[1.065994] (node_driver_msgs) StdoutLine: {'line': b'-- Up-to-date: /data/rl_deploy/install/node_driver_msgs/local/lib/python3.10/dist-packages/node_driver_msgs/libnode_driver_msgs__rosidl_generator_py.so\n'}
[1.066151] (node_driver_msgs) StdoutLine: {'line': b'-- Up-to-date: /data/rl_deploy/install/node_driver_msgs/local/lib/python3.10/dist-packages/node_driver_msgs/node_driver_msgs_s__rosidl_typesupport_c.cpython-310-aarch64-linux-gnu.so\n'}
[1.066286] (node_driver_msgs) StdoutLine: {'line': b'-- Up-to-date: /data/rl_deploy/install/node_driver_msgs/local/lib/python3.10/dist-packages/node_driver_msgs/__init__.py\n'}
[1.066486] (node_driver_msgs) StdoutLine: {'line': b'-- Up-to-date: /data/rl_deploy/install/node_driver_msgs/local/lib/python3.10/dist-packages/node_driver_msgs/node_driver_msgs_s__rosidl_typesupport_introspection_c.cpython-310-aarch64-linux-gnu.so\n'}
[1.066653] (node_driver_msgs) StdoutLine: {'line': b'-- Up-to-date: /data/rl_deploy/install/node_driver_msgs/local/lib/python3.10/dist-packages/node_driver_msgs/_node_driver_msgs_s.ep.rosidl_typesupport_fastrtps_c.c\n'}
[1.066812] (node_driver_msgs) StdoutLine: {'line': b'-- Up-to-date: /data/rl_deploy/install/node_driver_msgs/local/lib/python3.10/dist-packages/node_driver_msgs/msg\n'}
[1.066983] (node_driver_msgs) StdoutLine: {'line': b'-- Up-to-date: /data/rl_deploy/install/node_driver_msgs/local/lib/python3.10/dist-packages/node_driver_msgs/msg/__init__.py\n'}
[1.067123] (node_driver_msgs) StdoutLine: {'line': b'-- Up-to-date: /data/rl_deploy/install/node_driver_msgs/local/lib/python3.10/dist-packages/node_driver_msgs/msg/_sensormsgstate_s.c\n'}
[1.067243] (node_driver_msgs) StdoutLine: {'line': b'-- Up-to-date: /data/rl_deploy/install/node_driver_msgs/local/lib/python3.10/dist-packages/node_driver_msgs/msg/_sensormsgcontrol.py\n'}
[1.067349] (node_driver_msgs) StdoutLine: {'line': b'-- Up-to-date: /data/rl_deploy/install/node_driver_msgs/local/lib/python3.10/dist-packages/node_driver_msgs/msg/_sensormsgstate.py\n'}
[1.067496] (node_driver_msgs) StdoutLine: {'line': b'-- Up-to-date: /data/rl_deploy/install/node_driver_msgs/local/lib/python3.10/dist-packages/node_driver_msgs/msg/_sensormsgcontrol_s.c\n'}
[1.080832] (node_control_msgs) StdoutLine: {'line': b'-- Install configuration: ""\n'}
[1.081303] (node_control_msgs) StdoutLine: {'line': b'-- Up-to-date: /data/rl_deploy/install/node_control_msgs/share/ament_index/resource_index/rosidl_interfaces/node_control_msgs\n'}
[1.081548] (node_control_msgs) StdoutLine: {'line': b'-- Up-to-date: /data/rl_deploy/install/node_control_msgs/include/node_control_msgs/node_control_msgs\n'}
[1.081712] (node_control_msgs) StdoutLine: {'line': b'-- Up-to-date: /data/rl_deploy/install/node_control_msgs/include/node_control_msgs/node_control_msgs/srv\n'}
[1.081873] (node_control_msgs) StdoutLine: {'line': b'-- Up-to-date: /data/rl_deploy/install/node_control_msgs/include/node_control_msgs/node_control_msgs/srv/motor_config_status.h\n'}
[1.082171] (node_control_msgs) StdoutLine: {'line': b'-- Up-to-date: /data/rl_deploy/install/node_control_msgs/include/node_control_msgs/node_control_msgs/srv/detail\n'}
[1.082420] (node_control_msgs) StdoutLine: {'line': b'-- Up-to-date: /data/rl_deploy/install/node_control_msgs/include/node_control_msgs/node_control_msgs/srv/detail/motor_config_status__functions.h\n'}
[1.082706] (node_control_msgs) StdoutLine: {'line': b'-- Up-to-date: /data/rl_deploy/install/node_control_msgs/include/node_control_msgs/node_control_msgs/srv/detail/motor_config_status__struct.h\n'}
[1.082969] (node_control_msgs) StdoutLine: {'line': b'-- Up-to-date: /data/rl_deploy/install/node_control_msgs/include/node_control_msgs/node_control_msgs/srv/detail/motor_config_status__functions.c\n'}
[1.083189] (node_control_msgs) StdoutLine: {'line': b'-- Up-to-date: /data/rl_deploy/install/node_control_msgs/include/node_control_msgs/node_control_msgs/srv/detail/motor_config_status__type_support.h\n'}
[1.083364] (node_control_msgs) StdoutLine: {'line': b'-- Up-to-date: /data/rl_deploy/install/node_control_msgs/include/node_control_msgs/node_control_msgs/msg\n'}
[1.083565] (node_control_msgs) StdoutLine: {'line': b'-- Up-to-date: /data/rl_deploy/install/node_control_msgs/include/node_control_msgs/node_control_msgs/msg/motor_health.h\n'}
[1.083735] (node_control_msgs) StdoutLine: {'line': b'-- Up-to-date: /data/rl_deploy/install/node_control_msgs/include/node_control_msgs/node_control_msgs/msg/motor_config_dev.h\n'}
[1.084052] (node_control_msgs) StdoutLine: {'line': b'-- Up-to-date: /data/rl_deploy/install/node_control_msgs/include/node_control_msgs/node_control_msgs/msg/motor_feedback.h\n'}
[1.084369] (node_control_msgs) StdoutLine: {'line': b'-- Up-to-date: /data/rl_deploy/install/node_control_msgs/include/node_control_msgs/node_control_msgs/msg/motor_health_state.h\n'}
[1.084664] (node_control_msgs) StdoutLine: {'line': b'-- Up-to-date: /data/rl_deploy/install/node_control_msgs/include/node_control_msgs/node_control_msgs/msg/motor_config.h\n'}
[1.084911] (node_control_msgs) StdoutLine: {'line': b'-- Up-to-date: /data/rl_deploy/install/node_control_msgs/include/node_control_msgs/node_control_msgs/msg/motor_info_value.h\n'}
[1.085090] (node_control_msgs) StdoutLine: {'line': b'-- Up-to-date: /data/rl_deploy/install/node_control_msgs/include/node_control_msgs/node_control_msgs/msg/motor_control.h\n'}
[1.085239] (node_control_msgs) StdoutLine: {'line': b'-- Up-to-date: /data/rl_deploy/install/node_control_msgs/include/node_control_msgs/node_control_msgs/msg/detail\n'}
[1.085363] (node_control_msgs) StdoutLine: {'line': b'-- Up-to-date: /data/rl_deploy/install/node_control_msgs/include/node_control_msgs/node_control_msgs/msg/detail/motor_command__type_support.h\n'}
[1.085510] (node_control_msgs) StdoutLine: {'line': b'-- Up-to-date: /data/rl_deploy/install/node_control_msgs/include/node_control_msgs/node_control_msgs/msg/detail/motor_health_state__struct.h\n'}
[1.085640] (node_control_msgs) StdoutLine: {'line': b'-- Up-to-date: /data/rl_deploy/install/node_control_msgs/include/node_control_msgs/node_control_msgs/msg/detail/motor_config_dev__functions.h\n'}
[1.085746] (node_control_msgs) StdoutLine: {'line': b'-- Up-to-date: /data/rl_deploy/install/node_control_msgs/include/node_control_msgs/node_control_msgs/msg/detail/motor_command__functions.h\n'}
[1.085898] (node_control_msgs) StdoutLine: {'line': b'-- Up-to-date: /data/rl_deploy/install/node_control_msgs/include/node_control_msgs/node_control_msgs/msg/detail/motor_command__struct.h\n'}
[1.086041] (node_control_msgs) StdoutLine: {'line': b'-- Up-to-date: /data/rl_deploy/install/node_control_msgs/include/node_control_msgs/node_control_msgs/msg/detail/motor_info__functions.c\n'}
[1.086292] (node_control_msgs) StdoutLine: {'line': b'-- Up-to-date: /data/rl_deploy/install/node_control_msgs/include/node_control_msgs/node_control_msgs/msg/detail/motor_info__functions.h\n'}
[1.086600] (node_control_msgs) StdoutLine: {'line': b'-- Up-to-date: /data/rl_deploy/install/node_control_msgs/include/node_control_msgs/node_control_msgs/msg/detail/motor_info_value__functions.h\n'}
[1.086786] (node_control_msgs) StdoutLine: {'line': b'-- Up-to-date: /data/rl_deploy/install/node_control_msgs/include/node_control_msgs/node_control_msgs/msg/detail/motor_info__struct.h\n'}
[1.087151] (node_control_msgs) StdoutLine: {'line': b'-- Up-to-date: /data/rl_deploy/install/node_control_msgs/include/node_control_msgs/node_control_msgs/msg/detail/motor_feedback__type_support.h\n'}
[1.087295] (node_control_msgs) StdoutLine: {'line': b'-- Up-to-date: /data/rl_deploy/install/node_control_msgs/include/node_control_msgs/node_control_msgs/msg/detail/motor_control__type_support.h\n'}
[1.087401] (node_control_msgs) StdoutLine: {'line': b'-- Up-to-date: /data/rl_deploy/install/node_control_msgs/include/node_control_msgs/node_control_msgs/msg/detail/motor_health_state__functions.c\n'}
[1.087550] (node_control_msgs) StdoutLine: {'line': b'-- Up-to-date: /data/rl_deploy/install/node_control_msgs/include/node_control_msgs/node_control_msgs/msg/detail/motor_config_dev__type_support.h\n'}
[1.087667] (node_control_msgs) StdoutLine: {'line': b'-- Up-to-date: /data/rl_deploy/install/node_control_msgs/include/node_control_msgs/node_control_msgs/msg/detail/motor_info_value__struct.h\n'}
[1.088310] (node_control_msgs) StdoutLine: {'line': b'-- Up-to-date: /data/rl_deploy/install/node_control_msgs/include/node_control_msgs/node_control_msgs/msg/detail/motor_control__functions.h\n'}
[1.088634] (node_control_msgs) StdoutLine: {'line': b'-- Up-to-date: /data/rl_deploy/install/node_control_msgs/include/node_control_msgs/node_control_msgs/msg/detail/motor_command_feedback__functions.c\n'}
[1.088925] (node_control_msgs) StdoutLine: {'line': b'-- Up-to-date: /data/rl_deploy/install/node_control_msgs/include/node_control_msgs/node_control_msgs/msg/detail/motor_feedback__functions.c\n'}
[1.089141] (node_control_msgs) StdoutLine: {'line': b'-- Up-to-date: /data/rl_deploy/install/node_control_msgs/include/node_control_msgs/node_control_msgs/msg/detail/motor_config_dev__struct.h\n'}
[1.089319] (node_control_msgs) StdoutLine: {'line': b'-- Up-to-date: /data/rl_deploy/install/node_control_msgs/include/node_control_msgs/node_control_msgs/msg/detail/motor_config__functions.h\n'}
[1.089500] (node_control_msgs) StdoutLine: {'line': b'-- Up-to-date: /data/rl_deploy/install/node_control_msgs/include/node_control_msgs/node_control_msgs/msg/detail/motor_health__functions.h\n'}
[1.089668] (node_control_msgs) StdoutLine: {'line': b'-- Up-to-date: /data/rl_deploy/install/node_control_msgs/include/node_control_msgs/node_control_msgs/msg/detail/motor_health_state__type_support.h\n'}
[1.089783] (node_control_msgs) StdoutLine: {'line': b'-- Up-to-date: /data/rl_deploy/install/node_control_msgs/include/node_control_msgs/node_control_msgs/msg/detail/motor_feedback__functions.h\n'}
[1.090001] (node_control_msgs) StdoutLine: {'line': b'-- Up-to-date: /data/rl_deploy/install/node_control_msgs/include/node_control_msgs/node_control_msgs/msg/detail/motor_info__type_support.h\n'}
[1.090174] (node_control_msgs) StdoutLine: {'line': b'-- Up-to-date: /data/rl_deploy/install/node_control_msgs/include/node_control_msgs/node_control_msgs/msg/detail/motor_info_value__functions.c\n'}
[1.090368] (node_control_msgs) StdoutLine: {'line': b'-- Up-to-date: /data/rl_deploy/install/node_control_msgs/include/node_control_msgs/node_control_msgs/msg/detail/motor_command_feedback__struct.h\n'}
[1.090582] (node_control_msgs) StdoutLine: {'line': b'-- Up-to-date: /data/rl_deploy/install/node_control_msgs/include/node_control_msgs/node_control_msgs/msg/detail/motor_command_feedback__functions.h\n'}
[1.090694] (node_control_msgs) StdoutLine: {'line': b'-- Up-to-date: /data/rl_deploy/install/node_control_msgs/include/node_control_msgs/node_control_msgs/msg/detail/motor_info_value__type_support.h\n'}
[1.090964] (node_control_msgs) StdoutLine: {'line': b'-- Up-to-date: /data/rl_deploy/install/node_control_msgs/include/node_control_msgs/node_control_msgs/msg/detail/motor_health__struct.h\n'}
[1.091136] (node_control_msgs) StdoutLine: {'line': b'-- Up-to-date: /data/rl_deploy/install/node_control_msgs/include/node_control_msgs/node_control_msgs/msg/detail/motor_config_dev__functions.c\n'}
[1.091295] (node_control_msgs) StdoutLine: {'line': b'-- Up-to-date: /data/rl_deploy/install/node_control_msgs/include/node_control_msgs/node_control_msgs/msg/detail/motor_config__functions.c\n'}
[1.091474] (node_control_msgs) StdoutLine: {'line': b'-- Up-to-date: /data/rl_deploy/install/node_control_msgs/include/node_control_msgs/node_control_msgs/msg/detail/motor_command_feedback__type_support.h\n'}
[1.091652] (node_control_msgs) StdoutLine: {'line': b'-- Up-to-date: /data/rl_deploy/install/node_control_msgs/include/node_control_msgs/node_control_msgs/msg/detail/motor_health_state__functions.h\n'}
[1.091792] (node_control_msgs) StdoutLine: {'line': b'-- Up-to-date: /data/rl_deploy/install/node_control_msgs/include/node_control_msgs/node_control_msgs/msg/detail/motor_health__functions.c\n'}
[1.092022] (node_control_msgs) StdoutLine: {'line': b'-- Up-to-date: /data/rl_deploy/install/node_control_msgs/include/node_control_msgs/node_control_msgs/msg/detail/motor_health__type_support.h\n'}
[1.092217] (node_control_msgs) StdoutLine: {'line': b'-- Up-to-date: /data/rl_deploy/install/node_control_msgs/include/node_control_msgs/node_control_msgs/msg/detail/motor_feedback__struct.h\n'}
[1.092482] (node_control_msgs) StdoutLine: {'line': b'-- Up-to-date: /data/rl_deploy/install/node_control_msgs/include/node_control_msgs/node_control_msgs/msg/detail/motor_control__struct.h\n'}
[1.092693] (node_control_msgs) StdoutLine: {'line': b'-- Up-to-date: /data/rl_deploy/install/node_control_msgs/include/node_control_msgs/node_control_msgs/msg/detail/motor_control__functions.c\n'}
[1.092947] (node_control_msgs) StdoutLine: {'line': b'-- Up-to-date: /data/rl_deploy/install/node_control_msgs/include/node_control_msgs/node_control_msgs/msg/detail/motor_config__type_support.h\n'}
[1.093127] (node_control_msgs) StdoutLine: {'line': b'-- Up-to-date: /data/rl_deploy/install/node_control_msgs/include/node_control_msgs/node_control_msgs/msg/detail/motor_command__functions.c\n'}
[1.093319] (node_control_msgs) StdoutLine: {'line': b'-- Up-to-date: /data/rl_deploy/install/node_control_msgs/include/node_control_msgs/node_control_msgs/msg/detail/motor_config__struct.h\n'}
[1.093576] (node_control_msgs) StdoutLine: {'line': b'-- Up-to-date: /data/rl_deploy/install/node_control_msgs/include/node_control_msgs/node_control_msgs/msg/rosidl_generator_c__visibility_control.h\n'}
[1.093701] (node_control_msgs) StdoutLine: {'line': b'-- Up-to-date: /data/rl_deploy/install/node_control_msgs/include/node_control_msgs/node_control_msgs/msg/motor_command_feedback.h\n'}
[1.093854] (node_control_msgs) StdoutLine: {'line': b'-- Up-to-date: /data/rl_deploy/install/node_control_msgs/include/node_control_msgs/node_control_msgs/msg/motor_info.h\n'}
[1.094088] (node_control_msgs) StdoutLine: {'line': b'-- Up-to-date: /data/rl_deploy/install/node_control_msgs/include/node_control_msgs/node_control_msgs/msg/motor_command.h\n'}
[1.094306] (node_control_msgs) StdoutLine: {'line': b'-- Up-to-date: /data/rl_deploy/install/node_control_msgs/share/node_control_msgs/environment/library_path.sh\n'}
[1.094588] (node_control_msgs) StdoutLine: {'line': b'-- Up-to-date: /data/rl_deploy/install/node_control_msgs/share/node_control_msgs/environment/library_path.dsv\n'}
[1.094775] (node_control_msgs) StdoutLine: {'line': b'-- Up-to-date: /data/rl_deploy/install/node_control_msgs/lib/libnode_control_msgs__rosidl_generator_c.so\n'}
[1.094973] (node_control_msgs) StdoutLine: {'line': b'-- Up-to-date: /data/rl_deploy/install/node_control_msgs/include/node_control_msgs/node_control_msgs\n'}
[1.095169] (node_control_msgs) StdoutLine: {'line': b'-- Up-to-date: /data/rl_deploy/install/node_control_msgs/include/node_control_msgs/node_control_msgs/srv\n'}
[1.095339] (node_control_msgs) StdoutLine: {'line': b'-- Up-to-date: /data/rl_deploy/install/node_control_msgs/include/node_control_msgs/node_control_msgs/srv/detail\n'}
[1.095523] (node_control_msgs) StdoutLine: {'line': b'-- Up-to-date: /data/rl_deploy/install/node_control_msgs/include/node_control_msgs/node_control_msgs/srv/detail/motor_config_status__rosidl_typesupport_fastrtps_c.h\n'}
[1.095675] (node_control_msgs) StdoutLine: {'line': b'-- Up-to-date: /data/rl_deploy/install/node_control_msgs/include/node_control_msgs/node_control_msgs/msg\n'}
[1.095816] (node_control_msgs) StdoutLine: {'line': b'-- Up-to-date: /data/rl_deploy/install/node_control_msgs/include/node_control_msgs/node_control_msgs/msg/detail\n'}
[1.095958] (node_control_msgs) StdoutLine: {'line': b'-- Up-to-date: /data/rl_deploy/install/node_control_msgs/include/node_control_msgs/node_control_msgs/msg/detail/motor_info__rosidl_typesupport_fastrtps_c.h\n'}
[1.096165] (node_control_msgs) StdoutLine: {'line': b'-- Up-to-date: /data/rl_deploy/install/node_control_msgs/include/node_control_msgs/node_control_msgs/msg/detail/motor_config_dev__rosidl_typesupport_fastrtps_c.h\n'}
[1.096423] (node_control_msgs) StdoutLine: {'line': b'-- Up-to-date: /data/rl_deploy/install/node_control_msgs/include/node_control_msgs/node_control_msgs/msg/detail/motor_health__rosidl_typesupport_fastrtps_c.h\n'}
[1.096625] (node_control_msgs) StdoutLine: {'line': b'-- Up-to-date: /data/rl_deploy/install/node_control_msgs/include/node_control_msgs/node_control_msgs/msg/detail/motor_control__rosidl_typesupport_fastrtps_c.h\n'}
[1.096783] (node_control_msgs) StdoutLine: {'line': b'-- Up-to-date: /data/rl_deploy/install/node_control_msgs/include/node_control_msgs/node_control_msgs/msg/detail/motor_info_value__rosidl_typesupport_fastrtps_c.h\n'}
[1.097002] (node_control_msgs) StdoutLine: {'line': b'-- Up-to-date: /data/rl_deploy/install/node_control_msgs/include/node_control_msgs/node_control_msgs/msg/detail/motor_feedback__rosidl_typesupport_fastrtps_c.h\n'}
[1.097109] (node_control_msgs) StdoutLine: {'line': b'-- Up-to-date: /data/rl_deploy/install/node_control_msgs/include/node_control_msgs/node_control_msgs/msg/detail/motor_config__rosidl_typesupport_fastrtps_c.h\n'}
[1.097281] (node_control_msgs) StdoutLine: {'line': b'-- Up-to-date: /data/rl_deploy/install/node_control_msgs/include/node_control_msgs/node_control_msgs/msg/detail/motor_health_state__rosidl_typesupport_fastrtps_c.h\n'}
[1.097408] (node_control_msgs) StdoutLine: {'line': b'-- Up-to-date: /data/rl_deploy/install/node_control_msgs/include/node_control_msgs/node_control_msgs/msg/detail/motor_command_feedback__rosidl_typesupport_fastrtps_c.h\n'}
[1.097606] (node_control_msgs) StdoutLine: {'line': b'-- Up-to-date: /data/rl_deploy/install/node_control_msgs/include/node_control_msgs/node_control_msgs/msg/detail/motor_command__rosidl_typesupport_fastrtps_c.h\n'}
[1.097767] (node_control_msgs) StdoutLine: {'line': b'-- Up-to-date: /data/rl_deploy/install/node_control_msgs/include/node_control_msgs/node_control_msgs/msg/rosidl_typesupport_fastrtps_c__visibility_control.h\n'}
[1.097969] (node_control_msgs) StdoutLine: {'line': b'-- Up-to-date: /data/rl_deploy/install/node_control_msgs/lib/libnode_control_msgs__rosidl_typesupport_fastrtps_c.so\n'}
[1.098238] (node_control_msgs) StdoutLine: {'line': b'-- Up-to-date: /data/rl_deploy/install/node_control_msgs/include/node_control_msgs/node_control_msgs\n'}
[1.098585] (node_control_msgs) StdoutLine: {'line': b'-- Up-to-date: /data/rl_deploy/install/node_control_msgs/include/node_control_msgs/node_control_msgs/srv\n'}
[1.098771] (node_control_msgs) StdoutLine: {'line': b'-- Up-to-date: /data/rl_deploy/install/node_control_msgs/include/node_control_msgs/node_control_msgs/srv/detail\n'}
[1.098987] (node_control_msgs) StdoutLine: {'line': b'-- Up-to-date: /data/rl_deploy/install/node_control_msgs/include/node_control_msgs/node_control_msgs/srv/detail/motor_config_status__type_support.c\n'}
[1.099114] (node_control_msgs) StdoutLine: {'line': b'-- Up-to-date: /data/rl_deploy/install/node_control_msgs/include/node_control_msgs/node_control_msgs/srv/detail/motor_config_status__rosidl_typesupport_introspection_c.h\n'}
[1.099284] (node_control_msgs) StdoutLine: {'line': b'-- Up-to-date: /data/rl_deploy/install/node_control_msgs/include/node_control_msgs/node_control_msgs/msg\n'}
[1.099388] (node_control_msgs) StdoutLine: {'line': b'-- Up-to-date: /data/rl_deploy/install/node_control_msgs/include/node_control_msgs/node_control_msgs/msg/detail\n'}
[1.099536] (node_control_msgs) StdoutLine: {'line': b'-- Up-to-date: /data/rl_deploy/install/node_control_msgs/include/node_control_msgs/node_control_msgs/msg/detail/motor_config_dev__rosidl_typesupport_introspection_c.h\n'}
[1.099642] (node_control_msgs) StdoutLine: {'line': b'-- Up-to-date: /data/rl_deploy/install/node_control_msgs/include/node_control_msgs/node_control_msgs/msg/detail/motor_health__rosidl_typesupport_introspection_c.h\n'}
[1.099798] (node_control_msgs) StdoutLine: {'line': b'-- Up-to-date: /data/rl_deploy/install/node_control_msgs/include/node_control_msgs/node_control_msgs/msg/detail/motor_info_value__type_support.c\n'}
[1.099971] (node_control_msgs) StdoutLine: {'line': b'-- Up-to-date: /data/rl_deploy/install/node_control_msgs/include/node_control_msgs/node_control_msgs/msg/detail/motor_info__type_support.c\n'}
[1.100076] (node_control_msgs) StdoutLine: {'line': b'-- Up-to-date: /data/rl_deploy/install/node_control_msgs/include/node_control_msgs/node_control_msgs/msg/detail/motor_control__type_support.c\n'}
[1.100290] (node_control_msgs) StdoutLine: {'line': b'-- Up-to-date: /data/rl_deploy/install/node_control_msgs/include/node_control_msgs/node_control_msgs/msg/detail/motor_config__type_support.c\n'}
[1.100584] (node_control_msgs) StdoutLine: {'line': b'-- Up-to-date: /data/rl_deploy/install/node_control_msgs/include/node_control_msgs/node_control_msgs/msg/detail/motor_command__type_support.c\n'}
[1.100698] (node_control_msgs) StdoutLine: {'line': b'-- Up-to-date: /data/rl_deploy/install/node_control_msgs/include/node_control_msgs/node_control_msgs/msg/detail/motor_health__type_support.c\n'}
[1.100899] (node_control_msgs) StdoutLine: {'line': b'-- Up-to-date: /data/rl_deploy/install/node_control_msgs/include/node_control_msgs/node_control_msgs/msg/detail/motor_info_value__rosidl_typesupport_introspection_c.h\n'}
[1.101074] (node_control_msgs) StdoutLine: {'line': b'-- Up-to-date: /data/rl_deploy/install/node_control_msgs/include/node_control_msgs/node_control_msgs/msg/detail/motor_command_feedback__type_support.c\n'}
[1.101222] (node_control_msgs) StdoutLine: {'line': b'-- Up-to-date: /data/rl_deploy/install/node_control_msgs/include/node_control_msgs/node_control_msgs/msg/detail/motor_config__rosidl_typesupport_introspection_c.h\n'}
[1.101350] (node_control_msgs) StdoutLine: {'line': b'-- Up-to-date: /data/rl_deploy/install/node_control_msgs/include/node_control_msgs/node_control_msgs/msg/detail/motor_command_feedback__rosidl_typesupport_introspection_c.h\n'}
[1.101517] (node_control_msgs) StdoutLine: {'line': b'-- Up-to-date: /data/rl_deploy/install/node_control_msgs/include/node_control_msgs/node_control_msgs/msg/detail/motor_command__rosidl_typesupport_introspection_c.h\n'}
[1.101630] (node_control_msgs) StdoutLine: {'line': b'-- Up-to-date: /data/rl_deploy/install/node_control_msgs/include/node_control_msgs/node_control_msgs/msg/detail/motor_health_state__rosidl_typesupport_introspection_c.h\n'}
[1.101734] (node_control_msgs) StdoutLine: {'line': b'-- Up-to-date: /data/rl_deploy/install/node_control_msgs/include/node_control_msgs/node_control_msgs/msg/detail/motor_info__rosidl_typesupport_introspection_c.h\n'}
[1.101876] (node_control_msgs) StdoutLine: {'line': b'-- Up-to-date: /data/rl_deploy/install/node_control_msgs/include/node_control_msgs/node_control_msgs/msg/detail/motor_feedback__type_support.c\n'}
[1.101997] (node_control_msgs) StdoutLine: {'line': b'-- Up-to-date: /data/rl_deploy/install/node_control_msgs/include/node_control_msgs/node_control_msgs/msg/detail/motor_control__rosidl_typesupport_introspection_c.h\n'}
[1.102164] (node_control_msgs) StdoutLine: {'line': b'-- Up-to-date: /data/rl_deploy/install/node_control_msgs/include/node_control_msgs/node_control_msgs/msg/detail/motor_config_dev__type_support.c\n'}
[1.102392] (-) TimerEvent: {}
[1.102800] (node_control_msgs) StdoutLine: {'line': b'-- Up-to-date: /data/rl_deploy/install/node_control_msgs/include/node_control_msgs/node_control_msgs/msg/detail/motor_health_state__type_support.c\n'}
[1.103049] (node_control_msgs) StdoutLine: {'line': b'-- Up-to-date: /data/rl_deploy/install/node_control_msgs/include/node_control_msgs/node_control_msgs/msg/detail/motor_feedback__rosidl_typesupport_introspection_c.h\n'}
[1.103355] (node_control_msgs) StdoutLine: {'line': b'-- Up-to-date: /data/rl_deploy/install/node_control_msgs/include/node_control_msgs/node_control_msgs/msg/rosidl_typesupport_introspection_c__visibility_control.h\n'}
[1.103533] (node_control_msgs) StdoutLine: {'line': b'-- Up-to-date: /data/rl_deploy/install/node_control_msgs/lib/libnode_control_msgs__rosidl_typesupport_introspection_c.so\n'}
[1.103793] (node_control_msgs) StdoutLine: {'line': b'-- Up-to-date: /data/rl_deploy/install/node_control_msgs/lib/libnode_control_msgs__rosidl_typesupport_c.so\n'}
[1.104047] (node_control_msgs) StdoutLine: {'line': b'-- Up-to-date: /data/rl_deploy/install/node_control_msgs/include/node_control_msgs/node_control_msgs\n'}
[1.104242] (node_control_msgs) StdoutLine: {'line': b'-- Up-to-date: /data/rl_deploy/install/node_control_msgs/include/node_control_msgs/node_control_msgs/srv\n'}
[1.104387] (node_control_msgs) StdoutLine: {'line': b'-- Up-to-date: /data/rl_deploy/install/node_control_msgs/include/node_control_msgs/node_control_msgs/srv/motor_config_status.hpp\n'}
[1.104518] (node_control_msgs) StdoutLine: {'line': b'-- Up-to-date: /data/rl_deploy/install/node_control_msgs/include/node_control_msgs/node_control_msgs/srv/detail\n'}
[1.104626] (node_control_msgs) StdoutLine: {'line': b'-- Up-to-date: /data/rl_deploy/install/node_control_msgs/include/node_control_msgs/node_control_msgs/srv/detail/motor_config_status__struct.hpp\n'}
[1.104926] (node_control_msgs) StdoutLine: {'line': b'-- Up-to-date: /data/rl_deploy/install/node_control_msgs/include/node_control_msgs/node_control_msgs/srv/detail/motor_config_status__builder.hpp\n'}
[1.105064] (node_control_msgs) StdoutLine: {'line': b'-- Up-to-date: /data/rl_deploy/install/node_control_msgs/include/node_control_msgs/node_control_msgs/srv/detail/motor_config_status__traits.hpp\n'}
[1.105178] (node_control_msgs) StdoutLine: {'line': b'-- Up-to-date: /data/rl_deploy/install/node_control_msgs/include/node_control_msgs/node_control_msgs/srv/detail/motor_config_status__type_support.hpp\n'}
[1.105361] (node_control_msgs) StdoutLine: {'line': b'-- Up-to-date: /data/rl_deploy/install/node_control_msgs/include/node_control_msgs/node_control_msgs/msg\n'}
[1.105491] (node_control_msgs) StdoutLine: {'line': b'-- Up-to-date: /data/rl_deploy/install/node_control_msgs/include/node_control_msgs/node_control_msgs/msg/motor_info_value.hpp\n'}
[1.105603] (node_control_msgs) StdoutLine: {'line': b'-- Up-to-date: /data/rl_deploy/install/node_control_msgs/include/node_control_msgs/node_control_msgs/msg/motor_config_dev.hpp\n'}
[1.105751] (node_control_msgs) StdoutLine: {'line': b'-- Up-to-date: /data/rl_deploy/install/node_control_msgs/include/node_control_msgs/node_control_msgs/msg/motor_feedback.hpp\n'}
[1.105883] (node_control_msgs) StdoutLine: {'line': b'-- Up-to-date: /data/rl_deploy/install/node_control_msgs/include/node_control_msgs/node_control_msgs/msg/motor_config.hpp\n'}
[1.106008] (node_control_msgs) StdoutLine: {'line': b'-- Up-to-date: /data/rl_deploy/install/node_control_msgs/include/node_control_msgs/node_control_msgs/msg/motor_info.hpp\n'}
[1.106113] (node_control_msgs) StdoutLine: {'line': b'-- Up-to-date: /data/rl_deploy/install/node_control_msgs/include/node_control_msgs/node_control_msgs/msg/detail\n'}
[1.106213] (node_control_msgs) StdoutLine: {'line': b'-- Up-to-date: /data/rl_deploy/install/node_control_msgs/include/node_control_msgs/node_control_msgs/msg/detail/motor_command__builder.hpp\n'}
[1.106327] (node_control_msgs) StdoutLine: {'line': b'-- Up-to-date: /data/rl_deploy/install/node_control_msgs/include/node_control_msgs/node_control_msgs/msg/detail/motor_config_dev__struct.hpp\n'}
[1.106429] (node_control_msgs) StdoutLine: {'line': b'-- Up-to-date: /data/rl_deploy/install/node_control_msgs/include/node_control_msgs/node_control_msgs/msg/detail/motor_config__type_support.hpp\n'}
[1.106532] (node_control_msgs) StdoutLine: {'line': b'-- Up-to-date: /data/rl_deploy/install/node_control_msgs/include/node_control_msgs/node_control_msgs/msg/detail/motor_health__type_support.hpp\n'}
[1.106629] (node_control_msgs) StdoutLine: {'line': b'-- Up-to-date: /data/rl_deploy/install/node_control_msgs/include/node_control_msgs/node_control_msgs/msg/detail/motor_feedback__type_support.hpp\n'}
[1.106777] (node_control_msgs) StdoutLine: {'line': b'-- Up-to-date: /data/rl_deploy/install/node_control_msgs/include/node_control_msgs/node_control_msgs/msg/detail/motor_info__type_support.hpp\n'}
[1.106911] (node_control_msgs) StdoutLine: {'line': b'-- Up-to-date: /data/rl_deploy/install/node_control_msgs/include/node_control_msgs/node_control_msgs/msg/detail/motor_config_dev__traits.hpp\n'}
[1.107020] (node_control_msgs) StdoutLine: {'line': b'-- Up-to-date: /data/rl_deploy/install/node_control_msgs/include/node_control_msgs/node_control_msgs/msg/detail/motor_info__traits.hpp\n'}
[1.107122] (node_control_msgs) StdoutLine: {'line': b'-- Up-to-date: /data/rl_deploy/install/node_control_msgs/include/node_control_msgs/node_control_msgs/msg/detail/motor_health_state__traits.hpp\n'}
[1.107222] (node_control_msgs) StdoutLine: {'line': b'-- Up-to-date: /data/rl_deploy/install/node_control_msgs/include/node_control_msgs/node_control_msgs/msg/detail/motor_info_value__builder.hpp\n'}
[1.107418] (node_control_msgs) StdoutLine: {'line': b'-- Up-to-date: /data/rl_deploy/install/node_control_msgs/include/node_control_msgs/node_control_msgs/msg/detail/motor_config__struct.hpp\n'}
[1.107533] (node_control_msgs) StdoutLine: {'line': b'-- Up-to-date: /data/rl_deploy/install/node_control_msgs/include/node_control_msgs/node_control_msgs/msg/detail/motor_info_value__traits.hpp\n'}
[1.107663] (node_control_msgs) StdoutLine: {'line': b'-- Up-to-date: /data/rl_deploy/install/node_control_msgs/include/node_control_msgs/node_control_msgs/msg/detail/motor_command__struct.hpp\n'}
[1.107859] (node_control_msgs) StdoutLine: {'line': b'-- Up-to-date: /data/rl_deploy/install/node_control_msgs/include/node_control_msgs/node_control_msgs/msg/detail/motor_health__traits.hpp\n'}
[1.108077] (node_control_msgs) StdoutLine: {'line': b'-- Up-to-date: /data/rl_deploy/install/node_control_msgs/include/node_control_msgs/node_control_msgs/msg/detail/motor_health__builder.hpp\n'}
[1.108194] (node_control_msgs) StdoutLine: {'line': b'-- Up-to-date: /data/rl_deploy/install/node_control_msgs/include/node_control_msgs/node_control_msgs/msg/detail/motor_command_feedback__traits.hpp\n'}
[1.108301] (node_control_msgs) StdoutLine: {'line': b'-- Up-to-date: /data/rl_deploy/install/node_control_msgs/include/node_control_msgs/node_control_msgs/msg/detail/motor_config__builder.hpp\n'}
[1.108404] (node_control_msgs) StdoutLine: {'line': b'-- Up-to-date: /data/rl_deploy/install/node_control_msgs/include/node_control_msgs/node_control_msgs/msg/detail/motor_config__traits.hpp\n'}
[1.108506] (node_control_msgs) StdoutLine: {'line': b'-- Up-to-date: /data/rl_deploy/install/node_control_msgs/include/node_control_msgs/node_control_msgs/msg/detail/motor_feedback__traits.hpp\n'}
[1.108607] (node_control_msgs) StdoutLine: {'line': b'-- Up-to-date: /data/rl_deploy/install/node_control_msgs/include/node_control_msgs/node_control_msgs/msg/detail/motor_command_feedback__builder.hpp\n'}
[1.108708] (node_control_msgs) StdoutLine: {'line': b'-- Up-to-date: /data/rl_deploy/install/node_control_msgs/include/node_control_msgs/node_control_msgs/msg/detail/motor_info_value__struct.hpp\n'}
[1.108894] (node_control_msgs) StdoutLine: {'line': b'-- Up-to-date: /data/rl_deploy/install/node_control_msgs/include/node_control_msgs/node_control_msgs/msg/detail/motor_config_dev__builder.hpp\n'}
[1.109028] (node_control_msgs) StdoutLine: {'line': b'-- Up-to-date: /data/rl_deploy/install/node_control_msgs/include/node_control_msgs/node_control_msgs/msg/detail/motor_health__struct.hpp\n'}
[1.109135] (node_control_msgs) StdoutLine: {'line': b'-- Up-to-date: /data/rl_deploy/install/node_control_msgs/include/node_control_msgs/node_control_msgs/msg/detail/motor_command_feedback__type_support.hpp\n'}
[1.109239] (node_control_msgs) StdoutLine: {'line': b'-- Up-to-date: /data/rl_deploy/install/node_control_msgs/include/node_control_msgs/node_control_msgs/msg/detail/motor_command__type_support.hpp\n'}
[1.109341] (node_control_msgs) StdoutLine: {'line': b'-- Up-to-date: /data/rl_deploy/install/node_control_msgs/include/node_control_msgs/node_control_msgs/msg/detail/motor_control__type_support.hpp\n'}
[1.109559] (node_control_msgs) StdoutLine: {'line': b'-- Up-to-date: /data/rl_deploy/install/node_control_msgs/include/node_control_msgs/node_control_msgs/msg/detail/motor_feedback__struct.hpp\n'}
[1.109677] (node_control_msgs) StdoutLine: {'line': b'-- Up-to-date: /data/rl_deploy/install/node_control_msgs/include/node_control_msgs/node_control_msgs/msg/detail/motor_health_state__struct.hpp\n'}
[1.109850] (node_control_msgs) StdoutLine: {'line': b'-- Up-to-date: /data/rl_deploy/install/node_control_msgs/include/node_control_msgs/node_control_msgs/msg/detail/motor_control__struct.hpp\n'}
[1.109962] (node_control_msgs) StdoutLine: {'line': b'-- Up-to-date: /data/rl_deploy/install/node_control_msgs/include/node_control_msgs/node_control_msgs/msg/detail/motor_health_state__builder.hpp\n'}
[1.110066] (node_control_msgs) StdoutLine: {'line': b'-- Up-to-date: /data/rl_deploy/install/node_control_msgs/include/node_control_msgs/node_control_msgs/msg/detail/motor_info_value__type_support.hpp\n'}
[1.110169] (node_control_msgs) StdoutLine: {'line': b'-- Up-to-date: /data/rl_deploy/install/node_control_msgs/include/node_control_msgs/node_control_msgs/msg/detail/motor_info__builder.hpp\n'}
[1.110273] (node_control_msgs) StdoutLine: {'line': b'-- Up-to-date: /data/rl_deploy/install/node_control_msgs/include/node_control_msgs/node_control_msgs/msg/detail/motor_info__struct.hpp\n'}
[1.110375] (node_control_msgs) StdoutLine: {'line': b'-- Up-to-date: /data/rl_deploy/install/node_control_msgs/include/node_control_msgs/node_control_msgs/msg/detail/motor_control__traits.hpp\n'}
[1.110476] (node_control_msgs) StdoutLine: {'line': b'-- Up-to-date: /data/rl_deploy/install/node_control_msgs/include/node_control_msgs/node_control_msgs/msg/detail/motor_command__traits.hpp\n'}
[1.110574] (node_control_msgs) StdoutLine: {'line': b'-- Up-to-date: /data/rl_deploy/install/node_control_msgs/include/node_control_msgs/node_control_msgs/msg/detail/motor_control__builder.hpp\n'}
[1.110673] (node_control_msgs) StdoutLine: {'line': b'-- Up-to-date: /data/rl_deploy/install/node_control_msgs/include/node_control_msgs/node_control_msgs/msg/detail/motor_config_dev__type_support.hpp\n'}
[1.110873] (node_control_msgs) StdoutLine: {'line': b'-- Up-to-date: /data/rl_deploy/install/node_control_msgs/include/node_control_msgs/node_control_msgs/msg/detail/motor_command_feedback__struct.hpp\n'}
[1.110988] (node_control_msgs) StdoutLine: {'line': b'-- Up-to-date: /data/rl_deploy/install/node_control_msgs/include/node_control_msgs/node_control_msgs/msg/detail/motor_health_state__type_support.hpp\n'}
[1.111094] (node_control_msgs) StdoutLine: {'line': b'-- Up-to-date: /data/rl_deploy/install/node_control_msgs/include/node_control_msgs/node_control_msgs/msg/detail/motor_feedback__builder.hpp\n'}
[1.111272] (node_control_msgs) StdoutLine: {'line': b'-- Up-to-date: /data/rl_deploy/install/node_control_msgs/include/node_control_msgs/node_control_msgs/msg/motor_health.hpp\n'}
[1.111440] (node_control_msgs) StdoutLine: {'line': b'-- Up-to-date: /data/rl_deploy/install/node_control_msgs/include/node_control_msgs/node_control_msgs/msg/rosidl_generator_cpp__visibility_control.hpp\n'}
[1.111561] (node_control_msgs) StdoutLine: {'line': b'-- Up-to-date: /data/rl_deploy/install/node_control_msgs/include/node_control_msgs/node_control_msgs/msg/motor_health_state.hpp\n'}
[1.111669] (node_control_msgs) StdoutLine: {'line': b'-- Up-to-date: /data/rl_deploy/install/node_control_msgs/include/node_control_msgs/node_control_msgs/msg/motor_command_feedback.hpp\n'}
[1.111891] (node_control_msgs) StdoutLine: {'line': b'-- Up-to-date: /data/rl_deploy/install/node_control_msgs/include/node_control_msgs/node_control_msgs/msg/motor_control.hpp\n'}
[1.112007] (node_control_msgs) StdoutLine: {'line': b'-- Up-to-date: /data/rl_deploy/install/node_control_msgs/include/node_control_msgs/node_control_msgs/msg/motor_command.hpp\n'}
[1.112113] (node_control_msgs) StdoutLine: {'line': b'-- Up-to-date: /data/rl_deploy/install/node_control_msgs/include/node_control_msgs/node_control_msgs\n'}
[1.112214] (node_control_msgs) StdoutLine: {'line': b'-- Up-to-date: /data/rl_deploy/install/node_control_msgs/include/node_control_msgs/node_control_msgs/srv\n'}
[1.112313] (node_control_msgs) StdoutLine: {'line': b'-- Up-to-date: /data/rl_deploy/install/node_control_msgs/include/node_control_msgs/node_control_msgs/srv/detail\n'}
[1.112412] (node_control_msgs) StdoutLine: {'line': b'-- Up-to-date: /data/rl_deploy/install/node_control_msgs/include/node_control_msgs/node_control_msgs/srv/detail/motor_config_status__rosidl_typesupport_fastrtps_cpp.hpp\n'}
[1.112514] (node_control_msgs) StdoutLine: {'line': b'-- Up-to-date: /data/rl_deploy/install/node_control_msgs/include/node_control_msgs/node_control_msgs/srv/detail/dds_fastrtps\n'}
[1.112613] (node_control_msgs) StdoutLine: {'line': b'-- Up-to-date: /data/rl_deploy/install/node_control_msgs/include/node_control_msgs/node_control_msgs/msg\n'}
[1.112711] (node_control_msgs) StdoutLine: {'line': b'-- Up-to-date: /data/rl_deploy/install/node_control_msgs/include/node_control_msgs/node_control_msgs/msg/rosidl_typesupport_fastrtps_cpp__visibility_control.h\n'}
[1.112887] (node_control_msgs) StdoutLine: {'line': b'-- Up-to-date: /data/rl_deploy/install/node_control_msgs/include/node_control_msgs/node_control_msgs/msg/detail\n'}
[1.113009] (node_control_msgs) StdoutLine: {'line': b'-- Up-to-date: /data/rl_deploy/install/node_control_msgs/include/node_control_msgs/node_control_msgs/msg/detail/motor_health_state__rosidl_typesupport_fastrtps_cpp.hpp\n'}
[1.113114] (node_control_msgs) StdoutLine: {'line': b'-- Up-to-date: /data/rl_deploy/install/node_control_msgs/include/node_control_msgs/node_control_msgs/msg/detail/motor_feedback__rosidl_typesupport_fastrtps_cpp.hpp\n'}
[1.113307] (node_control_msgs) StdoutLine: {'line': b'-- Up-to-date: /data/rl_deploy/install/node_control_msgs/include/node_control_msgs/node_control_msgs/msg/detail/dds_fastrtps\n'}
[1.113424] (node_control_msgs) StdoutLine: {'line': b'-- Up-to-date: /data/rl_deploy/install/node_control_msgs/include/node_control_msgs/node_control_msgs/msg/detail/motor_health__rosidl_typesupport_fastrtps_cpp.hpp\n'}
[1.113530] (node_control_msgs) StdoutLine: {'line': b'-- Up-to-date: /data/rl_deploy/install/node_control_msgs/include/node_control_msgs/node_control_msgs/msg/detail/motor_command_feedback__rosidl_typesupport_fastrtps_cpp.hpp\n'}
[1.113634] (node_control_msgs) StdoutLine: {'line': b'-- Up-to-date: /data/rl_deploy/install/node_control_msgs/include/node_control_msgs/node_control_msgs/msg/detail/motor_control__rosidl_typesupport_fastrtps_cpp.hpp\n'}
[1.113953] (node_control_msgs) StdoutLine: {'line': b'-- Up-to-date: /data/rl_deploy/install/node_control_msgs/include/node_control_msgs/node_control_msgs/msg/detail/motor_config_dev__rosidl_typesupport_fastrtps_cpp.hpp\n'}
[1.114082] (node_control_msgs) StdoutLine: {'line': b'-- Up-to-date: /data/rl_deploy/install/node_control_msgs/include/node_control_msgs/node_control_msgs/msg/detail/motor_info_value__rosidl_typesupport_fastrtps_cpp.hpp\n'}
[1.114192] (node_control_msgs) StdoutLine: {'line': b'-- Up-to-date: /data/rl_deploy/install/node_control_msgs/include/node_control_msgs/node_control_msgs/msg/detail/motor_config__rosidl_typesupport_fastrtps_cpp.hpp\n'}
[1.114311] (node_control_msgs) StdoutLine: {'line': b'-- Up-to-date: /data/rl_deploy/install/node_control_msgs/include/node_control_msgs/node_control_msgs/msg/detail/motor_info__rosidl_typesupport_fastrtps_cpp.hpp\n'}
[1.114420] (node_control_msgs) StdoutLine: {'line': b'-- Up-to-date: /data/rl_deploy/install/node_control_msgs/include/node_control_msgs/node_control_msgs/msg/detail/motor_command__rosidl_typesupport_fastrtps_cpp.hpp\n'}
[1.114529] (node_control_msgs) StdoutLine: {'line': b'-- Up-to-date: /data/rl_deploy/install/node_control_msgs/lib/libnode_control_msgs__rosidl_typesupport_fastrtps_cpp.so\n'}
[1.114629] (node_control_msgs) StdoutLine: {'line': b'-- Up-to-date: /data/rl_deploy/install/node_control_msgs/include/node_control_msgs/node_control_msgs\n'}
[1.114774] (node_control_msgs) StdoutLine: {'line': b'-- Up-to-date: /data/rl_deploy/install/node_control_msgs/include/node_control_msgs/node_control_msgs/srv\n'}
[1.114915] (node_control_msgs) StdoutLine: {'line': b'-- Up-to-date: /data/rl_deploy/install/node_control_msgs/include/node_control_msgs/node_control_msgs/srv/detail\n'}
[1.115023] (node_control_msgs) StdoutLine: {'line': b'-- Up-to-date: /data/rl_deploy/install/node_control_msgs/include/node_control_msgs/node_control_msgs/srv/detail/motor_config_status__rosidl_typesupport_introspection_cpp.hpp\n'}
[1.115159] (node_control_msgs) StdoutLine: {'line': b'-- Up-to-date: /data/rl_deploy/install/node_control_msgs/include/node_control_msgs/node_control_msgs/srv/detail/motor_config_status__type_support.cpp\n'}
[1.115352] (node_control_msgs) StdoutLine: {'line': b'-- Up-to-date: /data/rl_deploy/install/node_control_msgs/include/node_control_msgs/node_control_msgs/msg\n'}
[1.115464] (node_control_msgs) StdoutLine: {'line': b'-- Up-to-date: /data/rl_deploy/install/node_control_msgs/include/node_control_msgs/node_control_msgs/msg/detail\n'}
[1.115574] (node_control_msgs) StdoutLine: {'line': b'-- Up-to-date: /data/rl_deploy/install/node_control_msgs/include/node_control_msgs/node_control_msgs/msg/detail/motor_config__type_support.cpp\n'}
[1.115675] (node_control_msgs) StdoutLine: {'line': b'-- Up-to-date: /data/rl_deploy/install/node_control_msgs/include/node_control_msgs/node_control_msgs/msg/detail/motor_feedback__type_support.cpp\n'}
[1.115874] (node_control_msgs) StdoutLine: {'line': b'-- Up-to-date: /data/rl_deploy/install/node_control_msgs/include/node_control_msgs/node_control_msgs/msg/detail/motor_info__type_support.cpp\n'}
[1.115982] (node_control_msgs) StdoutLine: {'line': b'-- Up-to-date: /data/rl_deploy/install/node_control_msgs/include/node_control_msgs/node_control_msgs/msg/detail/motor_health__rosidl_typesupport_introspection_cpp.hpp\n'}
[1.116083] (node_control_msgs) StdoutLine: {'line': b'-- Up-to-date: /data/rl_deploy/install/node_control_msgs/include/node_control_msgs/node_control_msgs/msg/detail/motor_config_dev__type_support.cpp\n'}
[1.116182] (node_control_msgs) StdoutLine: {'line': b'-- Up-to-date: /data/rl_deploy/install/node_control_msgs/include/node_control_msgs/node_control_msgs/msg/detail/motor_command__rosidl_typesupport_introspection_cpp.hpp\n'}
[1.116281] (node_control_msgs) StdoutLine: {'line': b'-- Up-to-date: /data/rl_deploy/install/node_control_msgs/include/node_control_msgs/node_control_msgs/msg/detail/motor_info_value__type_support.cpp\n'}
[1.116379] (node_control_msgs) StdoutLine: {'line': b'-- Up-to-date: /data/rl_deploy/install/node_control_msgs/include/node_control_msgs/node_control_msgs/msg/detail/motor_health_state__rosidl_typesupport_introspection_cpp.hpp\n'}
[1.116494] (node_control_msgs) StdoutLine: {'line': b'-- Up-to-date: /data/rl_deploy/install/node_control_msgs/include/node_control_msgs/node_control_msgs/msg/detail/motor_feedback__rosidl_typesupport_introspection_cpp.hpp\n'}
[1.116596] (node_control_msgs) StdoutLine: {'line': b'-- Up-to-date: /data/rl_deploy/install/node_control_msgs/include/node_control_msgs/node_control_msgs/msg/detail/motor_control__rosidl_typesupport_introspection_cpp.hpp\n'}
[1.116747] (node_control_msgs) StdoutLine: {'line': b'-- Up-to-date: /data/rl_deploy/install/node_control_msgs/include/node_control_msgs/node_control_msgs/msg/detail/motor_info_value__rosidl_typesupport_introspection_cpp.hpp\n'}
[1.116882] (node_control_msgs) StdoutLine: {'line': b'-- Up-to-date: /data/rl_deploy/install/node_control_msgs/include/node_control_msgs/node_control_msgs/msg/detail/motor_command_feedback__type_support.cpp\n'}
[1.116989] (node_control_msgs) StdoutLine: {'line': b'-- Up-to-date: /data/rl_deploy/install/node_control_msgs/include/node_control_msgs/node_control_msgs/msg/detail/motor_config_dev__rosidl_typesupport_introspection_cpp.hpp\n'}
[1.117089] (node_control_msgs) StdoutLine: {'line': b'-- Up-to-date: /data/rl_deploy/install/node_control_msgs/include/node_control_msgs/node_control_msgs/msg/detail/motor_info__rosidl_typesupport_introspection_cpp.hpp\n'}
[1.117248] (node_control_msgs) StdoutLine: {'line': b'-- Up-to-date: /data/rl_deploy/install/node_control_msgs/include/node_control_msgs/node_control_msgs/msg/detail/motor_config__rosidl_typesupport_introspection_cpp.hpp\n'}
[1.117387] (node_control_msgs) StdoutLine: {'line': b'-- Up-to-date: /data/rl_deploy/install/node_control_msgs/include/node_control_msgs/node_control_msgs/msg/detail/motor_health__type_support.cpp\n'}
[1.117501] (node_control_msgs) StdoutLine: {'line': b'-- Up-to-date: /data/rl_deploy/install/node_control_msgs/include/node_control_msgs/node_control_msgs/msg/detail/motor_control__type_support.cpp\n'}
[1.117604] (node_control_msgs) StdoutLine: {'line': b'-- Up-to-date: /data/rl_deploy/install/node_control_msgs/include/node_control_msgs/node_control_msgs/msg/detail/motor_command__type_support.cpp\n'}
[1.117740] (node_control_msgs) StdoutLine: {'line': b'-- Up-to-date: /data/rl_deploy/install/node_control_msgs/include/node_control_msgs/node_control_msgs/msg/detail/motor_health_state__type_support.cpp\n'}
[1.117865] (node_control_msgs) StdoutLine: {'line': b'-- Up-to-date: /data/rl_deploy/install/node_control_msgs/include/node_control_msgs/node_control_msgs/msg/detail/motor_command_feedback__rosidl_typesupport_introspection_cpp.hpp\n'}
[1.117971] (node_control_msgs) StdoutLine: {'line': b'-- Up-to-date: /data/rl_deploy/install/node_control_msgs/lib/libnode_control_msgs__rosidl_typesupport_introspection_cpp.so\n'}
[1.118175] (node_control_msgs) StdoutLine: {'line': b'-- Up-to-date: /data/rl_deploy/install/node_control_msgs/lib/libnode_control_msgs__rosidl_typesupport_cpp.so\n'}
[1.118289] (node_control_msgs) StdoutLine: {'line': b'-- Up-to-date: /data/rl_deploy/install/node_control_msgs/share/node_control_msgs/environment/pythonpath.sh\n'}
[1.118394] (node_control_msgs) StdoutLine: {'line': b'-- Up-to-date: /data/rl_deploy/install/node_control_msgs/share/node_control_msgs/environment/pythonpath.dsv\n'}
[1.118502] (node_control_msgs) StdoutLine: {'line': b'-- Up-to-date: /data/rl_deploy/install/node_control_msgs/local/lib/python3.10/dist-packages/node_control_msgs-0.0.0-py3.10.egg-info\n'}
[1.118630] (node_control_msgs) StdoutLine: {'line': b'-- Installing: /data/rl_deploy/install/node_control_msgs/local/lib/python3.10/dist-packages/node_control_msgs-0.0.0-py3.10.egg-info/top_level.txt\n'}
[1.118781] (node_control_msgs) StdoutLine: {'line': b'-- Installing: /data/rl_deploy/install/node_control_msgs/local/lib/python3.10/dist-packages/node_control_msgs-0.0.0-py3.10.egg-info/PKG-INFO\n'}
[1.118919] (node_control_msgs) StdoutLine: {'line': b'-- Installing: /data/rl_deploy/install/node_control_msgs/local/lib/python3.10/dist-packages/node_control_msgs-0.0.0-py3.10.egg-info/SOURCES.txt\n'}
[1.119026] (node_control_msgs) StdoutLine: {'line': b'-- Installing: /data/rl_deploy/install/node_control_msgs/local/lib/python3.10/dist-packages/node_control_msgs-0.0.0-py3.10.egg-info/dependency_links.txt\n'}
[1.119127] (node_control_msgs) StdoutLine: {'line': b'-- Up-to-date: /data/rl_deploy/install/node_control_msgs/local/lib/python3.10/dist-packages/node_control_msgs\n'}
[1.119316] (node_control_msgs) StdoutLine: {'line': b'-- Up-to-date: /data/rl_deploy/install/node_control_msgs/local/lib/python3.10/dist-packages/node_control_msgs/libnode_control_msgs__rosidl_generator_py.so\n'}
[1.119448] (node_control_msgs) StdoutLine: {'line': b'-- Up-to-date: /data/rl_deploy/install/node_control_msgs/local/lib/python3.10/dist-packages/node_control_msgs/node_control_msgs_s__rosidl_typesupport_introspection_c.cpython-310-aarch64-linux-gnu.so\n'}
[1.119563] (node_control_msgs) StdoutLine: {'line': b'-- Up-to-date: /data/rl_deploy/install/node_control_msgs/local/lib/python3.10/dist-packages/node_control_msgs/node_control_msgs_s__rosidl_typesupport_c.cpython-310-aarch64-linux-gnu.so\n'}
[1.119679] (node_control_msgs) StdoutLine: {'line': b'-- Up-to-date: /data/rl_deploy/install/node_control_msgs/local/lib/python3.10/dist-packages/node_control_msgs/_node_control_msgs_s.ep.rosidl_typesupport_introspection_c.c\n'}
[1.119959] (node_control_msgs) StdoutLine: {'line': b'-- Up-to-date: /data/rl_deploy/install/node_control_msgs/local/lib/python3.10/dist-packages/node_control_msgs/__init__.py\n'}
[1.120159] (node_control_msgs) StdoutLine: {'line': b'-- Up-to-date: /data/rl_deploy/install/node_control_msgs/local/lib/python3.10/dist-packages/node_control_msgs/node_control_msgs_s__rosidl_typesupport_fastrtps_c.cpython-310-aarch64-linux-gnu.so\n'}
[1.120406] (node_control_msgs) StdoutLine: {'line': b'-- Up-to-date: /data/rl_deploy/install/node_control_msgs/local/lib/python3.10/dist-packages/node_control_msgs/srv\n'}
[1.120619] (node_control_msgs) StdoutLine: {'line': b'-- Up-to-date: /data/rl_deploy/install/node_control_msgs/local/lib/python3.10/dist-packages/node_control_msgs/srv/_motor_config_status.py\n'}
[1.120785] (node_control_msgs) StdoutLine: {'line': b'-- Up-to-date: /data/rl_deploy/install/node_control_msgs/local/lib/python3.10/dist-packages/node_control_msgs/srv/_motor_config_status_s.c\n'}
[1.120965] (node_control_msgs) StdoutLine: {'line': b'-- Up-to-date: /data/rl_deploy/install/node_control_msgs/local/lib/python3.10/dist-packages/node_control_msgs/srv/__init__.py\n'}
[1.121095] (node_control_msgs) StdoutLine: {'line': b'-- Up-to-date: /data/rl_deploy/install/node_control_msgs/local/lib/python3.10/dist-packages/node_control_msgs/_node_control_msgs_s.ep.rosidl_typesupport_c.c\n'}
[1.121204] (node_control_msgs) StdoutLine: {'line': b'-- Up-to-date: /data/rl_deploy/install/node_control_msgs/local/lib/python3.10/dist-packages/node_control_msgs/_node_control_msgs_s.ep.rosidl_typesupport_fastrtps_c.c\n'}
[1.121327] (node_control_msgs) StdoutLine: {'line': b'-- Up-to-date: /data/rl_deploy/install/node_control_msgs/local/lib/python3.10/dist-packages/node_control_msgs/msg\n'}
[1.121428] (node_control_msgs) StdoutLine: {'line': b'-- Up-to-date: /data/rl_deploy/install/node_control_msgs/local/lib/python3.10/dist-packages/node_control_msgs/msg/_motor_config_dev_s.c\n'}
[1.121576] (node_control_msgs) StdoutLine: {'line': b'-- Up-to-date: /data/rl_deploy/install/node_control_msgs/local/lib/python3.10/dist-packages/node_control_msgs/msg/_motor_command_s.c\n'}
[1.121679] (node_control_msgs) StdoutLine: {'line': b'-- Up-to-date: /data/rl_deploy/install/node_control_msgs/local/lib/python3.10/dist-packages/node_control_msgs/msg/_motor_config_dev.py\n'}
[1.121780] (node_control_msgs) StdoutLine: {'line': b'-- Up-to-date: /data/rl_deploy/install/node_control_msgs/local/lib/python3.10/dist-packages/node_control_msgs/msg/_motor_config_s.c\n'}
[1.121896] (node_control_msgs) StdoutLine: {'line': b'-- Up-to-date: /data/rl_deploy/install/node_control_msgs/local/lib/python3.10/dist-packages/node_control_msgs/msg/_motor_control_s.c\n'}
[1.122032] (node_control_msgs) StdoutLine: {'line': b'-- Up-to-date: /data/rl_deploy/install/node_control_msgs/local/lib/python3.10/dist-packages/node_control_msgs/msg/_motor_info_value.py\n'}
[1.122185] (node_control_msgs) StdoutLine: {'line': b'-- Up-to-date: /data/rl_deploy/install/node_control_msgs/local/lib/python3.10/dist-packages/node_control_msgs/msg/_motor_info_value_s.c\n'}
[1.122306] (node_control_msgs) StdoutLine: {'line': b'-- Up-to-date: /data/rl_deploy/install/node_control_msgs/local/lib/python3.10/dist-packages/node_control_msgs/msg/_motor_health.py\n'}
[1.122566] (node_control_msgs) StdoutLine: {'line': b'-- Up-to-date: /data/rl_deploy/install/node_control_msgs/local/lib/python3.10/dist-packages/node_control_msgs/msg/_motor_command_feedback_s.c\n'}
[1.122676] (node_control_msgs) StdoutLine: {'line': b'-- Up-to-date: /data/rl_deploy/install/node_control_msgs/local/lib/python3.10/dist-packages/node_control_msgs/msg/__init__.py\n'}
[1.122850] (node_control_msgs) StdoutLine: {'line': b'-- Up-to-date: /data/rl_deploy/install/node_control_msgs/local/lib/python3.10/dist-packages/node_control_msgs/msg/_motor_config.py\n'}
[1.123043] (node_control_msgs) StdoutLine: {'line': b'-- Up-to-date: /data/rl_deploy/install/node_control_msgs/local/lib/python3.10/dist-packages/node_control_msgs/msg/_motor_health_s.c\n'}
[1.123150] (node_control_msgs) StdoutLine: {'line': b'-- Up-to-date: /data/rl_deploy/install/node_control_msgs/local/lib/python3.10/dist-packages/node_control_msgs/msg/_motor_command_feedback.py\n'}
[1.123274] (node_control_msgs) StdoutLine: {'line': b'-- Up-to-date: /data/rl_deploy/install/node_control_msgs/local/lib/python3.10/dist-packages/node_control_msgs/msg/_motor_info_s.c\n'}
[1.123375] (node_control_msgs) StdoutLine: {'line': b'-- Up-to-date: /data/rl_deploy/install/node_control_msgs/local/lib/python3.10/dist-packages/node_control_msgs/msg/_motor_info.py\n'}
[1.123519] (node_control_msgs) StdoutLine: {'line': b'-- Up-to-date: /data/rl_deploy/install/node_control_msgs/local/lib/python3.10/dist-packages/node_control_msgs/msg/_motor_health_state.py\n'}
[1.123624] (node_control_msgs) StdoutLine: {'line': b'-- Up-to-date: /data/rl_deploy/install/node_control_msgs/local/lib/python3.10/dist-packages/node_control_msgs/msg/_motor_feedback.py\n'}
[1.123786] (node_control_msgs) StdoutLine: {'line': b'-- Up-to-date: /data/rl_deploy/install/node_control_msgs/local/lib/python3.10/dist-packages/node_control_msgs/msg/_motor_control.py\n'}
[1.123947] (node_control_msgs) StdoutLine: {'line': b'-- Up-to-date: /data/rl_deploy/install/node_control_msgs/local/lib/python3.10/dist-packages/node_control_msgs/msg/_motor_feedback_s.c\n'}
[1.124306] (node_control_msgs) StdoutLine: {'line': b'-- Up-to-date: /data/rl_deploy/install/node_control_msgs/local/lib/python3.10/dist-packages/node_control_msgs/msg/_motor_health_state_s.c\n'}
[1.124511] (node_control_msgs) StdoutLine: {'line': b'-- Up-to-date: /data/rl_deploy/install/node_control_msgs/local/lib/python3.10/dist-packages/node_control_msgs/msg/_motor_command.py\n'}
[1.124677] (node_driver_msgs) StdoutLine: {'line': b"Listing '/data/rl_deploy/install/node_driver_msgs/local/lib/python3.10/dist-packages/node_driver_msgs'...\n"}
[1.124885] (node_driver_msgs) StdoutLine: {'line': b"Listing '/data/rl_deploy/install/node_driver_msgs/local/lib/python3.10/dist-packages/node_driver_msgs/msg'...\n"}
[1.131991] (node_driver_msgs) StdoutLine: {'line': b'-- Up-to-date: /data/rl_deploy/install/node_driver_msgs/local/lib/python3.10/dist-packages/node_driver_msgs/node_driver_msgs_s__rosidl_typesupport_fastrtps_c.cpython-310-aarch64-linux-gnu.so\n'}
[1.132609] (node_driver_msgs) StdoutLine: {'line': b'-- Up-to-date: /data/rl_deploy/install/node_driver_msgs/local/lib/python3.10/dist-packages/node_driver_msgs/node_driver_msgs_s__rosidl_typesupport_introspection_c.cpython-310-aarch64-linux-gnu.so\n'}
[1.133173] (node_driver_msgs) StdoutLine: {'line': b'-- Up-to-date: /data/rl_deploy/install/node_driver_msgs/local/lib/python3.10/dist-packages/node_driver_msgs/node_driver_msgs_s__rosidl_typesupport_c.cpython-310-aarch64-linux-gnu.so\n'}
[1.133770] (node_driver_msgs) StdoutLine: {'line': b'-- Up-to-date: /data/rl_deploy/install/node_driver_msgs/lib/libnode_driver_msgs__rosidl_generator_py.so\n'}
[1.134129] (node_driver_msgs) StdoutLine: {'line': b'-- Up-to-date: /data/rl_deploy/install/node_driver_msgs/share/ament_index/resource_index/rust_packages/node_driver_msgs\n'}
[1.134290] (node_driver_msgs) StdoutLine: {'line': b'-- Up-to-date: /data/rl_deploy/install/node_driver_msgs/share/node_driver_msgs/rust\n'}
[1.134478] (node_driver_msgs) StdoutLine: {'line': b'-- Up-to-date: /data/rl_deploy/install/node_driver_msgs/share/node_driver_msgs/rust/Cargo.toml\n'}
[1.134679] (node_driver_msgs) StdoutLine: {'line': b'-- Up-to-date: /data/rl_deploy/install/node_driver_msgs/share/node_driver_msgs/rust/src\n'}
[1.134886] (node_driver_msgs) StdoutLine: {'line': b'-- Up-to-date: /data/rl_deploy/install/node_driver_msgs/share/node_driver_msgs/rust/src/lib.rs\n'}
[1.135038] (node_driver_msgs) StdoutLine: {'line': b'-- Up-to-date: /data/rl_deploy/install/node_driver_msgs/share/node_driver_msgs/rust/src/msg.rs\n'}
[1.135306] (node_driver_msgs) StdoutLine: {'line': b'-- Up-to-date: /data/rl_deploy/install/node_driver_msgs/share/node_driver_msgs/rust/src/msg\n'}
[1.135448] (node_driver_msgs) StdoutLine: {'line': b'-- Up-to-date: /data/rl_deploy/install/node_driver_msgs/share/node_driver_msgs/rust/src/msg/rmw.rs\n'}
[1.135608] (node_driver_msgs) StdoutLine: {'line': b'-- Up-to-date: /data/rl_deploy/install/node_driver_msgs/share/node_driver_msgs/rust/build.rs\n'}
[1.135938] (node_driver_msgs) StdoutLine: {'line': b'-- Up-to-date: /data/rl_deploy/install/node_driver_msgs/share/node_driver_msgs/msg/Sensormsgcontrol.idl\n'}
[1.136107] (node_driver_msgs) StdoutLine: {'line': b'-- Up-to-date: /data/rl_deploy/install/node_driver_msgs/share/node_driver_msgs/msg/Sensormsgstate.idl\n'}
[1.136250] (node_driver_msgs) StdoutLine: {'line': b'-- Up-to-date: /data/rl_deploy/install/node_driver_msgs/share/node_driver_msgs/msg/Sensormsgcontrol.msg\n'}
[1.136361] (node_driver_msgs) StdoutLine: {'line': b'-- Up-to-date: /data/rl_deploy/install/node_driver_msgs/share/node_driver_msgs/msg/Sensormsgstate.msg\n'}
[1.136475] (node_driver_msgs) StdoutLine: {'line': b'-- Up-to-date: /data/rl_deploy/install/node_driver_msgs/share/ament_index/resource_index/package_run_dependencies/node_driver_msgs\n'}
[1.136582] (node_driver_msgs) StdoutLine: {'line': b'-- Up-to-date: /data/rl_deploy/install/node_driver_msgs/share/ament_index/resource_index/parent_prefix_path/node_driver_msgs\n'}
[1.136683] (node_driver_msgs) StdoutLine: {'line': b'-- Up-to-date: /data/rl_deploy/install/node_driver_msgs/share/node_driver_msgs/environment/ament_prefix_path.sh\n'}
[1.136893] (node_driver_msgs) StdoutLine: {'line': b'-- Up-to-date: /data/rl_deploy/install/node_driver_msgs/share/node_driver_msgs/environment/ament_prefix_path.dsv\n'}
[1.137039] (node_driver_msgs) StdoutLine: {'line': b'-- Up-to-date: /data/rl_deploy/install/node_driver_msgs/share/node_driver_msgs/environment/path.sh\n'}
[1.137276] (node_driver_msgs) StdoutLine: {'line': b'-- Up-to-date: /data/rl_deploy/install/node_driver_msgs/share/node_driver_msgs/environment/path.dsv\n'}
[1.137459] (node_driver_msgs) StdoutLine: {'line': b'-- Up-to-date: /data/rl_deploy/install/node_driver_msgs/share/node_driver_msgs/local_setup.bash\n'}
[1.137571] (node_driver_msgs) StdoutLine: {'line': b'-- Up-to-date: /data/rl_deploy/install/node_driver_msgs/share/node_driver_msgs/local_setup.sh\n'}
[1.137769] (node_driver_msgs) StdoutLine: {'line': b'-- Up-to-date: /data/rl_deploy/install/node_driver_msgs/share/node_driver_msgs/local_setup.zsh\n'}
[1.137892] (node_driver_msgs) StdoutLine: {'line': b'-- Up-to-date: /data/rl_deploy/install/node_driver_msgs/share/node_driver_msgs/local_setup.dsv\n'}
[1.137997] (node_driver_msgs) StdoutLine: {'line': b'-- Installing: /data/rl_deploy/install/node_driver_msgs/share/node_driver_msgs/package.dsv\n'}
[1.138101] (node_driver_msgs) StdoutLine: {'line': b'-- Up-to-date: /data/rl_deploy/install/node_driver_msgs/share/ament_index/resource_index/packages/node_driver_msgs\n'}
[1.138271] (node_driver_msgs) StdoutLine: {'line': b'-- Up-to-date: /data/rl_deploy/install/node_driver_msgs/share/node_driver_msgs/cmake/export_node_driver_msgs__rosidl_generator_cExport.cmake\n'}
[1.138469] (node_driver_msgs) StdoutLine: {'line': b'-- Up-to-date: /data/rl_deploy/install/node_driver_msgs/share/node_driver_msgs/cmake/export_node_driver_msgs__rosidl_generator_cExport-noconfig.cmake\n'}
[1.138755] (node_driver_msgs) StdoutLine: {'line': b'-- Up-to-date: /data/rl_deploy/install/node_driver_msgs/share/node_driver_msgs/cmake/export_node_driver_msgs__rosidl_typesupport_fastrtps_cExport.cmake\n'}
[1.138952] (node_driver_msgs) StdoutLine: {'line': b'-- Up-to-date: /data/rl_deploy/install/node_driver_msgs/share/node_driver_msgs/cmake/export_node_driver_msgs__rosidl_typesupport_fastrtps_cExport-noconfig.cmake\n'}
[1.139089] (node_driver_msgs) StdoutLine: {'line': b'-- Up-to-date: /data/rl_deploy/install/node_driver_msgs/share/node_driver_msgs/cmake/node_driver_msgs__rosidl_typesupport_introspection_cExport.cmake\n'}
[1.139342] (node_driver_msgs) StdoutLine: {'line': b'-- Up-to-date: /data/rl_deploy/install/node_driver_msgs/share/node_driver_msgs/cmake/node_driver_msgs__rosidl_typesupport_introspection_cExport-noconfig.cmake\n'}
[1.139582] (node_driver_msgs) StdoutLine: {'line': b'-- Up-to-date: /data/rl_deploy/install/node_driver_msgs/share/node_driver_msgs/cmake/node_driver_msgs__rosidl_typesupport_cExport.cmake\n'}
[1.140043] (node_driver_msgs) StdoutLine: {'line': b'-- Up-to-date: /data/rl_deploy/install/node_driver_msgs/share/node_driver_msgs/cmake/node_driver_msgs__rosidl_typesupport_cExport-noconfig.cmake\n'}
[1.140263] (node_driver_msgs) StdoutLine: {'line': b'-- Up-to-date: /data/rl_deploy/install/node_driver_msgs/share/node_driver_msgs/cmake/export_node_driver_msgs__rosidl_generator_cppExport.cmake\n'}
[1.140480] (node_driver_msgs) StdoutLine: {'line': b'-- Up-to-date: /data/rl_deploy/install/node_driver_msgs/share/node_driver_msgs/cmake/export_node_driver_msgs__rosidl_typesupport_fastrtps_cppExport.cmake\n'}
[1.140612] (node_driver_msgs) StdoutLine: {'line': b'-- Up-to-date: /data/rl_deploy/install/node_driver_msgs/share/node_driver_msgs/cmake/export_node_driver_msgs__rosidl_typesupport_fastrtps_cppExport-noconfig.cmake\n'}
[1.140791] (node_driver_msgs) StdoutLine: {'line': b'-- Up-to-date: /data/rl_deploy/install/node_driver_msgs/share/node_driver_msgs/cmake/node_driver_msgs__rosidl_typesupport_introspection_cppExport.cmake\n'}
[1.141178] (node_driver_msgs) StdoutLine: {'line': b'-- Up-to-date: /data/rl_deploy/install/node_driver_msgs/share/node_driver_msgs/cmake/node_driver_msgs__rosidl_typesupport_introspection_cppExport-noconfig.cmake\n'}
[1.141306] (node_driver_msgs) StdoutLine: {'line': b'-- Up-to-date: /data/rl_deploy/install/node_driver_msgs/share/node_driver_msgs/cmake/node_driver_msgs__rosidl_typesupport_cppExport.cmake\n'}
[1.141419] (node_driver_msgs) StdoutLine: {'line': b'-- Up-to-date: /data/rl_deploy/install/node_driver_msgs/share/node_driver_msgs/cmake/node_driver_msgs__rosidl_typesupport_cppExport-noconfig.cmake\n'}
[1.141551] (node_driver_msgs) StdoutLine: {'line': b'-- Up-to-date: /data/rl_deploy/install/node_driver_msgs/share/node_driver_msgs/cmake/export_node_driver_msgs__rosidl_generator_pyExport.cmake\n'}
[1.141660] (node_driver_msgs) StdoutLine: {'line': b'-- Up-to-date: /data/rl_deploy/install/node_driver_msgs/share/node_driver_msgs/cmake/export_node_driver_msgs__rosidl_generator_pyExport-noconfig.cmake\n'}
[1.141766] (node_driver_msgs) StdoutLine: {'line': b'-- Up-to-date: /data/rl_deploy/install/node_driver_msgs/share/node_driver_msgs/cmake/rosidl_cmake-extras.cmake\n'}
[1.142023] (node_driver_msgs) StdoutLine: {'line': b'-- Up-to-date: /data/rl_deploy/install/node_driver_msgs/share/node_driver_msgs/cmake/ament_cmake_export_dependencies-extras.cmake\n'}
[1.142224] (node_driver_msgs) StdoutLine: {'line': b'-- Up-to-date: /data/rl_deploy/install/node_driver_msgs/share/node_driver_msgs/cmake/ament_cmake_export_include_directories-extras.cmake\n'}
[1.142345] (node_driver_msgs) StdoutLine: {'line': b'-- Up-to-date: /data/rl_deploy/install/node_driver_msgs/share/node_driver_msgs/cmake/ament_cmake_export_libraries-extras.cmake\n'}
[1.142505] (node_driver_msgs) StdoutLine: {'line': b'-- Up-to-date: /data/rl_deploy/install/node_driver_msgs/share/node_driver_msgs/cmake/ament_cmake_export_targets-extras.cmake\n'}
[1.142677] (node_driver_msgs) StdoutLine: {'line': b'-- Up-to-date: /data/rl_deploy/install/node_driver_msgs/share/node_driver_msgs/cmake/rosidl_cmake_export_typesupport_targets-extras.cmake\n'}
[1.143253] (node_driver_msgs) StdoutLine: {'line': b'-- Up-to-date: /data/rl_deploy/install/node_driver_msgs/share/node_driver_msgs/cmake/rosidl_cmake_export_typesupport_libraries-extras.cmake\n'}
[1.144511] (node_driver_msgs) StdoutLine: {'line': b'-- Up-to-date: /data/rl_deploy/install/node_driver_msgs/share/node_driver_msgs/cmake/node_driver_msgsConfig.cmake\n'}
[1.145281] (node_driver_msgs) StdoutLine: {'line': b'-- Up-to-date: /data/rl_deploy/install/node_driver_msgs/share/node_driver_msgs/cmake/node_driver_msgsConfig-version.cmake\n'}
[1.145600] (node_driver_msgs) StdoutLine: {'line': b'-- Up-to-date: /data/rl_deploy/install/node_driver_msgs/share/node_driver_msgs/package.xml\n'}
[1.145981] (node_driver_msgs) CommandEnded: {'returncode': 0}
[1.169311] (node_control_msgs) StdoutLine: {'line': b"Listing '/data/rl_deploy/install/node_control_msgs/local/lib/python3.10/dist-packages/node_control_msgs'...\n"}
[1.170747] (node_control_msgs) StdoutLine: {'line': b"Listing '/data/rl_deploy/install/node_control_msgs/local/lib/python3.10/dist-packages/node_control_msgs/msg'...\n"}
[1.171027] (node_control_msgs) StdoutLine: {'line': b"Listing '/data/rl_deploy/install/node_control_msgs/local/lib/python3.10/dist-packages/node_control_msgs/srv'...\n"}
[1.179358] (node_control_msgs) StdoutLine: {'line': b'-- Up-to-date: /data/rl_deploy/install/node_control_msgs/local/lib/python3.10/dist-packages/node_control_msgs/node_control_msgs_s__rosidl_typesupport_fastrtps_c.cpython-310-aarch64-linux-gnu.so\n'}
[1.179943] (node_control_msgs) StdoutLine: {'line': b'-- Up-to-date: /data/rl_deploy/install/node_control_msgs/local/lib/python3.10/dist-packages/node_control_msgs/node_control_msgs_s__rosidl_typesupport_introspection_c.cpython-310-aarch64-linux-gnu.so\n'}
[1.181372] (node_control_msgs) StdoutLine: {'line': b'-- Up-to-date: /data/rl_deploy/install/node_control_msgs/local/lib/python3.10/dist-packages/node_control_msgs/node_control_msgs_s__rosidl_typesupport_c.cpython-310-aarch64-linux-gnu.so\n'}
[1.181897] (node_control_msgs) StdoutLine: {'line': b'-- Up-to-date: /data/rl_deploy/install/node_control_msgs/lib/libnode_control_msgs__rosidl_generator_py.so\n'}
[1.183090] (node_control_msgs) StdoutLine: {'line': b'-- Up-to-date: /data/rl_deploy/install/node_control_msgs/share/ament_index/resource_index/rust_packages/node_control_msgs\n'}
[1.183983] (node_control_msgs) StdoutLine: {'line': b'-- Up-to-date: /data/rl_deploy/install/node_control_msgs/share/node_control_msgs/rust\n'}
[1.184667] (node_control_msgs) StdoutLine: {'line': b'-- Up-to-date: /data/rl_deploy/install/node_control_msgs/share/node_control_msgs/rust/Cargo.toml\n'}
[1.185172] (node_control_msgs) StdoutLine: {'line': b'-- Up-to-date: /data/rl_deploy/install/node_control_msgs/share/node_control_msgs/rust/src\n'}
[1.185607] (node_control_msgs) StdoutLine: {'line': b'-- Up-to-date: /data/rl_deploy/install/node_control_msgs/share/node_control_msgs/rust/src/lib.rs\n'}
[1.186045] (node_control_msgs) StdoutLine: {'line': b'-- Up-to-date: /data/rl_deploy/install/node_control_msgs/share/node_control_msgs/rust/src/srv.rs\n'}
[1.187085] (node_control_msgs) StdoutLine: {'line': b'-- Up-to-date: /data/rl_deploy/install/node_control_msgs/share/node_control_msgs/rust/src/srv\n'}
[1.187676] (node_control_msgs) StdoutLine: {'line': b'-- Up-to-date: /data/rl_deploy/install/node_control_msgs/share/node_control_msgs/rust/src/srv/rmw.rs\n'}
[1.188213] (node_control_msgs) StdoutLine: {'line': b'-- Up-to-date: /data/rl_deploy/install/node_control_msgs/share/node_control_msgs/rust/src/msg.rs\n'}
[1.189029] (node_control_msgs) StdoutLine: {'line': b'-- Up-to-date: /data/rl_deploy/install/node_control_msgs/share/node_control_msgs/rust/src/msg\n'}
[1.190243] (node_control_msgs) StdoutLine: {'line': b'-- Up-to-date: /data/rl_deploy/install/node_control_msgs/share/node_control_msgs/rust/src/msg/rmw.rs\n'}
[1.190447] (node_control_msgs) StdoutLine: {'line': b'-- Up-to-date: /data/rl_deploy/install/node_control_msgs/share/node_control_msgs/rust/build.rs\n'}
[1.190604] (node_control_msgs) StdoutLine: {'line': b'-- Up-to-date: /data/rl_deploy/install/node_control_msgs/share/node_control_msgs/msg/MotorCommandFeedback.idl\n'}
[1.191014] (node_control_msgs) StdoutLine: {'line': b'-- Up-to-date: /data/rl_deploy/install/node_control_msgs/share/node_control_msgs/msg/MotorCommand.idl\n'}
[1.192155] (node_control_msgs) StdoutLine: {'line': b'-- Up-to-date: /data/rl_deploy/install/node_control_msgs/share/node_control_msgs/msg/MotorConfig.idl\n'}
[1.192343] (node_control_msgs) StdoutLine: {'line': b'-- Up-to-date: /data/rl_deploy/install/node_control_msgs/share/node_control_msgs/msg/MotorConfigDev.idl\n'}
[1.192951] (node_control_msgs) StdoutLine: {'line': b'-- Up-to-date: /data/rl_deploy/install/node_control_msgs/share/node_control_msgs/msg/MotorControl.idl\n'}
[1.193204] (node_control_msgs) StdoutLine: {'line': b'-- Up-to-date: /data/rl_deploy/install/node_control_msgs/share/node_control_msgs/msg/MotorFeedback.idl\n'}
[1.193497] (node_control_msgs) StdoutLine: {'line': b'-- Up-to-date: /data/rl_deploy/install/node_control_msgs/share/node_control_msgs/msg/MotorHealth.idl\n'}
[1.194263] (node_control_msgs) StdoutLine: {'line': b'-- Up-to-date: /data/rl_deploy/install/node_control_msgs/share/node_control_msgs/msg/MotorHealthState.idl\n'}
[1.196018] (node_control_msgs) StdoutLine: {'line': b'-- Up-to-date: /data/rl_deploy/install/node_control_msgs/share/node_control_msgs/msg/MotorInfo.idl\n'}
[1.196352] (node_control_msgs) StdoutLine: {'line': b'-- Up-to-date: /data/rl_deploy/install/node_control_msgs/share/node_control_msgs/msg/MotorInfoValue.idl\n'}
[1.197180] (node_control_msgs) StdoutLine: {'line': b'-- Up-to-date: /data/rl_deploy/install/node_control_msgs/share/node_control_msgs/srv/MotorConfigStatus.idl\n'}
[1.197388] (node_control_msgs) StdoutLine: {'line': b'-- Up-to-date: /data/rl_deploy/install/node_control_msgs/share/node_control_msgs/msg/MotorCommandFeedback.msg\n'}
[1.197639] (node_control_msgs) StdoutLine: {'line': b'-- Up-to-date: /data/rl_deploy/install/node_control_msgs/share/node_control_msgs/msg/MotorCommand.msg\n'}
[1.198069] (node_control_msgs) StdoutLine: {'line': b'-- Up-to-date: /data/rl_deploy/install/node_control_msgs/share/node_control_msgs/msg/MotorConfig.msg\n'}
[1.198783] (node_control_msgs) StdoutLine: {'line': b'-- Up-to-date: /data/rl_deploy/install/node_control_msgs/share/node_control_msgs/msg/MotorConfigDev.msg\n'}
[1.199061] (node_control_msgs) StdoutLine: {'line': b'-- Up-to-date: /data/rl_deploy/install/node_control_msgs/share/node_control_msgs/msg/MotorControl.msg\n'}
[1.199526] (node_control_msgs) StdoutLine: {'line': b'-- Up-to-date: /data/rl_deploy/install/node_control_msgs/share/node_control_msgs/msg/MotorFeedback.msg\n'}
[1.200163] (node_control_msgs) StdoutLine: {'line': b'-- Up-to-date: /data/rl_deploy/install/node_control_msgs/share/node_control_msgs/msg/MotorHealth.msg\n'}
[1.200411] (node_control_msgs) StdoutLine: {'line': b'-- Up-to-date: /data/rl_deploy/install/node_control_msgs/share/node_control_msgs/msg/MotorHealthState.msg\n'}
[1.200652] (node_control_msgs) StdoutLine: {'line': b'-- Up-to-date: /data/rl_deploy/install/node_control_msgs/share/node_control_msgs/msg/MotorInfo.msg\n'}
[1.201102] (node_control_msgs) StdoutLine: {'line': b'-- Up-to-date: /data/rl_deploy/install/node_control_msgs/share/node_control_msgs/msg/MotorInfoValue.msg\n'}
[1.201587] (node_control_msgs) StdoutLine: {'line': b'-- Up-to-date: /data/rl_deploy/install/node_control_msgs/share/node_control_msgs/srv/MotorConfigStatus.srv\n'}
[1.201757] (node_control_msgs) StdoutLine: {'line': b'-- Up-to-date: /data/rl_deploy/install/node_control_msgs/share/node_control_msgs/srv/MotorConfigStatus_Request.msg\n'}
[1.202084] (node_control_msgs) StdoutLine: {'line': b'-- Up-to-date: /data/rl_deploy/install/node_control_msgs/share/node_control_msgs/srv/MotorConfigStatus_Response.msg\n'}
[1.202405] (-) TimerEvent: {}
[1.203123] (node_control_msgs) StdoutLine: {'line': b'-- Up-to-date: /data/rl_deploy/install/node_control_msgs/share/ament_index/resource_index/package_run_dependencies/node_control_msgs\n'}
[1.203371] (node_control_msgs) StdoutLine: {'line': b'-- Up-to-date: /data/rl_deploy/install/node_control_msgs/share/ament_index/resource_index/parent_prefix_path/node_control_msgs\n'}
[1.203952] (node_control_msgs) StdoutLine: {'line': b'-- Up-to-date: /data/rl_deploy/install/node_control_msgs/share/node_control_msgs/environment/ament_prefix_path.sh\n'}
[1.204238] (node_control_msgs) StdoutLine: {'line': b'-- Up-to-date: /data/rl_deploy/install/node_control_msgs/share/node_control_msgs/environment/ament_prefix_path.dsv\n'}
[1.204902] (node_control_msgs) StdoutLine: {'line': b'-- Up-to-date: /data/rl_deploy/install/node_control_msgs/share/node_control_msgs/environment/path.sh\n'}
[1.205555] (node_control_msgs) StdoutLine: {'line': b'-- Up-to-date: /data/rl_deploy/install/node_control_msgs/share/node_control_msgs/environment/path.dsv\n'}
[1.206676] (node_control_msgs) StdoutLine: {'line': b'-- Up-to-date: /data/rl_deploy/install/node_control_msgs/share/node_control_msgs/local_setup.bash\n'}
[1.206961] (node_control_msgs) StdoutLine: {'line': b'-- Up-to-date: /data/rl_deploy/install/node_control_msgs/share/node_control_msgs/local_setup.sh\n'}
[1.207117] (node_control_msgs) StdoutLine: {'line': b'-- Up-to-date: /data/rl_deploy/install/node_control_msgs/share/node_control_msgs/local_setup.zsh\n'}
[1.207279] (node_control_msgs) StdoutLine: {'line': b'-- Up-to-date: /data/rl_deploy/install/node_control_msgs/share/node_control_msgs/local_setup.dsv\n'}
[1.207498] (node_control_msgs) StdoutLine: {'line': b'-- Installing: /data/rl_deploy/install/node_control_msgs/share/node_control_msgs/package.dsv\n'}
[1.207741] (node_control_msgs) StdoutLine: {'line': b'-- Up-to-date: /data/rl_deploy/install/node_control_msgs/share/ament_index/resource_index/packages/node_control_msgs\n'}
[1.207948] (node_control_msgs) StdoutLine: {'line': b'-- Up-to-date: /data/rl_deploy/install/node_control_msgs/share/node_control_msgs/cmake/export_node_control_msgs__rosidl_generator_cExport.cmake\n'}
[1.208190] (node_control_msgs) StdoutLine: {'line': b'-- Up-to-date: /data/rl_deploy/install/node_control_msgs/share/node_control_msgs/cmake/export_node_control_msgs__rosidl_generator_cExport-noconfig.cmake\n'}
[1.208411] (node_control_msgs) StdoutLine: {'line': b'-- Up-to-date: /data/rl_deploy/install/node_control_msgs/share/node_control_msgs/cmake/export_node_control_msgs__rosidl_typesupport_fastrtps_cExport.cmake\n'}
[1.209774] (node_control_msgs) StdoutLine: {'line': b'-- Up-to-date: /data/rl_deploy/install/node_control_msgs/share/node_control_msgs/cmake/export_node_control_msgs__rosidl_typesupport_fastrtps_cExport-noconfig.cmake\n'}
[1.210035] (node_control_msgs) StdoutLine: {'line': b'-- Up-to-date: /data/rl_deploy/install/node_control_msgs/share/node_control_msgs/cmake/node_control_msgs__rosidl_typesupport_introspection_cExport.cmake\n'}
[1.210261] (node_control_msgs) StdoutLine: {'line': b'-- Up-to-date: /data/rl_deploy/install/node_control_msgs/share/node_control_msgs/cmake/node_control_msgs__rosidl_typesupport_introspection_cExport-noconfig.cmake\n'}
[1.210949] (node_control_msgs) StdoutLine: {'line': b'-- Up-to-date: /data/rl_deploy/install/node_control_msgs/share/node_control_msgs/cmake/node_control_msgs__rosidl_typesupport_cExport.cmake\n'}
[1.211128] (node_control_msgs) StdoutLine: {'line': b'-- Up-to-date: /data/rl_deploy/install/node_control_msgs/share/node_control_msgs/cmake/node_control_msgs__rosidl_typesupport_cExport-noconfig.cmake\n'}
[1.211325] (node_control_msgs) StdoutLine: {'line': b'-- Up-to-date: /data/rl_deploy/install/node_control_msgs/share/node_control_msgs/cmake/export_node_control_msgs__rosidl_generator_cppExport.cmake\n'}
[1.211511] (node_control_msgs) StdoutLine: {'line': b'-- Up-to-date: /data/rl_deploy/install/node_control_msgs/share/node_control_msgs/cmake/export_node_control_msgs__rosidl_typesupport_fastrtps_cppExport.cmake\n'}
[1.211974] (node_control_msgs) StdoutLine: {'line': b'-- Up-to-date: /data/rl_deploy/install/node_control_msgs/share/node_control_msgs/cmake/export_node_control_msgs__rosidl_typesupport_fastrtps_cppExport-noconfig.cmake\n'}
[1.212197] (node_control_msgs) StdoutLine: {'line': b'-- Up-to-date: /data/rl_deploy/install/node_control_msgs/share/node_control_msgs/cmake/node_control_msgs__rosidl_typesupport_introspection_cppExport.cmake\n'}
[1.212431] (node_control_msgs) StdoutLine: {'line': b'-- Up-to-date: /data/rl_deploy/install/node_control_msgs/share/node_control_msgs/cmake/node_control_msgs__rosidl_typesupport_introspection_cppExport-noconfig.cmake\n'}
[1.212901] (node_control_msgs) StdoutLine: {'line': b'-- Up-to-date: /data/rl_deploy/install/node_control_msgs/share/node_control_msgs/cmake/node_control_msgs__rosidl_typesupport_cppExport.cmake\n'}
[1.213106] (node_control_msgs) StdoutLine: {'line': b'-- Up-to-date: /data/rl_deploy/install/node_control_msgs/share/node_control_msgs/cmake/node_control_msgs__rosidl_typesupport_cppExport-noconfig.cmake\n'}
[1.213298] (node_control_msgs) StdoutLine: {'line': b'-- Up-to-date: /data/rl_deploy/install/node_control_msgs/share/node_control_msgs/cmake/export_node_control_msgs__rosidl_generator_pyExport.cmake\n'}
[1.213468] (node_control_msgs) StdoutLine: {'line': b'-- Up-to-date: /data/rl_deploy/install/node_control_msgs/share/node_control_msgs/cmake/export_node_control_msgs__rosidl_generator_pyExport-noconfig.cmake\n'}
[1.213643] (node_control_msgs) StdoutLine: {'line': b'-- Up-to-date: /data/rl_deploy/install/node_control_msgs/share/node_control_msgs/cmake/rosidl_cmake-extras.cmake\n'}
[1.213867] (node_control_msgs) StdoutLine: {'line': b'-- Up-to-date: /data/rl_deploy/install/node_control_msgs/share/node_control_msgs/cmake/ament_cmake_export_dependencies-extras.cmake\n'}
[1.214127] (node_control_msgs) StdoutLine: {'line': b'-- Up-to-date: /data/rl_deploy/install/node_control_msgs/share/node_control_msgs/cmake/ament_cmake_export_include_directories-extras.cmake\n'}
[1.214381] (node_control_msgs) StdoutLine: {'line': b'-- Up-to-date: /data/rl_deploy/install/node_control_msgs/share/node_control_msgs/cmake/ament_cmake_export_libraries-extras.cmake\n'}
[1.214633] (node_control_msgs) StdoutLine: {'line': b'-- Up-to-date: /data/rl_deploy/install/node_control_msgs/share/node_control_msgs/cmake/ament_cmake_export_targets-extras.cmake\n'}
[1.214818] (node_control_msgs) StdoutLine: {'line': b'-- Up-to-date: /data/rl_deploy/install/node_control_msgs/share/node_control_msgs/cmake/rosidl_cmake_export_typesupport_targets-extras.cmake\n'}
[1.215036] (node_control_msgs) StdoutLine: {'line': b'-- Up-to-date: /data/rl_deploy/install/node_control_msgs/share/node_control_msgs/cmake/rosidl_cmake_export_typesupport_libraries-extras.cmake\n'}
[1.215185] (node_control_msgs) StdoutLine: {'line': b'-- Up-to-date: /data/rl_deploy/install/node_control_msgs/share/node_control_msgs/cmake/node_control_msgsConfig.cmake\n'}
[1.215355] (node_control_msgs) StdoutLine: {'line': b'-- Up-to-date: /data/rl_deploy/install/node_control_msgs/share/node_control_msgs/cmake/node_control_msgsConfig-version.cmake\n'}
[1.215530] (node_control_msgs) StdoutLine: {'line': b'-- Up-to-date: /data/rl_deploy/install/node_control_msgs/share/node_control_msgs/package.xml\n'}
[1.215649] (node_driver_msgs) JobEnded: {'identifier': 'node_driver_msgs', 'rc': 0}
[1.216981] (node_control_msgs) CommandEnded: {'returncode': 0}
[1.248963] (node_control_msgs) JobEnded: {'identifier': 'node_control_msgs', 'rc': 0}
[1.251409] (robot_msgs) JobStarted: {'identifier': 'robot_msgs'}
[1.254335] (node_app_msgs) JobStarted: {'identifier': 'node_app_msgs'}
[1.262142] (robot_msgs) JobProgress: {'identifier': 'robot_msgs', 'progress': 'cmake'}
[1.263427] (robot_msgs) JobProgress: {'identifier': 'robot_msgs', 'progress': 'build'}
[1.264075] (robot_msgs) Command: {'cmd': ['/usr/local/bin/cmake', '--build', '/data/rl_deploy/build/robot_msgs', '--', '-j8', '-l8'], 'cwd': '/data/rl_deploy/build/robot_msgs', 'env': OrderedDict([('LESSOPEN', '| /usr/bin/lesspipe %s'), ('USER', 'root'), ('SSH_CLIENT', '192.168.8.113 50272 22'), ('LC_TIME', 'zh_CN.UTF-8'), ('XDG_SESSION_TYPE', 'tty'), ('GIT_ASKPASS', '/root/.vscode-server/cli/servers/Stable-61b3d0ab13be7dda2389f1d3e60a119c7f660cc3/server/extensions/git/dist/askpass.sh'), ('SHLVL', '2'), ('LD_LIBRARY_PATH', '/data/rl_deploy/install/node_control_msgs/lib:/opt/ros/humble/lib/aarch64-linux-gnu:/opt/ros/humble/lib:/app/lib:/app/lib:/usr/local/cuda-12/lib64:/usr/local/cuda-12/lib64:/usr/local/cuda-12/lib64'), ('BROWSER', '/root/.vscode-server/cli/servers/Stable-61b3d0ab13be7dda2389f1d3e60a119c7f660cc3/server/bin/helpers/browser.sh'), ('LYOS_LOCALHOST_ONLY', '1'), ('MOTD_SHOWN', 'pam'), ('HOME', '/root'), ('OLDPWD', '/root/.vscode-server'), ('TERM_PROGRAM_VERSION', '1.110.1'), ('VSCODE_IPC_HOOK_CLI', '/run/user/0/vscode-ipc-2d12e5c4-ef4a-4996-a4ea-3ebfab8c4620.sock'), ('JETSON_L4T', '36.4.4'), ('ROS_PYTHON_VERSION', '3'), ('JETSON_MODEL', 'NVIDIA Jetson Orin NX Engineering Reference Developer Kit Super'), ('VSCODE_GIT_ASKPASS_MAIN', '/root/.vscode-server/cli/servers/Stable-61b3d0ab13be7dda2389f1d3e60a119c7f660cc3/server/extensions/git/dist/askpass-main.js'), ('LC_MONETARY', 'zh_CN.UTF-8'), ('VSCODE_GIT_ASKPASS_NODE', '/root/.vscode-server/cli/servers/Stable-61b3d0ab13be7dda2389f1d3e60a119c7f660cc3/server/node'), ('VSCODE_PYTHON_AUTOACTIVATE_GUARD', '1'), ('DBUS_SESSION_BUS_ADDRESS', 'unix:path=/run/user/0/bus'), ('COLORTERM', 'truecolor'), ('LYOS_DOMAIN_ID', '18:45:b3:02:00:08'), ('DEBUGINFOD_URLS', ''), ('ROS_DISTRO', 'humble'), ('LOGNAME', 'root'), ('JETSON_MODULE', 'NVIDIA Jetson Orin NX (16GB ram)'), ('JETSON_SERIAL_NUMBER', 'DummySN'), ('_', '/usr/bin/colcon'), ('ROS_VERSION', '2'), ('XDG_SESSION_CLASS', 'user'), ('TERM', 'xterm-256color'), ('XDG_SESSION_ID', '5'), ('ROS_LOCALHOST_ONLY', '1'), ('PATH', '/root/.vscode-server/cli/servers/Stable-61b3d0ab13be7dda2389f1d3e60a119c7f660cc3/server/bin/remote-cli:/opt/ros/humble/bin:/usr/local/sbin:/usr/local/bin:/usr/sbin:/usr/bin:/sbin:/bin:/usr/games:/usr/local/games:/snap/bin:/app/bin:/app/bin:/usr/local/cuda-12/bin:/usr/local/cuda-12/bin:/usr/local/cuda-12/bin'), ('LC_ADDRESS', 'zh_CN.UTF-8'), ('XDG_RUNTIME_DIR', '/run/user/0'), ('LANG', 'en_US.UTF-8'), ('LC_TELEPHONE', 'zh_CN.UTF-8'), ('LS_COLORS', 'rs=0:di=01;34:ln=01;36:mh=00:pi=40;33:so=01;35:do=01;35:bd=40;33;01:cd=40;33;01:or=40;31;01:mi=00:su=37;41:sg=30;43:ca=30;41:tw=30;42:ow=34;42:st=37;44:ex=01;32:*.tar=01;31:*.tgz=01;31:*.arc=01;31:*.arj=01;31:*.taz=01;31:*.lha=01;31:*.lz4=01;31:*.lzh=01;31:*.lzma=01;31:*.tlz=01;31:*.txz=01;31:*.tzo=01;31:*.t7z=01;31:*.zip=01;31:*.z=01;31:*.dz=01;31:*.gz=01;31:*.lrz=01;31:*.lz=01;31:*.lzo=01;31:*.xz=01;31:*.zst=01;31:*.tzst=01;31:*.bz2=01;31:*.bz=01;31:*.tbz=01;31:*.tbz2=01;31:*.tz=01;31:*.deb=01;31:*.rpm=01;31:*.jar=01;31:*.war=01;31:*.ear=01;31:*.sar=01;31:*.rar=01;31:*.alz=01;31:*.ace=01;31:*.zoo=01;31:*.cpio=01;31:*.7z=01;31:*.rz=01;31:*.cab=01;31:*.wim=01;31:*.swm=01;31:*.dwm=01;31:*.esd=01;31:*.jpg=01;35:*.jpeg=01;35:*.mjpg=01;35:*.mjpeg=01;35:*.gif=01;35:*.bmp=01;35:*.pbm=01;35:*.pgm=01;35:*.ppm=01;35:*.tga=01;35:*.xbm=01;35:*.xpm=01;35:*.tif=01;35:*.tiff=01;35:*.png=01;35:*.svg=01;35:*.svgz=01;35:*.mng=01;35:*.pcx=01;35:*.mov=01;35:*.mpg=01;35:*.mpeg=01;35:*.m2v=01;35:*.mkv=01;35:*.webm=01;35:*.webp=01;35:*.ogm=01;35:*.mp4=01;35:*.m4v=01;35:*.mp4v=01;35:*.vob=01;35:*.qt=01;35:*.nuv=01;35:*.wmv=01;35:*.asf=01;35:*.rm=01;35:*.rmvb=01;35:*.flc=01;35:*.avi=01;35:*.fli=01;35:*.flv=01;35:*.gl=01;35:*.dl=01;35:*.xcf=01;35:*.xwd=01;35:*.yuv=01;35:*.cgm=01;35:*.emf=01;35:*.ogv=01;35:*.ogx=01;35:*.aac=00;36:*.au=00;36:*.flac=00;36:*.m4a=00;36:*.mid=00;36:*.midi=00;36:*.mka=00;36:*.mp3=00;36:*.mpc=00;36:*.ogg=00;36:*.ra=00;36:*.wav=00;36:*.oga=00;36:*.opus=00;36:*.spx=00;36:*.xspf=00;36:'), ('JETSON_SOC', 'tegra234'), ('VSCODE_GIT_IPC_HANDLE', '/run/user/0/vscode-git-994ffc2805.sock'), ('TERM_PROGRAM', 'vscode'), ('ROSDISTRO_INDEX_URL', 'https://mirrors.tuna.tsinghua.edu.cn/rosdistro/index_v4.yaml'), ('ROS_DOMAIN_ID', '193'), ('AMENT_PREFIX_PATH', '/data/rl_deploy/install/node_control_msgs:/opt/ros/humble'), ('SHELL', '/bin/bash'), ('LC_NAME', 'zh_CN.UTF-8'), ('LESSCLOSE', '/usr/bin/lesspipe %s %s'), ('LC_MEASUREMENT', 'zh_CN.UTF-8'), ('LC_IDENTIFICATION', 'zh_CN.UTF-8'), ('VSCODE_GIT_ASKPASS_EXTRA_ARGS', ''), ('JETSON_CUDA_ARCH_BIN', '8.7'), ('PWD', '/data/rl_deploy/build/robot_msgs'), ('LC_ALL', 'en_US.UTF-8'), ('SSH_CONNECTION', '192.168.8.113 50272 192.168.8.111 22'), ('XDG_DATA_DIRS', '/usr/share/gnome:/usr/local/share:/usr/share:/var/lib/snapd/desktop'), ('PYTHONPATH', '/data/rl_deploy/install/node_control_msgs/local/lib/python3.10/dist-packages:/opt/ros/humble/lib/python3.10/site-packages:/opt/ros/humble/local/lib/python3.10/dist-packages'), ('LC_NUMERIC', 'zh_CN.UTF-8'), ('LC_PAPER', 'zh_CN.UTF-8'), ('COLCON', '1'), ('JETSON_JETPACK', '6.2.1'), ('JETSON_P_NUMBER', 'p3767-0000'), ('CMAKE_PREFIX_PATH', '/data/rl_deploy/install/node_control_msgs:/opt/ros/humble')]), 'shell': False}
[1.269586] (node_app_msgs) JobProgress: {'identifier': 'node_app_msgs', 'progress': 'cmake'}
[1.271165] (node_app_msgs) JobProgress: {'identifier': 'node_app_msgs', 'progress': 'build'}
[1.271730] (node_app_msgs) Command: {'cmd': ['/usr/local/bin/cmake', '--build', '/data/rl_deploy/build/node_app_msgs', '--', '-j8', '-l8'], 'cwd': '/data/rl_deploy/build/node_app_msgs', 'env': OrderedDict([('LESSOPEN', '| /usr/bin/lesspipe %s'), ('USER', 'root'), ('SSH_CLIENT', '192.168.8.113 50272 22'), ('LC_TIME', 'zh_CN.UTF-8'), ('XDG_SESSION_TYPE', 'tty'), ('GIT_ASKPASS', '/root/.vscode-server/cli/servers/Stable-61b3d0ab13be7dda2389f1d3e60a119c7f660cc3/server/extensions/git/dist/askpass.sh'), ('SHLVL', '2'), ('LD_LIBRARY_PATH', '/data/rl_deploy/install/node_control_msgs/lib:/opt/ros/humble/lib/aarch64-linux-gnu:/opt/ros/humble/lib:/app/lib:/app/lib:/usr/local/cuda-12/lib64:/usr/local/cuda-12/lib64:/usr/local/cuda-12/lib64'), ('BROWSER', '/root/.vscode-server/cli/servers/Stable-61b3d0ab13be7dda2389f1d3e60a119c7f660cc3/server/bin/helpers/browser.sh'), ('LYOS_LOCALHOST_ONLY', '1'), ('MOTD_SHOWN', 'pam'), ('HOME', '/root'), ('OLDPWD', '/root/.vscode-server'), ('TERM_PROGRAM_VERSION', '1.110.1'), ('VSCODE_IPC_HOOK_CLI', '/run/user/0/vscode-ipc-2d12e5c4-ef4a-4996-a4ea-3ebfab8c4620.sock'), ('JETSON_L4T', '36.4.4'), ('ROS_PYTHON_VERSION', '3'), ('JETSON_MODEL', 'NVIDIA Jetson Orin NX Engineering Reference Developer Kit Super'), ('VSCODE_GIT_ASKPASS_MAIN', '/root/.vscode-server/cli/servers/Stable-61b3d0ab13be7dda2389f1d3e60a119c7f660cc3/server/extensions/git/dist/askpass-main.js'), ('LC_MONETARY', 'zh_CN.UTF-8'), ('VSCODE_GIT_ASKPASS_NODE', '/root/.vscode-server/cli/servers/Stable-61b3d0ab13be7dda2389f1d3e60a119c7f660cc3/server/node'), ('VSCODE_PYTHON_AUTOACTIVATE_GUARD', '1'), ('DBUS_SESSION_BUS_ADDRESS', 'unix:path=/run/user/0/bus'), ('COLORTERM', 'truecolor'), ('LYOS_DOMAIN_ID', '18:45:b3:02:00:08'), ('DEBUGINFOD_URLS', ''), ('ROS_DISTRO', 'humble'), ('LOGNAME', 'root'), ('JETSON_MODULE', 'NVIDIA Jetson Orin NX (16GB ram)'), ('JETSON_SERIAL_NUMBER', 'DummySN'), ('_', '/usr/bin/colcon'), ('ROS_VERSION', '2'), ('XDG_SESSION_CLASS', 'user'), ('TERM', 'xterm-256color'), ('XDG_SESSION_ID', '5'), ('ROS_LOCALHOST_ONLY', '1'), ('PATH', '/root/.vscode-server/cli/servers/Stable-61b3d0ab13be7dda2389f1d3e60a119c7f660cc3/server/bin/remote-cli:/opt/ros/humble/bin:/usr/local/sbin:/usr/local/bin:/usr/sbin:/usr/bin:/sbin:/bin:/usr/games:/usr/local/games:/snap/bin:/app/bin:/app/bin:/usr/local/cuda-12/bin:/usr/local/cuda-12/bin:/usr/local/cuda-12/bin'), ('LC_ADDRESS', 'zh_CN.UTF-8'), ('XDG_RUNTIME_DIR', '/run/user/0'), ('LANG', 'en_US.UTF-8'), ('LC_TELEPHONE', 'zh_CN.UTF-8'), ('LS_COLORS', 'rs=0:di=01;34:ln=01;36:mh=00:pi=40;33:so=01;35:do=01;35:bd=40;33;01:cd=40;33;01:or=40;31;01:mi=00:su=37;41:sg=30;43:ca=30;41:tw=30;42:ow=34;42:st=37;44:ex=01;32:*.tar=01;31:*.tgz=01;31:*.arc=01;31:*.arj=01;31:*.taz=01;31:*.lha=01;31:*.lz4=01;31:*.lzh=01;31:*.lzma=01;31:*.tlz=01;31:*.txz=01;31:*.tzo=01;31:*.t7z=01;31:*.zip=01;31:*.z=01;31:*.dz=01;31:*.gz=01;31:*.lrz=01;31:*.lz=01;31:*.lzo=01;31:*.xz=01;31:*.zst=01;31:*.tzst=01;31:*.bz2=01;31:*.bz=01;31:*.tbz=01;31:*.tbz2=01;31:*.tz=01;31:*.deb=01;31:*.rpm=01;31:*.jar=01;31:*.war=01;31:*.ear=01;31:*.sar=01;31:*.rar=01;31:*.alz=01;31:*.ace=01;31:*.zoo=01;31:*.cpio=01;31:*.7z=01;31:*.rz=01;31:*.cab=01;31:*.wim=01;31:*.swm=01;31:*.dwm=01;31:*.esd=01;31:*.jpg=01;35:*.jpeg=01;35:*.mjpg=01;35:*.mjpeg=01;35:*.gif=01;35:*.bmp=01;35:*.pbm=01;35:*.pgm=01;35:*.ppm=01;35:*.tga=01;35:*.xbm=01;35:*.xpm=01;35:*.tif=01;35:*.tiff=01;35:*.png=01;35:*.svg=01;35:*.svgz=01;35:*.mng=01;35:*.pcx=01;35:*.mov=01;35:*.mpg=01;35:*.mpeg=01;35:*.m2v=01;35:*.mkv=01;35:*.webm=01;35:*.webp=01;35:*.ogm=01;35:*.mp4=01;35:*.m4v=01;35:*.mp4v=01;35:*.vob=01;35:*.qt=01;35:*.nuv=01;35:*.wmv=01;35:*.asf=01;35:*.rm=01;35:*.rmvb=01;35:*.flc=01;35:*.avi=01;35:*.fli=01;35:*.flv=01;35:*.gl=01;35:*.dl=01;35:*.xcf=01;35:*.xwd=01;35:*.yuv=01;35:*.cgm=01;35:*.emf=01;35:*.ogv=01;35:*.ogx=01;35:*.aac=00;36:*.au=00;36:*.flac=00;36:*.m4a=00;36:*.mid=00;36:*.midi=00;36:*.mka=00;36:*.mp3=00;36:*.mpc=00;36:*.ogg=00;36:*.ra=00;36:*.wav=00;36:*.oga=00;36:*.opus=00;36:*.spx=00;36:*.xspf=00;36:'), ('JETSON_SOC', 'tegra234'), ('VSCODE_GIT_IPC_HANDLE', '/run/user/0/vscode-git-994ffc2805.sock'), ('TERM_PROGRAM', 'vscode'), ('ROSDISTRO_INDEX_URL', 'https://mirrors.tuna.tsinghua.edu.cn/rosdistro/index_v4.yaml'), ('ROS_DOMAIN_ID', '193'), ('AMENT_PREFIX_PATH', '/data/rl_deploy/install/node_control_msgs:/opt/ros/humble'), ('SHELL', '/bin/bash'), ('LC_NAME', 'zh_CN.UTF-8'), ('LESSCLOSE', '/usr/bin/lesspipe %s %s'), ('LC_MEASUREMENT', 'zh_CN.UTF-8'), ('LC_IDENTIFICATION', 'zh_CN.UTF-8'), ('VSCODE_GIT_ASKPASS_EXTRA_ARGS', ''), ('JETSON_CUDA_ARCH_BIN', '8.7'), ('PWD', '/data/rl_deploy/build/node_app_msgs'), ('LC_ALL', 'en_US.UTF-8'), ('SSH_CONNECTION', '192.168.8.113 50272 192.168.8.111 22'), ('XDG_DATA_DIRS', '/usr/share/gnome:/usr/local/share:/usr/share:/var/lib/snapd/desktop'), ('PYTHONPATH', '/data/rl_deploy/install/node_control_msgs/local/lib/python3.10/dist-packages:/opt/ros/humble/lib/python3.10/site-packages:/opt/ros/humble/local/lib/python3.10/dist-packages'), ('LC_NUMERIC', 'zh_CN.UTF-8'), ('LC_PAPER', 'zh_CN.UTF-8'), ('COLCON', '1'), ('JETSON_JETPACK', '6.2.1'), ('JETSON_P_NUMBER', 'p3767-0000'), ('CMAKE_PREFIX_PATH', '/data/rl_deploy/install/node_control_msgs:/opt/ros/humble')]), 'shell': False}
[1.302618] (-) TimerEvent: {}
[1.403235] (-) TimerEvent: {}
[1.457138] (node_app_msgs) StdoutLine: {'line': b'[  1%] Built target node_app_msgs__rs\n'}
[1.458918] (node_app_msgs) StdoutLine: {'line': b'[  2%] Built target node_app_msgs__cpp\n'}
[1.464072] (node_app_msgs) StdoutLine: {'line': b'[ 13%] Built target node_app_msgs__rosidl_generator_c\n'}
[1.476385] (robot_msgs) StdoutLine: {'line': b'[  9%] Built target robot_msgs__rosidl_generator_c\n'}
[1.480529] (robot_msgs) StdoutLine: {'line': b'[ 12%] Built target robot_msgs__cpp\n'}
[1.482001] (robot_msgs) StdoutLine: {'line': b'[ 15%] Built target robot_msgs__rs\n'}
[1.489320] (node_app_msgs) StdoutLine: {'line': b'[ 13%] Built target ament_cmake_python_copy_node_app_msgs\n'}
[1.503405] (-) TimerEvent: {}
[1.514632] (node_app_msgs) StdoutLine: {'line': b'[ 25%] Built target node_app_msgs__rosidl_typesupport_fastrtps_cpp\n'}
[1.516716] (robot_msgs) StdoutLine: {'line': b'[ 15%] Built target ament_cmake_python_copy_robot_msgs\n'}
[1.520765] (node_app_msgs) StdoutLine: {'line': b'[ 36%] Built target node_app_msgs__rosidl_typesupport_introspection_cpp\n'}
[1.528012] (node_app_msgs) StdoutLine: {'line': b'[ 56%] Built target node_app_msgs__rosidl_typesupport_introspection_c\n'}
[1.529502] (node_app_msgs) StdoutLine: {'line': b'[ 58%] Built target node_app_msgs__rosidl_typesupport_cpp\n'}
[1.531670] (robot_msgs) StdoutLine: {'line': b'[ 25%] Built target robot_msgs__rosidl_typesupport_introspection_c\n'}
[1.536244] (robot_msgs) StdoutLine: {'line': b'[ 34%] Built target robot_msgs__rosidl_typesupport_cpp\n'}
[1.536598] (node_app_msgs) StdoutLine: {'line': b'[ 69%] Built target node_app_msgs__rosidl_typesupport_c\n'}
[1.536924] (robot_msgs) StdoutLine: {'line': b'[ 43%] Built target robot_msgs__rosidl_typesupport_fastrtps_c\n'}
[1.537751] (robot_msgs) StdoutLine: {'line': b'[ 53%] Built target robot_msgs__rosidl_typesupport_introspection_cpp\n'}
[1.543613] (robot_msgs) StdoutLine: {'line': b'[ 65%] Built target robot_msgs__rosidl_typesupport_c\n'}
[1.544005] (robot_msgs) StdoutLine: {'line': b'[ 71%] Built target robot_msgs__rosidl_typesupport_fastrtps_cpp\n'}
[1.548097] (node_app_msgs) StdoutLine: {'line': b'[ 80%] Built target node_app_msgs__rosidl_typesupport_fastrtps_c\n'}
[1.566689] (robot_msgs) StdoutLine: {'line': b'[ 71%] Built target robot_msgs\n'}
[1.571655] (node_app_msgs) StdoutLine: {'line': b'[ 80%] Built target node_app_msgs\n'}
[1.588430] (robot_msgs) StdoutLine: {'line': b'[ 75%] Built target robot_msgs__py\n'}
[1.596303] (node_app_msgs) StdoutLine: {'line': b'[ 81%] Built target node_app_msgs__py\n'}
[1.603590] (-) TimerEvent: {}
[1.615604] (robot_msgs) StdoutLine: {'line': b'[ 81%] Built target robot_msgs__rosidl_generator_py\n'}
[1.626620] (node_app_msgs) StdoutLine: {'line': b'[ 91%] Built target node_app_msgs__rosidl_generator_py\n'}
[1.648163] (robot_msgs) StdoutLine: {'line': b'[ 87%] Built target robot_msgs__rosidl_typesupport_c__pyext\n'}
[1.649423] (robot_msgs) StdoutLine: {'line': b'[ 93%] Built target robot_msgs__rosidl_typesupport_fastrtps_c__pyext\n'}
[1.652908] (robot_msgs) StdoutLine: {'line': b'[100%] Built target robot_msgs__rosidl_typesupport_introspection_c__pyext\n'}
[1.659123] (node_app_msgs) StdoutLine: {'line': b'[ 97%] Built target node_app_msgs__rosidl_typesupport_fastrtps_c__pyext\n'}
[1.659685] (node_app_msgs) StdoutLine: {'line': b'[ 97%] Built target node_app_msgs__rosidl_typesupport_introspection_c__pyext\n'}
[1.669279] (node_app_msgs) StdoutLine: {'line': b'[100%] Built target node_app_msgs__rosidl_typesupport_c__pyext\n'}
[1.703732] (-) TimerEvent: {}
[1.804225] (-) TimerEvent: {}
[1.904718] (-) TimerEvent: {}
[1.938955] (node_app_msgs) StdoutLine: {'line': b'running egg_info\n'}
[1.940805] (node_app_msgs) StdoutLine: {'line': b'writing node_app_msgs.egg-info/PKG-INFO\n'}
[1.941285] (node_app_msgs) StdoutLine: {'line': b'writing dependency_links to node_app_msgs.egg-info/dependency_links.txt\n'}
[1.941675] (node_app_msgs) StdoutLine: {'line': b'writing top-level names to node_app_msgs.egg-info/top_level.txt\n'}
[1.946004] (node_app_msgs) StdoutLine: {'line': b"reading manifest file 'node_app_msgs.egg-info/SOURCES.txt'\n"}
[1.947242] (node_app_msgs) StdoutLine: {'line': b"writing manifest file 'node_app_msgs.egg-info/SOURCES.txt'\n"}
[2.002774] (node_app_msgs) StdoutLine: {'line': b'[100%] Built target ament_cmake_python_build_node_app_msgs_egg\n'}
[2.004816] (-) TimerEvent: {}
[2.015622] (node_app_msgs) CommandEnded: {'returncode': 0}
[2.020455] (node_app_msgs) JobProgress: {'identifier': 'node_app_msgs', 'progress': 'install'}
[2.020901] (node_app_msgs) Command: {'cmd': ['/usr/local/bin/cmake', '--install', '/data/rl_deploy/build/node_app_msgs'], 'cwd': '/data/rl_deploy/build/node_app_msgs', 'env': OrderedDict([('LESSOPEN', '| /usr/bin/lesspipe %s'), ('USER', 'root'), ('SSH_CLIENT', '192.168.8.113 50272 22'), ('LC_TIME', 'zh_CN.UTF-8'), ('XDG_SESSION_TYPE', 'tty'), ('GIT_ASKPASS', '/root/.vscode-server/cli/servers/Stable-61b3d0ab13be7dda2389f1d3e60a119c7f660cc3/server/extensions/git/dist/askpass.sh'), ('SHLVL', '2'), ('LD_LIBRARY_PATH', '/data/rl_deploy/install/node_control_msgs/lib:/opt/ros/humble/lib/aarch64-linux-gnu:/opt/ros/humble/lib:/app/lib:/app/lib:/usr/local/cuda-12/lib64:/usr/local/cuda-12/lib64:/usr/local/cuda-12/lib64'), ('BROWSER', '/root/.vscode-server/cli/servers/Stable-61b3d0ab13be7dda2389f1d3e60a119c7f660cc3/server/bin/helpers/browser.sh'), ('LYOS_LOCALHOST_ONLY', '1'), ('MOTD_SHOWN', 'pam'), ('HOME', '/root'), ('OLDPWD', '/root/.vscode-server'), ('TERM_PROGRAM_VERSION', '1.110.1'), ('VSCODE_IPC_HOOK_CLI', '/run/user/0/vscode-ipc-2d12e5c4-ef4a-4996-a4ea-3ebfab8c4620.sock'), ('JETSON_L4T', '36.4.4'), ('ROS_PYTHON_VERSION', '3'), ('JETSON_MODEL', 'NVIDIA Jetson Orin NX Engineering Reference Developer Kit Super'), ('VSCODE_GIT_ASKPASS_MAIN', '/root/.vscode-server/cli/servers/Stable-61b3d0ab13be7dda2389f1d3e60a119c7f660cc3/server/extensions/git/dist/askpass-main.js'), ('LC_MONETARY', 'zh_CN.UTF-8'), ('VSCODE_GIT_ASKPASS_NODE', '/root/.vscode-server/cli/servers/Stable-61b3d0ab13be7dda2389f1d3e60a119c7f660cc3/server/node'), ('VSCODE_PYTHON_AUTOACTIVATE_GUARD', '1'), ('DBUS_SESSION_BUS_ADDRESS', 'unix:path=/run/user/0/bus'), ('COLORTERM', 'truecolor'), ('LYOS_DOMAIN_ID', '18:45:b3:02:00:08'), ('DEBUGINFOD_URLS', ''), ('ROS_DISTRO', 'humble'), ('LOGNAME', 'root'), ('JETSON_MODULE', 'NVIDIA Jetson Orin NX (16GB ram)'), ('JETSON_SERIAL_NUMBER', 'DummySN'), ('_', '/usr/bin/colcon'), ('ROS_VERSION', '2'), ('XDG_SESSION_CLASS', 'user'), ('TERM', 'xterm-256color'), ('XDG_SESSION_ID', '5'), ('ROS_LOCALHOST_ONLY', '1'), ('PATH', '/root/.vscode-server/cli/servers/Stable-61b3d0ab13be7dda2389f1d3e60a119c7f660cc3/server/bin/remote-cli:/opt/ros/humble/bin:/usr/local/sbin:/usr/local/bin:/usr/sbin:/usr/bin:/sbin:/bin:/usr/games:/usr/local/games:/snap/bin:/app/bin:/app/bin:/usr/local/cuda-12/bin:/usr/local/cuda-12/bin:/usr/local/cuda-12/bin'), ('LC_ADDRESS', 'zh_CN.UTF-8'), ('XDG_RUNTIME_DIR', '/run/user/0'), ('LANG', 'en_US.UTF-8'), ('LC_TELEPHONE', 'zh_CN.UTF-8'), ('LS_COLORS', 'rs=0:di=01;34:ln=01;36:mh=00:pi=40;33:so=01;35:do=01;35:bd=40;33;01:cd=40;33;01:or=40;31;01:mi=00:su=37;41:sg=30;43:ca=30;41:tw=30;42:ow=34;42:st=37;44:ex=01;32:*.tar=01;31:*.tgz=01;31:*.arc=01;31:*.arj=01;31:*.taz=01;31:*.lha=01;31:*.lz4=01;31:*.lzh=01;31:*.lzma=01;31:*.tlz=01;31:*.txz=01;31:*.tzo=01;31:*.t7z=01;31:*.zip=01;31:*.z=01;31:*.dz=01;31:*.gz=01;31:*.lrz=01;31:*.lz=01;31:*.lzo=01;31:*.xz=01;31:*.zst=01;31:*.tzst=01;31:*.bz2=01;31:*.bz=01;31:*.tbz=01;31:*.tbz2=01;31:*.tz=01;31:*.deb=01;31:*.rpm=01;31:*.jar=01;31:*.war=01;31:*.ear=01;31:*.sar=01;31:*.rar=01;31:*.alz=01;31:*.ace=01;31:*.zoo=01;31:*.cpio=01;31:*.7z=01;31:*.rz=01;31:*.cab=01;31:*.wim=01;31:*.swm=01;31:*.dwm=01;31:*.esd=01;31:*.jpg=01;35:*.jpeg=01;35:*.mjpg=01;35:*.mjpeg=01;35:*.gif=01;35:*.bmp=01;35:*.pbm=01;35:*.pgm=01;35:*.ppm=01;35:*.tga=01;35:*.xbm=01;35:*.xpm=01;35:*.tif=01;35:*.tiff=01;35:*.png=01;35:*.svg=01;35:*.svgz=01;35:*.mng=01;35:*.pcx=01;35:*.mov=01;35:*.mpg=01;35:*.mpeg=01;35:*.m2v=01;35:*.mkv=01;35:*.webm=01;35:*.webp=01;35:*.ogm=01;35:*.mp4=01;35:*.m4v=01;35:*.mp4v=01;35:*.vob=01;35:*.qt=01;35:*.nuv=01;35:*.wmv=01;35:*.asf=01;35:*.rm=01;35:*.rmvb=01;35:*.flc=01;35:*.avi=01;35:*.fli=01;35:*.flv=01;35:*.gl=01;35:*.dl=01;35:*.xcf=01;35:*.xwd=01;35:*.yuv=01;35:*.cgm=01;35:*.emf=01;35:*.ogv=01;35:*.ogx=01;35:*.aac=00;36:*.au=00;36:*.flac=00;36:*.m4a=00;36:*.mid=00;36:*.midi=00;36:*.mka=00;36:*.mp3=00;36:*.mpc=00;36:*.ogg=00;36:*.ra=00;36:*.wav=00;36:*.oga=00;36:*.opus=00;36:*.spx=00;36:*.xspf=00;36:'), ('JETSON_SOC', 'tegra234'), ('VSCODE_GIT_IPC_HANDLE', '/run/user/0/vscode-git-994ffc2805.sock'), ('TERM_PROGRAM', 'vscode'), ('ROSDISTRO_INDEX_URL', 'https://mirrors.tuna.tsinghua.edu.cn/rosdistro/index_v4.yaml'), ('ROS_DOMAIN_ID', '193'), ('AMENT_PREFIX_PATH', '/data/rl_deploy/install/node_control_msgs:/opt/ros/humble'), ('SHELL', '/bin/bash'), ('LC_NAME', 'zh_CN.UTF-8'), ('LESSCLOSE', '/usr/bin/lesspipe %s %s'), ('LC_MEASUREMENT', 'zh_CN.UTF-8'), ('LC_IDENTIFICATION', 'zh_CN.UTF-8'), ('VSCODE_GIT_ASKPASS_EXTRA_ARGS', ''), ('JETSON_CUDA_ARCH_BIN', '8.7'), ('PWD', '/data/rl_deploy/build/node_app_msgs'), ('LC_ALL', 'en_US.UTF-8'), ('SSH_CONNECTION', '192.168.8.113 50272 192.168.8.111 22'), ('XDG_DATA_DIRS', '/usr/share/gnome:/usr/local/share:/usr/share:/var/lib/snapd/desktop'), ('PYTHONPATH', '/data/rl_deploy/install/node_control_msgs/local/lib/python3.10/dist-packages:/opt/ros/humble/lib/python3.10/site-packages:/opt/ros/humble/local/lib/python3.10/dist-packages'), ('LC_NUMERIC', 'zh_CN.UTF-8'), ('LC_PAPER', 'zh_CN.UTF-8'), ('COLCON', '1'), ('JETSON_JETPACK', '6.2.1'), ('JETSON_P_NUMBER', 'p3767-0000'), ('CMAKE_PREFIX_PATH', '/data/rl_deploy/install/node_control_msgs:/opt/ros/humble')]), 'shell': False}
[2.021967] (robot_msgs) StdoutLine: {'line': b'running egg_info\n'}
[2.022165] (robot_msgs) StdoutLine: {'line': b'writing robot_msgs.egg-info/PKG-INFO\n'}
[2.022390] (robot_msgs) StdoutLine: {'line': b'writing dependency_links to robot_msgs.egg-info/dependency_links.txt\n'}
[2.022537] (robot_msgs) StdoutLine: {'line': b'writing top-level names to robot_msgs.egg-info/top_level.txt\n'}
[2.027496] (robot_msgs) StdoutLine: {'line': b"reading manifest file 'robot_msgs.egg-info/SOURCES.txt'\n"}
[2.028881] (robot_msgs) StdoutLine: {'line': b"writing manifest file 'robot_msgs.egg-info/SOURCES.txt'\n"}
[2.082642] (robot_msgs) StdoutLine: {'line': b'[100%] Built target ament_cmake_python_build_robot_msgs_egg\n'}
[2.093731] (robot_msgs) CommandEnded: {'returncode': 0}
[2.095623] (robot_msgs) JobProgress: {'identifier': 'robot_msgs', 'progress': 'install'}
[2.096087] (robot_msgs) Command: {'cmd': ['/usr/local/bin/cmake', '--install', '/data/rl_deploy/build/robot_msgs'], 'cwd': '/data/rl_deploy/build/robot_msgs', 'env': OrderedDict([('LESSOPEN', '| /usr/bin/lesspipe %s'), ('USER', 'root'), ('SSH_CLIENT', '192.168.8.113 50272 22'), ('LC_TIME', 'zh_CN.UTF-8'), ('XDG_SESSION_TYPE', 'tty'), ('GIT_ASKPASS', '/root/.vscode-server/cli/servers/Stable-61b3d0ab13be7dda2389f1d3e60a119c7f660cc3/server/extensions/git/dist/askpass.sh'), ('SHLVL', '2'), ('LD_LIBRARY_PATH', '/data/rl_deploy/install/node_control_msgs/lib:/opt/ros/humble/lib/aarch64-linux-gnu:/opt/ros/humble/lib:/app/lib:/app/lib:/usr/local/cuda-12/lib64:/usr/local/cuda-12/lib64:/usr/local/cuda-12/lib64'), ('BROWSER', '/root/.vscode-server/cli/servers/Stable-61b3d0ab13be7dda2389f1d3e60a119c7f660cc3/server/bin/helpers/browser.sh'), ('LYOS_LOCALHOST_ONLY', '1'), ('MOTD_SHOWN', 'pam'), ('HOME', '/root'), ('OLDPWD', '/root/.vscode-server'), ('TERM_PROGRAM_VERSION', '1.110.1'), ('VSCODE_IPC_HOOK_CLI', '/run/user/0/vscode-ipc-2d12e5c4-ef4a-4996-a4ea-3ebfab8c4620.sock'), ('JETSON_L4T', '36.4.4'), ('ROS_PYTHON_VERSION', '3'), ('JETSON_MODEL', 'NVIDIA Jetson Orin NX Engineering Reference Developer Kit Super'), ('VSCODE_GIT_ASKPASS_MAIN', '/root/.vscode-server/cli/servers/Stable-61b3d0ab13be7dda2389f1d3e60a119c7f660cc3/server/extensions/git/dist/askpass-main.js'), ('LC_MONETARY', 'zh_CN.UTF-8'), ('VSCODE_GIT_ASKPASS_NODE', '/root/.vscode-server/cli/servers/Stable-61b3d0ab13be7dda2389f1d3e60a119c7f660cc3/server/node'), ('VSCODE_PYTHON_AUTOACTIVATE_GUARD', '1'), ('DBUS_SESSION_BUS_ADDRESS', 'unix:path=/run/user/0/bus'), ('COLORTERM', 'truecolor'), ('LYOS_DOMAIN_ID', '18:45:b3:02:00:08'), ('DEBUGINFOD_URLS', ''), ('ROS_DISTRO', 'humble'), ('LOGNAME', 'root'), ('JETSON_MODULE', 'NVIDIA Jetson Orin NX (16GB ram)'), ('JETSON_SERIAL_NUMBER', 'DummySN'), ('_', '/usr/bin/colcon'), ('ROS_VERSION', '2'), ('XDG_SESSION_CLASS', 'user'), ('TERM', 'xterm-256color'), ('XDG_SESSION_ID', '5'), ('ROS_LOCALHOST_ONLY', '1'), ('PATH', '/root/.vscode-server/cli/servers/Stable-61b3d0ab13be7dda2389f1d3e60a119c7f660cc3/server/bin/remote-cli:/opt/ros/humble/bin:/usr/local/sbin:/usr/local/bin:/usr/sbin:/usr/bin:/sbin:/bin:/usr/games:/usr/local/games:/snap/bin:/app/bin:/app/bin:/usr/local/cuda-12/bin:/usr/local/cuda-12/bin:/usr/local/cuda-12/bin'), ('LC_ADDRESS', 'zh_CN.UTF-8'), ('XDG_RUNTIME_DIR', '/run/user/0'), ('LANG', 'en_US.UTF-8'), ('LC_TELEPHONE', 'zh_CN.UTF-8'), ('LS_COLORS', 'rs=0:di=01;34:ln=01;36:mh=00:pi=40;33:so=01;35:do=01;35:bd=40;33;01:cd=40;33;01:or=40;31;01:mi=00:su=37;41:sg=30;43:ca=30;41:tw=30;42:ow=34;42:st=37;44:ex=01;32:*.tar=01;31:*.tgz=01;31:*.arc=01;31:*.arj=01;31:*.taz=01;31:*.lha=01;31:*.lz4=01;31:*.lzh=01;31:*.lzma=01;31:*.tlz=01;31:*.txz=01;31:*.tzo=01;31:*.t7z=01;31:*.zip=01;31:*.z=01;31:*.dz=01;31:*.gz=01;31:*.lrz=01;31:*.lz=01;31:*.lzo=01;31:*.xz=01;31:*.zst=01;31:*.tzst=01;31:*.bz2=01;31:*.bz=01;31:*.tbz=01;31:*.tbz2=01;31:*.tz=01;31:*.deb=01;31:*.rpm=01;31:*.jar=01;31:*.war=01;31:*.ear=01;31:*.sar=01;31:*.rar=01;31:*.alz=01;31:*.ace=01;31:*.zoo=01;31:*.cpio=01;31:*.7z=01;31:*.rz=01;31:*.cab=01;31:*.wim=01;31:*.swm=01;31:*.dwm=01;31:*.esd=01;31:*.jpg=01;35:*.jpeg=01;35:*.mjpg=01;35:*.mjpeg=01;35:*.gif=01;35:*.bmp=01;35:*.pbm=01;35:*.pgm=01;35:*.ppm=01;35:*.tga=01;35:*.xbm=01;35:*.xpm=01;35:*.tif=01;35:*.tiff=01;35:*.png=01;35:*.svg=01;35:*.svgz=01;35:*.mng=01;35:*.pcx=01;35:*.mov=01;35:*.mpg=01;35:*.mpeg=01;35:*.m2v=01;35:*.mkv=01;35:*.webm=01;35:*.webp=01;35:*.ogm=01;35:*.mp4=01;35:*.m4v=01;35:*.mp4v=01;35:*.vob=01;35:*.qt=01;35:*.nuv=01;35:*.wmv=01;35:*.asf=01;35:*.rm=01;35:*.rmvb=01;35:*.flc=01;35:*.avi=01;35:*.fli=01;35:*.flv=01;35:*.gl=01;35:*.dl=01;35:*.xcf=01;35:*.xwd=01;35:*.yuv=01;35:*.cgm=01;35:*.emf=01;35:*.ogv=01;35:*.ogx=01;35:*.aac=00;36:*.au=00;36:*.flac=00;36:*.m4a=00;36:*.mid=00;36:*.midi=00;36:*.mka=00;36:*.mp3=00;36:*.mpc=00;36:*.ogg=00;36:*.ra=00;36:*.wav=00;36:*.oga=00;36:*.opus=00;36:*.spx=00;36:*.xspf=00;36:'), ('JETSON_SOC', 'tegra234'), ('VSCODE_GIT_IPC_HANDLE', '/run/user/0/vscode-git-994ffc2805.sock'), ('TERM_PROGRAM', 'vscode'), ('ROSDISTRO_INDEX_URL', 'https://mirrors.tuna.tsinghua.edu.cn/rosdistro/index_v4.yaml'), ('ROS_DOMAIN_ID', '193'), ('AMENT_PREFIX_PATH', '/data/rl_deploy/install/node_control_msgs:/opt/ros/humble'), ('SHELL', '/bin/bash'), ('LC_NAME', 'zh_CN.UTF-8'), ('LESSCLOSE', '/usr/bin/lesspipe %s %s'), ('LC_MEASUREMENT', 'zh_CN.UTF-8'), ('LC_IDENTIFICATION', 'zh_CN.UTF-8'), ('VSCODE_GIT_ASKPASS_EXTRA_ARGS', ''), ('JETSON_CUDA_ARCH_BIN', '8.7'), ('PWD', '/data/rl_deploy/build/robot_msgs'), ('LC_ALL', 'en_US.UTF-8'), ('SSH_CONNECTION', '192.168.8.113 50272 192.168.8.111 22'), ('XDG_DATA_DIRS', '/usr/share/gnome:/usr/local/share:/usr/share:/var/lib/snapd/desktop'), ('PYTHONPATH', '/data/rl_deploy/install/node_control_msgs/local/lib/python3.10/dist-packages:/opt/ros/humble/lib/python3.10/site-packages:/opt/ros/humble/local/lib/python3.10/dist-packages'), ('LC_NUMERIC', 'zh_CN.UTF-8'), ('LC_PAPER', 'zh_CN.UTF-8'), ('COLCON', '1'), ('JETSON_JETPACK', '6.2.1'), ('JETSON_P_NUMBER', 'p3767-0000'), ('CMAKE_PREFIX_PATH', '/data/rl_deploy/install/node_control_msgs:/opt/ros/humble')]), 'shell': False}
[2.104937] (-) TimerEvent: {}
[2.172268] (node_app_msgs) StdoutLine: {'line': b'-- Install configuration: ""\n'}
[2.172749] (node_app_msgs) StdoutLine: {'line': b'-- Up-to-date: /data/rl_deploy/install/node_app_msgs/share/ament_index/resource_index/rosidl_interfaces/node_app_msgs\n'}
[2.173041] (node_app_msgs) StdoutLine: {'line': b'-- Up-to-date: /data/rl_deploy/install/node_app_msgs/include/node_app_msgs/node_app_msgs\n'}
[2.173275] (node_app_msgs) StdoutLine: {'line': b'-- Up-to-date: /data/rl_deploy/install/node_app_msgs/include/node_app_msgs/node_app_msgs/msg\n'}
[2.173549] (node_app_msgs) StdoutLine: {'line': b'-- Up-to-date: /data/rl_deploy/install/node_app_msgs/include/node_app_msgs/node_app_msgs/msg/lrs_cmd_state_feedback.h\n'}
[2.173793] (node_app_msgs) StdoutLine: {'line': b'-- Up-to-date: /data/rl_deploy/install/node_app_msgs/include/node_app_msgs/node_app_msgs/msg/lrs_cmd_action.h\n'}
[2.173971] (node_app_msgs) StdoutLine: {'line': b'-- Up-to-date: /data/rl_deploy/install/node_app_msgs/include/node_app_msgs/node_app_msgs/msg/iot_cmd_msg.h\n'}
[2.174084] (node_app_msgs) StdoutLine: {'line': b'-- Up-to-date: /data/rl_deploy/install/node_app_msgs/include/node_app_msgs/node_app_msgs/msg/lrs_cmd_state.h\n'}
[2.174297] (node_app_msgs) StdoutLine: {'line': b'-- Up-to-date: /data/rl_deploy/install/node_app_msgs/include/node_app_msgs/node_app_msgs/msg/detail\n'}
[2.174502] (node_app_msgs) StdoutLine: {'line': b'-- Up-to-date: /data/rl_deploy/install/node_app_msgs/include/node_app_msgs/node_app_msgs/msg/detail/lrs_state__functions.h\n'}
[2.174662] (node_app_msgs) StdoutLine: {'line': b'-- Up-to-date: /data/rl_deploy/install/node_app_msgs/include/node_app_msgs/node_app_msgs/msg/detail/lrs_cmd_state__type_support.h\n'}
[2.174829] (node_app_msgs) StdoutLine: {'line': b'-- Up-to-date: /data/rl_deploy/install/node_app_msgs/include/node_app_msgs/node_app_msgs/msg/detail/lrs_cmd_state_feedback__functions.c\n'}
[2.174940] (node_app_msgs) StdoutLine: {'line': b'-- Up-to-date: /data/rl_deploy/install/node_app_msgs/include/node_app_msgs/node_app_msgs/msg/detail/lrs_cmd_action_feedback__functions.h\n'}
[2.175051] (node_app_msgs) StdoutLine: {'line': b'-- Up-to-date: /data/rl_deploy/install/node_app_msgs/include/node_app_msgs/node_app_msgs/msg/detail/lrs_cmd_state_feedback__struct.h\n'}
[2.175158] (node_app_msgs) StdoutLine: {'line': b'-- Up-to-date: /data/rl_deploy/install/node_app_msgs/include/node_app_msgs/node_app_msgs/msg/detail/lrs_cmd_state_feedback__functions.h\n'}
[2.175335] (node_app_msgs) StdoutLine: {'line': b'-- Up-to-date: /data/rl_deploy/install/node_app_msgs/include/node_app_msgs/node_app_msgs/msg/detail/iot_cmd_msg__functions.c\n'}
[2.175445] (node_app_msgs) StdoutLine: {'line': b'-- Up-to-date: /data/rl_deploy/install/node_app_msgs/include/node_app_msgs/node_app_msgs/msg/detail/lrs_state__functions.c\n'}
[2.175657] (node_app_msgs) StdoutLine: {'line': b'-- Up-to-date: /data/rl_deploy/install/node_app_msgs/include/node_app_msgs/node_app_msgs/msg/detail/lrs_cmd_state__functions.c\n'}
[2.176335] (node_app_msgs) StdoutLine: {'line': b'-- Up-to-date: /data/rl_deploy/install/node_app_msgs/include/node_app_msgs/node_app_msgs/msg/detail/lrs_cmd_action__functions.c\n'}
[2.176473] (node_app_msgs) StdoutLine: {'line': b'-- Up-to-date: /data/rl_deploy/install/node_app_msgs/include/node_app_msgs/node_app_msgs/msg/detail/lrs_state__type_support.h\n'}
[2.176628] (node_app_msgs) StdoutLine: {'line': b'-- Up-to-date: /data/rl_deploy/install/node_app_msgs/include/node_app_msgs/node_app_msgs/msg/detail/lrs_cmd_state_feedback__type_support.h\n'}
[2.176743] (node_app_msgs) StdoutLine: {'line': b'-- Up-to-date: /data/rl_deploy/install/node_app_msgs/include/node_app_msgs/node_app_msgs/msg/detail/lrs_cmd_action__functions.h\n'}
[2.176850] (node_app_msgs) StdoutLine: {'line': b'-- Up-to-date: /data/rl_deploy/install/node_app_msgs/include/node_app_msgs/node_app_msgs/msg/detail/lrs_cmd_action__struct.h\n'}
[2.177118] (node_app_msgs) StdoutLine: {'line': b'-- Up-to-date: /data/rl_deploy/install/node_app_msgs/include/node_app_msgs/node_app_msgs/msg/detail/lrs_cmd_action__type_support.h\n'}
[2.177422] (node_app_msgs) StdoutLine: {'line': b'-- Up-to-date: /data/rl_deploy/install/node_app_msgs/include/node_app_msgs/node_app_msgs/msg/detail/lrs_cmd_action_feedback__type_support.h\n'}
[2.177730] (node_app_msgs) StdoutLine: {'line': b'-- Up-to-date: /data/rl_deploy/install/node_app_msgs/include/node_app_msgs/node_app_msgs/msg/detail/iot_cmd_msg__functions.h\n'}
[2.178034] (node_app_msgs) StdoutLine: {'line': b'-- Up-to-date: /data/rl_deploy/install/node_app_msgs/include/node_app_msgs/node_app_msgs/msg/detail/lrs_state__struct.h\n'}
[2.178183] (node_app_msgs) StdoutLine: {'line': b'-- Up-to-date: /data/rl_deploy/install/node_app_msgs/include/node_app_msgs/node_app_msgs/msg/detail/lrs_cmd_action_feedback__struct.h\n'}
[2.178418] (node_app_msgs) StdoutLine: {'line': b'-- Up-to-date: /data/rl_deploy/install/node_app_msgs/include/node_app_msgs/node_app_msgs/msg/detail/lrs_cmd_action_feedback__functions.c\n'}
[2.178549] (node_app_msgs) StdoutLine: {'line': b'-- Up-to-date: /data/rl_deploy/install/node_app_msgs/include/node_app_msgs/node_app_msgs/msg/detail/lrs_cmd_state__functions.h\n'}
[2.178667] (node_app_msgs) StdoutLine: {'line': b'-- Up-to-date: /data/rl_deploy/install/node_app_msgs/include/node_app_msgs/node_app_msgs/msg/detail/iot_cmd_msg__struct.h\n'}
[2.178928] (node_app_msgs) StdoutLine: {'line': b'-- Up-to-date: /data/rl_deploy/install/node_app_msgs/include/node_app_msgs/node_app_msgs/msg/detail/iot_cmd_msg__type_support.h\n'}
[2.179077] (node_app_msgs) StdoutLine: {'line': b'-- Up-to-date: /data/rl_deploy/install/node_app_msgs/include/node_app_msgs/node_app_msgs/msg/detail/lrs_cmd_state__struct.h\n'}
[2.179293] (node_app_msgs) StdoutLine: {'line': b'-- Up-to-date: /data/rl_deploy/install/node_app_msgs/include/node_app_msgs/node_app_msgs/msg/lrs_cmd_action_feedback.h\n'}
[2.179542] (node_app_msgs) StdoutLine: {'line': b'-- Up-to-date: /data/rl_deploy/install/node_app_msgs/include/node_app_msgs/node_app_msgs/msg/rosidl_generator_c__visibility_control.h\n'}
[2.180019] (node_app_msgs) StdoutLine: {'line': b'-- Up-to-date: /data/rl_deploy/install/node_app_msgs/include/node_app_msgs/node_app_msgs/msg/lrs_state.h\n'}
[2.180341] (node_app_msgs) StdoutLine: {'line': b'-- Up-to-date: /data/rl_deploy/install/node_app_msgs/share/node_app_msgs/environment/library_path.sh\n'}
[2.180647] (node_app_msgs) StdoutLine: {'line': b'-- Up-to-date: /data/rl_deploy/install/node_app_msgs/share/node_app_msgs/environment/library_path.dsv\n'}
[2.180996] (node_app_msgs) StdoutLine: {'line': b'-- Up-to-date: /data/rl_deploy/install/node_app_msgs/lib/libnode_app_msgs__rosidl_generator_c.so\n'}
[2.181218] (node_app_msgs) StdoutLine: {'line': b'-- Up-to-date: /data/rl_deploy/install/node_app_msgs/include/node_app_msgs/node_app_msgs\n'}
[2.181465] (node_app_msgs) StdoutLine: {'line': b'-- Up-to-date: /data/rl_deploy/install/node_app_msgs/include/node_app_msgs/node_app_msgs/msg\n'}
[2.181585] (node_app_msgs) StdoutLine: {'line': b'-- Up-to-date: /data/rl_deploy/install/node_app_msgs/include/node_app_msgs/node_app_msgs/msg/detail\n'}
[2.181752] (node_app_msgs) StdoutLine: {'line': b'-- Up-to-date: /data/rl_deploy/install/node_app_msgs/include/node_app_msgs/node_app_msgs/msg/detail/lrs_cmd_action_feedback__rosidl_typesupport_fastrtps_c.h\n'}
[2.181969] (node_app_msgs) StdoutLine: {'line': b'-- Up-to-date: /data/rl_deploy/install/node_app_msgs/include/node_app_msgs/node_app_msgs/msg/detail/lrs_state__rosidl_typesupport_fastrtps_c.h\n'}
[2.182212] (node_app_msgs) StdoutLine: {'line': b'-- Up-to-date: /data/rl_deploy/install/node_app_msgs/include/node_app_msgs/node_app_msgs/msg/detail/lrs_cmd_action__rosidl_typesupport_fastrtps_c.h\n'}
[2.182389] (node_app_msgs) StdoutLine: {'line': b'-- Up-to-date: /data/rl_deploy/install/node_app_msgs/include/node_app_msgs/node_app_msgs/msg/detail/iot_cmd_msg__rosidl_typesupport_fastrtps_c.h\n'}
[2.182561] (node_app_msgs) StdoutLine: {'line': b'-- Up-to-date: /data/rl_deploy/install/node_app_msgs/include/node_app_msgs/node_app_msgs/msg/detail/lrs_cmd_state_feedback__rosidl_typesupport_fastrtps_c.h\n'}
[2.182842] (node_app_msgs) StdoutLine: {'line': b'-- Up-to-date: /data/rl_deploy/install/node_app_msgs/include/node_app_msgs/node_app_msgs/msg/detail/lrs_cmd_state__rosidl_typesupport_fastrtps_c.h\n'}
[2.183091] (node_app_msgs) StdoutLine: {'line': b'-- Up-to-date: /data/rl_deploy/install/node_app_msgs/include/node_app_msgs/node_app_msgs/msg/rosidl_typesupport_fastrtps_c__visibility_control.h\n'}
[2.183221] (node_app_msgs) StdoutLine: {'line': b'-- Up-to-date: /data/rl_deploy/install/node_app_msgs/lib/libnode_app_msgs__rosidl_typesupport_fastrtps_c.so\n'}
[2.183411] (node_app_msgs) StdoutLine: {'line': b'-- Up-to-date: /data/rl_deploy/install/node_app_msgs/include/node_app_msgs/node_app_msgs\n'}
[2.183533] (node_app_msgs) StdoutLine: {'line': b'-- Up-to-date: /data/rl_deploy/install/node_app_msgs/include/node_app_msgs/node_app_msgs/msg\n'}
[2.183922] (node_app_msgs) StdoutLine: {'line': b'-- Up-to-date: /data/rl_deploy/install/node_app_msgs/include/node_app_msgs/node_app_msgs/msg/detail\n'}
[2.184112] (node_app_msgs) StdoutLine: {'line': b'-- Up-to-date: /data/rl_deploy/install/node_app_msgs/include/node_app_msgs/node_app_msgs/msg/detail/lrs_cmd_state_feedback__type_support.c\n'}
[2.184229] (node_app_msgs) StdoutLine: {'line': b'-- Up-to-date: /data/rl_deploy/install/node_app_msgs/include/node_app_msgs/node_app_msgs/msg/detail/lrs_cmd_action_feedback__rosidl_typesupport_introspection_c.h\n'}
[2.184403] (node_app_msgs) StdoutLine: {'line': b'-- Up-to-date: /data/rl_deploy/install/node_app_msgs/include/node_app_msgs/node_app_msgs/msg/detail/lrs_cmd_action__rosidl_typesupport_introspection_c.h\n'}
[2.184521] (node_app_msgs) StdoutLine: {'line': b'-- Up-to-date: /data/rl_deploy/install/node_app_msgs/include/node_app_msgs/node_app_msgs/msg/detail/iot_cmd_msg__type_support.c\n'}
[2.184759] (node_app_msgs) StdoutLine: {'line': b'-- Up-to-date: /data/rl_deploy/install/node_app_msgs/include/node_app_msgs/node_app_msgs/msg/detail/lrs_cmd_state__type_support.c\n'}
[2.185021] (node_app_msgs) StdoutLine: {'line': b'-- Up-to-date: /data/rl_deploy/install/node_app_msgs/include/node_app_msgs/node_app_msgs/msg/detail/lrs_cmd_state_feedback__rosidl_typesupport_introspection_c.h\n'}
[2.185193] (node_app_msgs) StdoutLine: {'line': b'-- Up-to-date: /data/rl_deploy/install/node_app_msgs/include/node_app_msgs/node_app_msgs/msg/detail/lrs_state__rosidl_typesupport_introspection_c.h\n'}
[2.185400] (node_app_msgs) StdoutLine: {'line': b'-- Up-to-date: /data/rl_deploy/install/node_app_msgs/include/node_app_msgs/node_app_msgs/msg/detail/lrs_cmd_action__type_support.c\n'}
[2.185582] (node_app_msgs) StdoutLine: {'line': b'-- Up-to-date: /data/rl_deploy/install/node_app_msgs/include/node_app_msgs/node_app_msgs/msg/detail/lrs_state__type_support.c\n'}
[2.185755] (node_app_msgs) StdoutLine: {'line': b'-- Up-to-date: /data/rl_deploy/install/node_app_msgs/include/node_app_msgs/node_app_msgs/msg/detail/lrs_cmd_action_feedback__type_support.c\n'}
[2.185951] (node_app_msgs) StdoutLine: {'line': b'-- Up-to-date: /data/rl_deploy/install/node_app_msgs/include/node_app_msgs/node_app_msgs/msg/detail/iot_cmd_msg__rosidl_typesupport_introspection_c.h\n'}
[2.186092] (node_app_msgs) StdoutLine: {'line': b'-- Up-to-date: /data/rl_deploy/install/node_app_msgs/include/node_app_msgs/node_app_msgs/msg/detail/lrs_cmd_state__rosidl_typesupport_introspection_c.h\n'}
[2.186206] (node_app_msgs) StdoutLine: {'line': b'-- Up-to-date: /data/rl_deploy/install/node_app_msgs/include/node_app_msgs/node_app_msgs/msg/rosidl_typesupport_introspection_c__visibility_control.h\n'}
[2.186460] (node_app_msgs) StdoutLine: {'line': b'-- Up-to-date: /data/rl_deploy/install/node_app_msgs/lib/libnode_app_msgs__rosidl_typesupport_introspection_c.so\n'}
[2.186633] (node_app_msgs) StdoutLine: {'line': b'-- Up-to-date: /data/rl_deploy/install/node_app_msgs/lib/libnode_app_msgs__rosidl_typesupport_c.so\n'}
[2.186813] (node_app_msgs) StdoutLine: {'line': b'-- Up-to-date: /data/rl_deploy/install/node_app_msgs/include/node_app_msgs/node_app_msgs\n'}
[2.187013] (node_app_msgs) StdoutLine: {'line': b'-- Up-to-date: /data/rl_deploy/install/node_app_msgs/include/node_app_msgs/node_app_msgs/msg\n'}
[2.187195] (node_app_msgs) StdoutLine: {'line': b'-- Up-to-date: /data/rl_deploy/install/node_app_msgs/include/node_app_msgs/node_app_msgs/msg/lrs_cmd_state.hpp\n'}
[2.187473] (node_app_msgs) StdoutLine: {'line': b'-- Up-to-date: /data/rl_deploy/install/node_app_msgs/include/node_app_msgs/node_app_msgs/msg/iot_cmd_msg.hpp\n'}
[2.187602] (node_app_msgs) StdoutLine: {'line': b'-- Up-to-date: /data/rl_deploy/install/node_app_msgs/include/node_app_msgs/node_app_msgs/msg/lrs_cmd_action.hpp\n'}
[2.187811] (node_app_msgs) StdoutLine: {'line': b'-- Up-to-date: /data/rl_deploy/install/node_app_msgs/include/node_app_msgs/node_app_msgs/msg/lrs_state.hpp\n'}
[2.188077] (node_app_msgs) StdoutLine: {'line': b'-- Up-to-date: /data/rl_deploy/install/node_app_msgs/include/node_app_msgs/node_app_msgs/msg/detail\n'}
[2.188465] (node_app_msgs) StdoutLine: {'line': b'-- Up-to-date: /data/rl_deploy/install/node_app_msgs/include/node_app_msgs/node_app_msgs/msg/detail/lrs_cmd_action__builder.hpp\n'}
[2.188606] (node_app_msgs) StdoutLine: {'line': b'-- Up-to-date: /data/rl_deploy/install/node_app_msgs/include/node_app_msgs/node_app_msgs/msg/detail/lrs_cmd_state__builder.hpp\n'}
[2.188726] (node_app_msgs) StdoutLine: {'line': b'-- Up-to-date: /data/rl_deploy/install/node_app_msgs/include/node_app_msgs/node_app_msgs/msg/detail/iot_cmd_msg__struct.hpp\n'}
[2.188899] (node_app_msgs) StdoutLine: {'line': b'-- Up-to-date: /data/rl_deploy/install/node_app_msgs/include/node_app_msgs/node_app_msgs/msg/detail/lrs_state__struct.hpp\n'}
[2.189105] (node_app_msgs) StdoutLine: {'line': b'-- Up-to-date: /data/rl_deploy/install/node_app_msgs/include/node_app_msgs/node_app_msgs/msg/detail/lrs_cmd_state__struct.hpp\n'}
[2.189259] (node_app_msgs) StdoutLine: {'line': b'-- Up-to-date: /data/rl_deploy/install/node_app_msgs/include/node_app_msgs/node_app_msgs/msg/detail/lrs_state__builder.hpp\n'}
[2.189385] (node_app_msgs) StdoutLine: {'line': b'-- Up-to-date: /data/rl_deploy/install/node_app_msgs/include/node_app_msgs/node_app_msgs/msg/detail/iot_cmd_msg__type_support.hpp\n'}
[2.189496] (node_app_msgs) StdoutLine: {'line': b'-- Up-to-date: /data/rl_deploy/install/node_app_msgs/include/node_app_msgs/node_app_msgs/msg/detail/lrs_cmd_action_feedback__struct.hpp\n'}
[2.189626] (node_app_msgs) StdoutLine: {'line': b'-- Up-to-date: /data/rl_deploy/install/node_app_msgs/include/node_app_msgs/node_app_msgs/msg/detail/lrs_cmd_action_feedback__traits.hpp\n'}
[2.189731] (node_app_msgs) StdoutLine: {'line': b'-- Up-to-date: /data/rl_deploy/install/node_app_msgs/include/node_app_msgs/node_app_msgs/msg/detail/lrs_cmd_state_feedback__type_support.hpp\n'}
[2.189872] (node_app_msgs) StdoutLine: {'line': b'-- Up-to-date: /data/rl_deploy/install/node_app_msgs/include/node_app_msgs/node_app_msgs/msg/detail/lrs_cmd_state_feedback__builder.hpp\n'}
[2.190040] (node_app_msgs) StdoutLine: {'line': b'-- Up-to-date: /data/rl_deploy/install/node_app_msgs/include/node_app_msgs/node_app_msgs/msg/detail/lrs_cmd_action__traits.hpp\n'}
[2.190158] (node_app_msgs) StdoutLine: {'line': b'-- Up-to-date: /data/rl_deploy/install/node_app_msgs/include/node_app_msgs/node_app_msgs/msg/detail/lrs_state__traits.hpp\n'}
[2.190301] (node_app_msgs) StdoutLine: {'line': b'-- Up-to-date: /data/rl_deploy/install/node_app_msgs/include/node_app_msgs/node_app_msgs/msg/detail/lrs_cmd_state_feedback__struct.hpp\n'}
[2.190407] (node_app_msgs) StdoutLine: {'line': b'-- Up-to-date: /data/rl_deploy/install/node_app_msgs/include/node_app_msgs/node_app_msgs/msg/detail/lrs_cmd_state__type_support.hpp\n'}
[2.190552] (node_app_msgs) StdoutLine: {'line': b'-- Up-to-date: /data/rl_deploy/install/node_app_msgs/include/node_app_msgs/node_app_msgs/msg/detail/lrs_cmd_action__struct.hpp\n'}
[2.190658] (node_app_msgs) StdoutLine: {'line': b'-- Up-to-date: /data/rl_deploy/install/node_app_msgs/include/node_app_msgs/node_app_msgs/msg/detail/iot_cmd_msg__traits.hpp\n'}
[2.190760] (node_app_msgs) StdoutLine: {'line': b'-- Up-to-date: /data/rl_deploy/install/node_app_msgs/include/node_app_msgs/node_app_msgs/msg/detail/lrs_cmd_action_feedback__type_support.hpp\n'}
[2.190954] (node_app_msgs) StdoutLine: {'line': b'-- Up-to-date: /data/rl_deploy/install/node_app_msgs/include/node_app_msgs/node_app_msgs/msg/detail/lrs_cmd_state__traits.hpp\n'}
[2.191091] (node_app_msgs) StdoutLine: {'line': b'-- Up-to-date: /data/rl_deploy/install/node_app_msgs/include/node_app_msgs/node_app_msgs/msg/detail/lrs_cmd_state_feedback__traits.hpp\n'}
[2.191201] (node_app_msgs) StdoutLine: {'line': b'-- Up-to-date: /data/rl_deploy/install/node_app_msgs/include/node_app_msgs/node_app_msgs/msg/detail/lrs_cmd_action__type_support.hpp\n'}
[2.191346] (node_app_msgs) StdoutLine: {'line': b'-- Up-to-date: /data/rl_deploy/install/node_app_msgs/include/node_app_msgs/node_app_msgs/msg/detail/lrs_cmd_action_feedback__builder.hpp\n'}
[2.191453] (node_app_msgs) StdoutLine: {'line': b'-- Up-to-date: /data/rl_deploy/install/node_app_msgs/include/node_app_msgs/node_app_msgs/msg/detail/iot_cmd_msg__builder.hpp\n'}
[2.191558] (node_app_msgs) StdoutLine: {'line': b'-- Up-to-date: /data/rl_deploy/install/node_app_msgs/include/node_app_msgs/node_app_msgs/msg/detail/lrs_state__type_support.hpp\n'}
[2.191686] (node_app_msgs) StdoutLine: {'line': b'-- Up-to-date: /data/rl_deploy/install/node_app_msgs/include/node_app_msgs/node_app_msgs/msg/lrs_cmd_state_feedback.hpp\n'}
[2.191884] (node_app_msgs) StdoutLine: {'line': b'-- Up-to-date: /data/rl_deploy/install/node_app_msgs/include/node_app_msgs/node_app_msgs/msg/rosidl_generator_cpp__visibility_control.hpp\n'}
[2.192059] (node_app_msgs) StdoutLine: {'line': b'-- Up-to-date: /data/rl_deploy/install/node_app_msgs/include/node_app_msgs/node_app_msgs/msg/lrs_cmd_action_feedback.hpp\n'}
[2.192173] (node_app_msgs) StdoutLine: {'line': b'-- Up-to-date: /data/rl_deploy/install/node_app_msgs/include/node_app_msgs/node_app_msgs\n'}
[2.192335] (node_app_msgs) StdoutLine: {'line': b'-- Up-to-date: /data/rl_deploy/install/node_app_msgs/include/node_app_msgs/node_app_msgs/msg\n'}
[2.192447] (node_app_msgs) StdoutLine: {'line': b'-- Up-to-date: /data/rl_deploy/install/node_app_msgs/include/node_app_msgs/node_app_msgs/msg/rosidl_typesupport_fastrtps_cpp__visibility_control.h\n'}
[2.192555] (node_app_msgs) StdoutLine: {'line': b'-- Up-to-date: /data/rl_deploy/install/node_app_msgs/include/node_app_msgs/node_app_msgs/msg/detail\n'}
[2.192687] (node_app_msgs) StdoutLine: {'line': b'-- Up-to-date: /data/rl_deploy/install/node_app_msgs/include/node_app_msgs/node_app_msgs/msg/detail/iot_cmd_msg__rosidl_typesupport_fastrtps_cpp.hpp\n'}
[2.192799] (node_app_msgs) StdoutLine: {'line': b'-- Up-to-date: /data/rl_deploy/install/node_app_msgs/include/node_app_msgs/node_app_msgs/msg/detail/lrs_cmd_action__rosidl_typesupport_fastrtps_cpp.hpp\n'}
[2.193003] (node_app_msgs) StdoutLine: {'line': b'-- Up-to-date: /data/rl_deploy/install/node_app_msgs/include/node_app_msgs/node_app_msgs/msg/detail/lrs_cmd_action_feedback__rosidl_typesupport_fastrtps_cpp.hpp\n'}
[2.193139] (node_app_msgs) StdoutLine: {'line': b'-- Up-to-date: /data/rl_deploy/install/node_app_msgs/include/node_app_msgs/node_app_msgs/msg/detail/dds_fastrtps\n'}
[2.193282] (node_app_msgs) StdoutLine: {'line': b'-- Up-to-date: /data/rl_deploy/install/node_app_msgs/include/node_app_msgs/node_app_msgs/msg/detail/lrs_state__rosidl_typesupport_fastrtps_cpp.hpp\n'}
[2.193389] (node_app_msgs) StdoutLine: {'line': b'-- Up-to-date: /data/rl_deploy/install/node_app_msgs/include/node_app_msgs/node_app_msgs/msg/detail/lrs_cmd_state_feedback__rosidl_typesupport_fastrtps_cpp.hpp\n'}
[2.193496] (node_app_msgs) StdoutLine: {'line': b'-- Up-to-date: /data/rl_deploy/install/node_app_msgs/include/node_app_msgs/node_app_msgs/msg/detail/lrs_cmd_state__rosidl_typesupport_fastrtps_cpp.hpp\n'}
[2.193599] (node_app_msgs) StdoutLine: {'line': b'-- Up-to-date: /data/rl_deploy/install/node_app_msgs/lib/libnode_app_msgs__rosidl_typesupport_fastrtps_cpp.so\n'}
[2.193702] (node_app_msgs) StdoutLine: {'line': b'-- Up-to-date: /data/rl_deploy/install/node_app_msgs/include/node_app_msgs/node_app_msgs\n'}
[2.193806] (node_app_msgs) StdoutLine: {'line': b'-- Up-to-date: /data/rl_deploy/install/node_app_msgs/include/node_app_msgs/node_app_msgs/msg\n'}
[2.193979] (node_app_msgs) StdoutLine: {'line': b'-- Up-to-date: /data/rl_deploy/install/node_app_msgs/include/node_app_msgs/node_app_msgs/msg/detail\n'}
[2.194109] (node_app_msgs) StdoutLine: {'line': b'-- Up-to-date: /data/rl_deploy/install/node_app_msgs/include/node_app_msgs/node_app_msgs/msg/detail/lrs_cmd_state__type_support.cpp\n'}
[2.194244] (node_app_msgs) StdoutLine: {'line': b'-- Up-to-date: /data/rl_deploy/install/node_app_msgs/include/node_app_msgs/node_app_msgs/msg/detail/lrs_cmd_state__rosidl_typesupport_introspection_cpp.hpp\n'}
[2.194356] (node_app_msgs) StdoutLine: {'line': b'-- Up-to-date: /data/rl_deploy/install/node_app_msgs/include/node_app_msgs/node_app_msgs/msg/detail/iot_cmd_msg__type_support.cpp\n'}
[2.194460] (node_app_msgs) StdoutLine: {'line': b'-- Up-to-date: /data/rl_deploy/install/node_app_msgs/include/node_app_msgs/node_app_msgs/msg/detail/iot_cmd_msg__rosidl_typesupport_introspection_cpp.hpp\n'}
[2.194564] (node_app_msgs) StdoutLine: {'line': b'-- Up-to-date: /data/rl_deploy/install/node_app_msgs/include/node_app_msgs/node_app_msgs/msg/detail/lrs_cmd_action__type_support.cpp\n'}
[2.194698] (node_app_msgs) StdoutLine: {'line': b'-- Up-to-date: /data/rl_deploy/install/node_app_msgs/include/node_app_msgs/node_app_msgs/msg/detail/lrs_cmd_action__rosidl_typesupport_introspection_cpp.hpp\n'}
[2.194804] (node_app_msgs) StdoutLine: {'line': b'-- Up-to-date: /data/rl_deploy/install/node_app_msgs/include/node_app_msgs/node_app_msgs/msg/detail/lrs_cmd_action_feedback__type_support.cpp\n'}
[2.194976] (node_app_msgs) StdoutLine: {'line': b'-- Up-to-date: /data/rl_deploy/install/node_app_msgs/include/node_app_msgs/node_app_msgs/msg/detail/lrs_cmd_action_feedback__rosidl_typesupport_introspection_cpp.hpp\n'}
[2.195115] (node_app_msgs) StdoutLine: {'line': b'-- Up-to-date: /data/rl_deploy/install/node_app_msgs/include/node_app_msgs/node_app_msgs/msg/detail/lrs_state__type_support.cpp\n'}
[2.195258] (node_app_msgs) StdoutLine: {'line': b'-- Up-to-date: /data/rl_deploy/install/node_app_msgs/include/node_app_msgs/node_app_msgs/msg/detail/lrs_state__rosidl_typesupport_introspection_cpp.hpp\n'}
[2.195372] (node_app_msgs) StdoutLine: {'line': b'-- Up-to-date: /data/rl_deploy/install/node_app_msgs/include/node_app_msgs/node_app_msgs/msg/detail/lrs_cmd_state_feedback__rosidl_typesupport_introspection_cpp.hpp\n'}
[2.195506] (node_app_msgs) StdoutLine: {'line': b'-- Up-to-date: /data/rl_deploy/install/node_app_msgs/include/node_app_msgs/node_app_msgs/msg/detail/lrs_cmd_state_feedback__type_support.cpp\n'}
[2.195612] (node_app_msgs) StdoutLine: {'line': b'-- Up-to-date: /data/rl_deploy/install/node_app_msgs/lib/libnode_app_msgs__rosidl_typesupport_introspection_cpp.so\n'}
[2.195748] (node_app_msgs) StdoutLine: {'line': b'-- Up-to-date: /data/rl_deploy/install/node_app_msgs/lib/libnode_app_msgs__rosidl_typesupport_cpp.so\n'}
[2.195903] (node_app_msgs) StdoutLine: {'line': b'-- Up-to-date: /data/rl_deploy/install/node_app_msgs/share/node_app_msgs/environment/pythonpath.sh\n'}
[2.196066] (node_app_msgs) StdoutLine: {'line': b'-- Up-to-date: /data/rl_deploy/install/node_app_msgs/share/node_app_msgs/environment/pythonpath.dsv\n'}
[2.196172] (node_app_msgs) StdoutLine: {'line': b'-- Up-to-date: /data/rl_deploy/install/node_app_msgs/local/lib/python3.10/dist-packages/node_app_msgs-0.0.0-py3.10.egg-info\n'}
[2.196317] (node_app_msgs) StdoutLine: {'line': b'-- Installing: /data/rl_deploy/install/node_app_msgs/local/lib/python3.10/dist-packages/node_app_msgs-0.0.0-py3.10.egg-info/top_level.txt\n'}
[2.196424] (node_app_msgs) StdoutLine: {'line': b'-- Installing: /data/rl_deploy/install/node_app_msgs/local/lib/python3.10/dist-packages/node_app_msgs-0.0.0-py3.10.egg-info/PKG-INFO\n'}
[2.196527] (node_app_msgs) StdoutLine: {'line': b'-- Installing: /data/rl_deploy/install/node_app_msgs/local/lib/python3.10/dist-packages/node_app_msgs-0.0.0-py3.10.egg-info/SOURCES.txt\n'}
[2.196628] (node_app_msgs) StdoutLine: {'line': b'-- Installing: /data/rl_deploy/install/node_app_msgs/local/lib/python3.10/dist-packages/node_app_msgs-0.0.0-py3.10.egg-info/dependency_links.txt\n'}
[2.196730] (node_app_msgs) StdoutLine: {'line': b'-- Up-to-date: /data/rl_deploy/install/node_app_msgs/local/lib/python3.10/dist-packages/node_app_msgs\n'}
[2.196860] (node_app_msgs) StdoutLine: {'line': b'-- Up-to-date: /data/rl_deploy/install/node_app_msgs/local/lib/python3.10/dist-packages/node_app_msgs/libnode_app_msgs__rosidl_generator_py.so\n'}
[2.197006] (node_app_msgs) StdoutLine: {'line': b'-- Up-to-date: /data/rl_deploy/install/node_app_msgs/local/lib/python3.10/dist-packages/node_app_msgs/node_app_msgs_s__rosidl_typesupport_introspection_c.cpython-310-aarch64-linux-gnu.so\n'}
[2.197130] (node_app_msgs) StdoutLine: {'line': b'-- Up-to-date: /data/rl_deploy/install/node_app_msgs/local/lib/python3.10/dist-packages/node_app_msgs/_node_app_msgs_s.ep.rosidl_typesupport_introspection_c.c\n'}
[2.197272] (node_app_msgs) StdoutLine: {'line': b'-- Up-to-date: /data/rl_deploy/install/node_app_msgs/local/lib/python3.10/dist-packages/node_app_msgs/_node_app_msgs_s.ep.rosidl_typesupport_c.c\n'}
[2.197382] (node_app_msgs) StdoutLine: {'line': b'-- Up-to-date: /data/rl_deploy/install/node_app_msgs/local/lib/python3.10/dist-packages/node_app_msgs/node_app_msgs_s__rosidl_typesupport_c.cpython-310-aarch64-linux-gnu.so\n'}
[2.197486] (node_app_msgs) StdoutLine: {'line': b'-- Up-to-date: /data/rl_deploy/install/node_app_msgs/local/lib/python3.10/dist-packages/node_app_msgs/__init__.py\n'}
[2.197586] (node_app_msgs) StdoutLine: {'line': b'-- Up-to-date: /data/rl_deploy/install/node_app_msgs/local/lib/python3.10/dist-packages/node_app_msgs/_node_app_msgs_s.ep.rosidl_typesupport_fastrtps_c.c\n'}
[2.197687] (node_app_msgs) StdoutLine: {'line': b'-- Up-to-date: /data/rl_deploy/install/node_app_msgs/local/lib/python3.10/dist-packages/node_app_msgs/msg\n'}
[2.197786] (node_app_msgs) StdoutLine: {'line': b'-- Up-to-date: /data/rl_deploy/install/node_app_msgs/local/lib/python3.10/dist-packages/node_app_msgs/msg/_lrs_state_s.c\n'}
[2.197954] (node_app_msgs) StdoutLine: {'line': b'-- Up-to-date: /data/rl_deploy/install/node_app_msgs/local/lib/python3.10/dist-packages/node_app_msgs/msg/_lrs_cmd_action_feedback.py\n'}
[2.198113] (node_app_msgs) StdoutLine: {'line': b'-- Up-to-date: /data/rl_deploy/install/node_app_msgs/local/lib/python3.10/dist-packages/node_app_msgs/msg/_lrs_cmd_state.py\n'}
[2.198250] (node_app_msgs) StdoutLine: {'line': b'-- Up-to-date: /data/rl_deploy/install/node_app_msgs/local/lib/python3.10/dist-packages/node_app_msgs/msg/_iot_cmd_msg.py\n'}
[2.198364] (node_app_msgs) StdoutLine: {'line': b'-- Up-to-date: /data/rl_deploy/install/node_app_msgs/local/lib/python3.10/dist-packages/node_app_msgs/msg/_lrs_cmd_action_feedback_s.c\n'}
[2.198500] (node_app_msgs) StdoutLine: {'line': b'-- Up-to-date: /data/rl_deploy/install/node_app_msgs/local/lib/python3.10/dist-packages/node_app_msgs/msg/_lrs_cmd_action_s.c\n'}
[2.198603] (node_app_msgs) StdoutLine: {'line': b'-- Up-to-date: /data/rl_deploy/install/node_app_msgs/local/lib/python3.10/dist-packages/node_app_msgs/msg/_lrs_state.py\n'}
[2.198706] (node_app_msgs) StdoutLine: {'line': b'-- Up-to-date: /data/rl_deploy/install/node_app_msgs/local/lib/python3.10/dist-packages/node_app_msgs/msg/_iot_cmd_msg_s.c\n'}
[2.198807] (node_app_msgs) StdoutLine: {'line': b'-- Up-to-date: /data/rl_deploy/install/node_app_msgs/local/lib/python3.10/dist-packages/node_app_msgs/msg/__init__.py\n'}
[2.198978] (node_app_msgs) StdoutLine: {'line': b'-- Up-to-date: /data/rl_deploy/install/node_app_msgs/local/lib/python3.10/dist-packages/node_app_msgs/msg/_lrs_cmd_state_feedback_s.c\n'}
[2.199129] (node_app_msgs) StdoutLine: {'line': b'-- Up-to-date: /data/rl_deploy/install/node_app_msgs/local/lib/python3.10/dist-packages/node_app_msgs/msg/_lrs_cmd_action.py\n'}
[2.199273] (node_app_msgs) StdoutLine: {'line': b'-- Up-to-date: /data/rl_deploy/install/node_app_msgs/local/lib/python3.10/dist-packages/node_app_msgs/msg/_lrs_cmd_state_feedback.py\n'}
[2.199383] (node_app_msgs) StdoutLine: {'line': b'-- Up-to-date: /data/rl_deploy/install/node_app_msgs/local/lib/python3.10/dist-packages/node_app_msgs/msg/_lrs_cmd_state_s.c\n'}
[2.199487] (node_app_msgs) StdoutLine: {'line': b'-- Up-to-date: /data/rl_deploy/install/node_app_msgs/local/lib/python3.10/dist-packages/node_app_msgs/node_app_msgs_s__rosidl_typesupport_fastrtps_c.cpython-310-aarch64-linux-gnu.so\n'}
[2.205161] (-) TimerEvent: {}
[2.231901] (robot_msgs) StdoutLine: {'line': b'-- Install configuration: ""\n'}
[2.232396] (robot_msgs) StdoutLine: {'line': b'-- Up-to-date: /data/rl_deploy/install/robot_msgs/share/ament_index/resource_index/rosidl_interfaces/robot_msgs\n'}
[2.232621] (robot_msgs) StdoutLine: {'line': b'-- Up-to-date: /data/rl_deploy/install/robot_msgs/include/robot_msgs/robot_msgs\n'}
[2.232757] (robot_msgs) StdoutLine: {'line': b'-- Up-to-date: /data/rl_deploy/install/robot_msgs/include/robot_msgs/robot_msgs/msg\n'}
[2.232962] (robot_msgs) StdoutLine: {'line': b'-- Up-to-date: /data/rl_deploy/install/robot_msgs/include/robot_msgs/robot_msgs/msg/robot_state.h\n'}
[2.233120] (robot_msgs) StdoutLine: {'line': b'-- Up-to-date: /data/rl_deploy/install/robot_msgs/include/robot_msgs/robot_msgs/msg/detail\n'}
[2.233344] (robot_msgs) StdoutLine: {'line': b'-- Up-to-date: /data/rl_deploy/install/robot_msgs/include/robot_msgs/robot_msgs/msg/detail/robot_state__functions.c\n'}
[2.233465] (robot_msgs) StdoutLine: {'line': b'-- Up-to-date: /data/rl_deploy/install/robot_msgs/include/robot_msgs/robot_msgs/msg/detail/robot_state__struct.h\n'}
[2.233595] (robot_msgs) StdoutLine: {'line': b'-- Up-to-date: /data/rl_deploy/install/robot_msgs/include/robot_msgs/robot_msgs/msg/detail/robot_state__type_support.h\n'}
[2.233733] (robot_msgs) StdoutLine: {'line': b'-- Up-to-date: /data/rl_deploy/install/robot_msgs/include/robot_msgs/robot_msgs/msg/detail/robot_state__functions.h\n'}
[2.234021] (robot_msgs) StdoutLine: {'line': b'-- Up-to-date: /data/rl_deploy/install/robot_msgs/include/robot_msgs/robot_msgs/msg/rosidl_generator_c__visibility_control.h\n'}
[2.234330] (robot_msgs) StdoutLine: {'line': b'-- Up-to-date: /data/rl_deploy/install/robot_msgs/share/robot_msgs/environment/library_path.sh\n'}
[2.234540] (robot_msgs) StdoutLine: {'line': b'-- Up-to-date: /data/rl_deploy/install/robot_msgs/share/robot_msgs/environment/library_path.dsv\n'}
[2.234674] (robot_msgs) StdoutLine: {'line': b'-- Up-to-date: /data/rl_deploy/install/robot_msgs/lib/librobot_msgs__rosidl_generator_c.so\n'}
[2.235281] (robot_msgs) StdoutLine: {'line': b'-- Up-to-date: /data/rl_deploy/install/robot_msgs/include/robot_msgs/robot_msgs\n'}
[2.235538] (robot_msgs) StdoutLine: {'line': b'-- Up-to-date: /data/rl_deploy/install/robot_msgs/include/robot_msgs/robot_msgs/msg\n'}
[2.235672] (robot_msgs) StdoutLine: {'line': b'-- Up-to-date: /data/rl_deploy/install/robot_msgs/include/robot_msgs/robot_msgs/msg/detail\n'}
[2.235831] (robot_msgs) StdoutLine: {'line': b'-- Up-to-date: /data/rl_deploy/install/robot_msgs/include/robot_msgs/robot_msgs/msg/detail/robot_state__rosidl_typesupport_fastrtps_c.h\n'}
[2.235947] (robot_msgs) StdoutLine: {'line': b'-- Up-to-date: /data/rl_deploy/install/robot_msgs/include/robot_msgs/robot_msgs/msg/rosidl_typesupport_fastrtps_c__visibility_control.h\n'}
[2.236184] (robot_msgs) StdoutLine: {'line': b'-- Up-to-date: /data/rl_deploy/install/robot_msgs/lib/librobot_msgs__rosidl_typesupport_fastrtps_c.so\n'}
[2.236374] (robot_msgs) StdoutLine: {'line': b'-- Up-to-date: /data/rl_deploy/install/robot_msgs/include/robot_msgs/robot_msgs\n'}
[2.236518] (robot_msgs) StdoutLine: {'line': b'-- Up-to-date: /data/rl_deploy/install/robot_msgs/include/robot_msgs/robot_msgs/msg\n'}
[2.236632] (robot_msgs) StdoutLine: {'line': b'-- Up-to-date: /data/rl_deploy/install/robot_msgs/include/robot_msgs/robot_msgs/msg/robot_state.hpp\n'}
[2.236744] (robot_msgs) StdoutLine: {'line': b'-- Up-to-date: /data/rl_deploy/install/robot_msgs/include/robot_msgs/robot_msgs/msg/detail\n'}
[2.237007] (robot_msgs) StdoutLine: {'line': b'-- Up-to-date: /data/rl_deploy/install/robot_msgs/include/robot_msgs/robot_msgs/msg/detail/robot_state__builder.hpp\n'}
[2.237173] (robot_msgs) StdoutLine: {'line': b'-- Up-to-date: /data/rl_deploy/install/robot_msgs/include/robot_msgs/robot_msgs/msg/detail/robot_state__struct.hpp\n'}
[2.237431] (robot_msgs) StdoutLine: {'line': b'-- Up-to-date: /data/rl_deploy/install/robot_msgs/include/robot_msgs/robot_msgs/msg/detail/robot_state__traits.hpp\n'}
[2.237557] (robot_msgs) StdoutLine: {'line': b'-- Up-to-date: /data/rl_deploy/install/robot_msgs/include/robot_msgs/robot_msgs/msg/detail/robot_state__type_support.hpp\n'}
[2.237828] (robot_msgs) StdoutLine: {'line': b'-- Up-to-date: /data/rl_deploy/install/robot_msgs/include/robot_msgs/robot_msgs/msg/rosidl_generator_cpp__visibility_control.hpp\n'}
[2.238004] (robot_msgs) StdoutLine: {'line': b'-- Up-to-date: /data/rl_deploy/install/robot_msgs/include/robot_msgs/robot_msgs\n'}
[2.238145] (robot_msgs) StdoutLine: {'line': b'-- Up-to-date: /data/rl_deploy/install/robot_msgs/include/robot_msgs/robot_msgs/msg\n'}
[2.238263] (robot_msgs) StdoutLine: {'line': b'-- Up-to-date: /data/rl_deploy/install/robot_msgs/include/robot_msgs/robot_msgs/msg/rosidl_typesupport_fastrtps_cpp__visibility_control.h\n'}
[2.238371] (robot_msgs) StdoutLine: {'line': b'-- Up-to-date: /data/rl_deploy/install/robot_msgs/include/robot_msgs/robot_msgs/msg/detail\n'}
[2.238513] (robot_msgs) StdoutLine: {'line': b'-- Up-to-date: /data/rl_deploy/install/robot_msgs/include/robot_msgs/robot_msgs/msg/detail/dds_fastrtps\n'}
[2.238936] (robot_msgs) StdoutLine: {'line': b'-- Up-to-date: /data/rl_deploy/install/robot_msgs/include/robot_msgs/robot_msgs/msg/detail/robot_state__rosidl_typesupport_fastrtps_cpp.hpp\n'}
[2.239098] (robot_msgs) StdoutLine: {'line': b'-- Up-to-date: /data/rl_deploy/install/robot_msgs/lib/librobot_msgs__rosidl_typesupport_fastrtps_cpp.so\n'}
[2.239214] (robot_msgs) StdoutLine: {'line': b'-- Up-to-date: /data/rl_deploy/install/robot_msgs/include/robot_msgs/robot_msgs\n'}
[2.239325] (robot_msgs) StdoutLine: {'line': b'-- Up-to-date: /data/rl_deploy/install/robot_msgs/include/robot_msgs/robot_msgs/msg\n'}
[2.239432] (robot_msgs) StdoutLine: {'line': b'-- Up-to-date: /data/rl_deploy/install/robot_msgs/include/robot_msgs/robot_msgs/msg/detail\n'}
[2.239535] (robot_msgs) StdoutLine: {'line': b'-- Up-to-date: /data/rl_deploy/install/robot_msgs/include/robot_msgs/robot_msgs/msg/detail/robot_state__type_support.c\n'}
[2.239659] (robot_msgs) StdoutLine: {'line': b'-- Up-to-date: /data/rl_deploy/install/robot_msgs/include/robot_msgs/robot_msgs/msg/detail/robot_state__rosidl_typesupport_introspection_c.h\n'}
[2.239808] (robot_msgs) StdoutLine: {'line': b'-- Up-to-date: /data/rl_deploy/install/robot_msgs/include/robot_msgs/robot_msgs/msg/rosidl_typesupport_introspection_c__visibility_control.h\n'}
[2.239918] (robot_msgs) StdoutLine: {'line': b'-- Up-to-date: /data/rl_deploy/install/robot_msgs/lib/librobot_msgs__rosidl_typesupport_introspection_c.so\n'}
[2.240022] (robot_msgs) StdoutLine: {'line': b'-- Up-to-date: /data/rl_deploy/install/robot_msgs/lib/librobot_msgs__rosidl_typesupport_c.so\n'}
[2.240141] (robot_msgs) StdoutLine: {'line': b'-- Up-to-date: /data/rl_deploy/install/robot_msgs/include/robot_msgs/robot_msgs\n'}
[2.240247] (robot_msgs) StdoutLine: {'line': b'-- Up-to-date: /data/rl_deploy/install/robot_msgs/include/robot_msgs/robot_msgs/msg\n'}
[2.240351] (robot_msgs) StdoutLine: {'line': b'-- Up-to-date: /data/rl_deploy/install/robot_msgs/include/robot_msgs/robot_msgs/msg/detail\n'}
[2.240450] (robot_msgs) StdoutLine: {'line': b'-- Up-to-date: /data/rl_deploy/install/robot_msgs/include/robot_msgs/robot_msgs/msg/detail/robot_state__type_support.cpp\n'}
[2.240551] (robot_msgs) StdoutLine: {'line': b'-- Up-to-date: /data/rl_deploy/install/robot_msgs/include/robot_msgs/robot_msgs/msg/detail/robot_state__rosidl_typesupport_introspection_cpp.hpp\n'}
[2.240653] (robot_msgs) StdoutLine: {'line': b'-- Up-to-date: /data/rl_deploy/install/robot_msgs/lib/librobot_msgs__rosidl_typesupport_introspection_cpp.so\n'}
[2.240754] (robot_msgs) StdoutLine: {'line': b'-- Up-to-date: /data/rl_deploy/install/robot_msgs/lib/librobot_msgs__rosidl_typesupport_cpp.so\n'}
[2.240852] (robot_msgs) StdoutLine: {'line': b'-- Up-to-date: /data/rl_deploy/install/robot_msgs/share/robot_msgs/environment/pythonpath.sh\n'}
[2.240949] (robot_msgs) StdoutLine: {'line': b'-- Up-to-date: /data/rl_deploy/install/robot_msgs/share/robot_msgs/environment/pythonpath.dsv\n'}
[2.241047] (robot_msgs) StdoutLine: {'line': b'-- Up-to-date: /data/rl_deploy/install/robot_msgs/local/lib/python3.10/dist-packages/robot_msgs-0.0.0-py3.10.egg-info\n'}
[2.241152] (robot_msgs) StdoutLine: {'line': b'-- Installing: /data/rl_deploy/install/robot_msgs/local/lib/python3.10/dist-packages/robot_msgs-0.0.0-py3.10.egg-info/top_level.txt\n'}
[2.241254] (robot_msgs) StdoutLine: {'line': b'-- Installing: /data/rl_deploy/install/robot_msgs/local/lib/python3.10/dist-packages/robot_msgs-0.0.0-py3.10.egg-info/PKG-INFO\n'}
[2.241355] (robot_msgs) StdoutLine: {'line': b'-- Installing: /data/rl_deploy/install/robot_msgs/local/lib/python3.10/dist-packages/robot_msgs-0.0.0-py3.10.egg-info/SOURCES.txt\n'}
[2.241454] (robot_msgs) StdoutLine: {'line': b'-- Installing: /data/rl_deploy/install/robot_msgs/local/lib/python3.10/dist-packages/robot_msgs-0.0.0-py3.10.egg-info/dependency_links.txt\n'}
[2.241554] (robot_msgs) StdoutLine: {'line': b'-- Up-to-date: /data/rl_deploy/install/robot_msgs/local/lib/python3.10/dist-packages/robot_msgs\n'}
[2.241653] (robot_msgs) StdoutLine: {'line': b'-- Up-to-date: /data/rl_deploy/install/robot_msgs/local/lib/python3.10/dist-packages/robot_msgs/_robot_msgs_s.ep.rosidl_typesupport_introspection_c.c\n'}
[2.241756] (robot_msgs) StdoutLine: {'line': b'-- Up-to-date: /data/rl_deploy/install/robot_msgs/local/lib/python3.10/dist-packages/robot_msgs/_robot_msgs_s.ep.rosidl_typesupport_c.c\n'}
[2.241856] (robot_msgs) StdoutLine: {'line': b'-- Up-to-date: /data/rl_deploy/install/robot_msgs/local/lib/python3.10/dist-packages/robot_msgs/robot_msgs_s__rosidl_typesupport_introspection_c.cpython-310-aarch64-linux-gnu.so\n'}
[2.241962] (robot_msgs) StdoutLine: {'line': b'-- Up-to-date: /data/rl_deploy/install/robot_msgs/local/lib/python3.10/dist-packages/robot_msgs/robot_msgs_s__rosidl_typesupport_fastrtps_c.cpython-310-aarch64-linux-gnu.so\n'}
[2.242085] (robot_msgs) StdoutLine: {'line': b'-- Up-to-date: /data/rl_deploy/install/robot_msgs/local/lib/python3.10/dist-packages/robot_msgs/__init__.py\n'}
[2.242186] (robot_msgs) StdoutLine: {'line': b'-- Up-to-date: /data/rl_deploy/install/robot_msgs/local/lib/python3.10/dist-packages/robot_msgs/_robot_msgs_s.ep.rosidl_typesupport_fastrtps_c.c\n'}
[2.242314] (robot_msgs) StdoutLine: {'line': b'-- Up-to-date: /data/rl_deploy/install/robot_msgs/local/lib/python3.10/dist-packages/robot_msgs/librobot_msgs__rosidl_generator_py.so\n'}
[2.242413] (robot_msgs) StdoutLine: {'line': b'-- Up-to-date: /data/rl_deploy/install/robot_msgs/local/lib/python3.10/dist-packages/robot_msgs/robot_msgs_s__rosidl_typesupport_c.cpython-310-aarch64-linux-gnu.so\n'}
[2.242512] (robot_msgs) StdoutLine: {'line': b'-- Up-to-date: /data/rl_deploy/install/robot_msgs/local/lib/python3.10/dist-packages/robot_msgs/msg\n'}
[2.242612] (robot_msgs) StdoutLine: {'line': b'-- Up-to-date: /data/rl_deploy/install/robot_msgs/local/lib/python3.10/dist-packages/robot_msgs/msg/_robot_state_s.c\n'}
[2.242713] (robot_msgs) StdoutLine: {'line': b'-- Up-to-date: /data/rl_deploy/install/robot_msgs/local/lib/python3.10/dist-packages/robot_msgs/msg/_robot_state.py\n'}
[2.242812] (robot_msgs) StdoutLine: {'line': b'-- Up-to-date: /data/rl_deploy/install/robot_msgs/local/lib/python3.10/dist-packages/robot_msgs/msg/__init__.py\n'}
[2.256753] (node_app_msgs) StdoutLine: {'line': b"Listing '/data/rl_deploy/install/node_app_msgs/local/lib/python3.10/dist-packages/node_app_msgs'...\n"}
[2.257130] (node_app_msgs) StdoutLine: {'line': b"Listing '/data/rl_deploy/install/node_app_msgs/local/lib/python3.10/dist-packages/node_app_msgs/msg'...\n"}
[2.268314] (node_app_msgs) StdoutLine: {'line': b'-- Up-to-date: /data/rl_deploy/install/node_app_msgs/local/lib/python3.10/dist-packages/node_app_msgs/node_app_msgs_s__rosidl_typesupport_fastrtps_c.cpython-310-aarch64-linux-gnu.so\n'}
[2.268834] (node_app_msgs) StdoutLine: {'line': b'-- Up-to-date: /data/rl_deploy/install/node_app_msgs/local/lib/python3.10/dist-packages/node_app_msgs/node_app_msgs_s__rosidl_typesupport_introspection_c.cpython-310-aarch64-linux-gnu.so\n'}
[2.269150] (node_app_msgs) StdoutLine: {'line': b'-- Up-to-date: /data/rl_deploy/install/node_app_msgs/local/lib/python3.10/dist-packages/node_app_msgs/node_app_msgs_s__rosidl_typesupport_c.cpython-310-aarch64-linux-gnu.so\n'}
[2.269722] (node_app_msgs) StdoutLine: {'line': b'-- Up-to-date: /data/rl_deploy/install/node_app_msgs/lib/libnode_app_msgs__rosidl_generator_py.so\n'}
[2.269999] (node_app_msgs) StdoutLine: {'line': b'-- Up-to-date: /data/rl_deploy/install/node_app_msgs/share/ament_index/resource_index/rust_packages/node_app_msgs\n'}
[2.270306] (node_app_msgs) StdoutLine: {'line': b'-- Up-to-date: /data/rl_deploy/install/node_app_msgs/share/node_app_msgs/rust\n'}
[2.270553] (node_app_msgs) StdoutLine: {'line': b'-- Up-to-date: /data/rl_deploy/install/node_app_msgs/share/node_app_msgs/rust/Cargo.toml\n'}
[2.270671] (node_app_msgs) StdoutLine: {'line': b'-- Up-to-date: /data/rl_deploy/install/node_app_msgs/share/node_app_msgs/rust/src\n'}
[2.270925] (node_app_msgs) StdoutLine: {'line': b'-- Up-to-date: /data/rl_deploy/install/node_app_msgs/share/node_app_msgs/rust/src/lib.rs\n'}
[2.271192] (node_app_msgs) StdoutLine: {'line': b'-- Up-to-date: /data/rl_deploy/install/node_app_msgs/share/node_app_msgs/rust/src/msg.rs\n'}
[2.271363] (node_app_msgs) StdoutLine: {'line': b'-- Up-to-date: /data/rl_deploy/install/node_app_msgs/share/node_app_msgs/rust/src/msg\n'}
[2.271581] (node_app_msgs) StdoutLine: {'line': b'-- Up-to-date: /data/rl_deploy/install/node_app_msgs/share/node_app_msgs/rust/src/msg/rmw.rs\n'}
[2.271763] (node_app_msgs) StdoutLine: {'line': b'-- Up-to-date: /data/rl_deploy/install/node_app_msgs/share/node_app_msgs/rust/build.rs\n'}
[2.271951] (node_app_msgs) StdoutLine: {'line': b'-- Up-to-date: /data/rl_deploy/install/node_app_msgs/share/node_app_msgs/msg/IotCmdMsg.idl\n'}
[2.272139] (node_app_msgs) StdoutLine: {'line': b'-- Up-to-date: /data/rl_deploy/install/node_app_msgs/share/node_app_msgs/msg/LrsCmdAction.idl\n'}
[2.272341] (node_app_msgs) StdoutLine: {'line': b'-- Up-to-date: /data/rl_deploy/install/node_app_msgs/share/node_app_msgs/msg/LrsCmdActionFeedback.idl\n'}
[2.272452] (node_app_msgs) StdoutLine: {'line': b'-- Up-to-date: /data/rl_deploy/install/node_app_msgs/share/node_app_msgs/msg/LrsCmdState.idl\n'}
[2.272560] (node_app_msgs) StdoutLine: {'line': b'-- Up-to-date: /data/rl_deploy/install/node_app_msgs/share/node_app_msgs/msg/LrsCmdStateFeedback.idl\n'}
[2.272666] (node_app_msgs) StdoutLine: {'line': b'-- Up-to-date: /data/rl_deploy/install/node_app_msgs/share/node_app_msgs/msg/LrsState.idl\n'}
[2.272770] (node_app_msgs) StdoutLine: {'line': b'-- Up-to-date: /data/rl_deploy/install/node_app_msgs/share/node_app_msgs/msg/IotCmdMsg.msg\n'}
[2.272935] (node_app_msgs) StdoutLine: {'line': b'-- Up-to-date: /data/rl_deploy/install/node_app_msgs/share/node_app_msgs/msg/LrsCmdAction.msg\n'}
[2.273119] (node_app_msgs) StdoutLine: {'line': b'-- Up-to-date: /data/rl_deploy/install/node_app_msgs/share/node_app_msgs/msg/LrsCmdActionFeedback.msg\n'}
[2.273227] (node_app_msgs) StdoutLine: {'line': b'-- Up-to-date: /data/rl_deploy/install/node_app_msgs/share/node_app_msgs/msg/LrsCmdState.msg\n'}
[2.273408] (node_app_msgs) StdoutLine: {'line': b'-- Up-to-date: /data/rl_deploy/install/node_app_msgs/share/node_app_msgs/msg/LrsCmdStateFeedback.msg\n'}
[2.273546] (node_app_msgs) StdoutLine: {'line': b'-- Up-to-date: /data/rl_deploy/install/node_app_msgs/share/node_app_msgs/msg/LrsState.msg\n'}
[2.273705] (node_app_msgs) StdoutLine: {'line': b'-- Up-to-date: /data/rl_deploy/install/node_app_msgs/share/ament_index/resource_index/package_run_dependencies/node_app_msgs\n'}
[2.273856] (node_app_msgs) StdoutLine: {'line': b'-- Up-to-date: /data/rl_deploy/install/node_app_msgs/share/ament_index/resource_index/parent_prefix_path/node_app_msgs\n'}
[2.274056] (node_app_msgs) StdoutLine: {'line': b'-- Up-to-date: /data/rl_deploy/install/node_app_msgs/share/node_app_msgs/environment/ament_prefix_path.sh\n'}
[2.274192] (node_app_msgs) StdoutLine: {'line': b'-- Up-to-date: /data/rl_deploy/install/node_app_msgs/share/node_app_msgs/environment/ament_prefix_path.dsv\n'}
[2.274346] (node_app_msgs) StdoutLine: {'line': b'-- Up-to-date: /data/rl_deploy/install/node_app_msgs/share/node_app_msgs/environment/path.sh\n'}
[2.274502] (node_app_msgs) StdoutLine: {'line': b'-- Up-to-date: /data/rl_deploy/install/node_app_msgs/share/node_app_msgs/environment/path.dsv\n'}
[2.274611] (node_app_msgs) StdoutLine: {'line': b'-- Up-to-date: /data/rl_deploy/install/node_app_msgs/share/node_app_msgs/local_setup.bash\n'}
[2.274760] (node_app_msgs) StdoutLine: {'line': b'-- Up-to-date: /data/rl_deploy/install/node_app_msgs/share/node_app_msgs/local_setup.sh\n'}
[2.274935] (node_app_msgs) StdoutLine: {'line': b'-- Up-to-date: /data/rl_deploy/install/node_app_msgs/share/node_app_msgs/local_setup.zsh\n'}
[2.275097] (node_app_msgs) StdoutLine: {'line': b'-- Up-to-date: /data/rl_deploy/install/node_app_msgs/share/node_app_msgs/local_setup.dsv\n'}
[2.275237] (node_app_msgs) StdoutLine: {'line': b'-- Installing: /data/rl_deploy/install/node_app_msgs/share/node_app_msgs/package.dsv\n'}
[2.275438] (node_app_msgs) StdoutLine: {'line': b'-- Up-to-date: /data/rl_deploy/install/node_app_msgs/share/ament_index/resource_index/packages/node_app_msgs\n'}
[2.275573] (node_app_msgs) StdoutLine: {'line': b'-- Up-to-date: /data/rl_deploy/install/node_app_msgs/share/node_app_msgs/cmake/export_node_app_msgs__rosidl_generator_cExport.cmake\n'}
[2.275777] (node_app_msgs) StdoutLine: {'line': b'-- Up-to-date: /data/rl_deploy/install/node_app_msgs/share/node_app_msgs/cmake/export_node_app_msgs__rosidl_generator_cExport-noconfig.cmake\n'}
[2.275981] (node_app_msgs) StdoutLine: {'line': b'-- Up-to-date: /data/rl_deploy/install/node_app_msgs/share/node_app_msgs/cmake/export_node_app_msgs__rosidl_typesupport_fastrtps_cExport.cmake\n'}
[2.276094] (node_app_msgs) StdoutLine: {'line': b'-- Up-to-date: /data/rl_deploy/install/node_app_msgs/share/node_app_msgs/cmake/export_node_app_msgs__rosidl_typesupport_fastrtps_cExport-noconfig.cmake\n'}
[2.276225] (node_app_msgs) StdoutLine: {'line': b'-- Up-to-date: /data/rl_deploy/install/node_app_msgs/share/node_app_msgs/cmake/node_app_msgs__rosidl_typesupport_introspection_cExport.cmake\n'}
[2.276333] (node_app_msgs) StdoutLine: {'line': b'-- Up-to-date: /data/rl_deploy/install/node_app_msgs/share/node_app_msgs/cmake/node_app_msgs__rosidl_typesupport_introspection_cExport-noconfig.cmake\n'}
[2.276438] (node_app_msgs) StdoutLine: {'line': b'-- Up-to-date: /data/rl_deploy/install/node_app_msgs/share/node_app_msgs/cmake/node_app_msgs__rosidl_typesupport_cExport.cmake\n'}
[2.276543] (node_app_msgs) StdoutLine: {'line': b'-- Up-to-date: /data/rl_deploy/install/node_app_msgs/share/node_app_msgs/cmake/node_app_msgs__rosidl_typesupport_cExport-noconfig.cmake\n'}
[2.276647] (node_app_msgs) StdoutLine: {'line': b'-- Up-to-date: /data/rl_deploy/install/node_app_msgs/share/node_app_msgs/cmake/export_node_app_msgs__rosidl_generator_cppExport.cmake\n'}
[2.276752] (node_app_msgs) StdoutLine: {'line': b'-- Up-to-date: /data/rl_deploy/install/node_app_msgs/share/node_app_msgs/cmake/export_node_app_msgs__rosidl_typesupport_fastrtps_cppExport.cmake\n'}
[2.276855] (node_app_msgs) StdoutLine: {'line': b'-- Up-to-date: /data/rl_deploy/install/node_app_msgs/share/node_app_msgs/cmake/export_node_app_msgs__rosidl_typesupport_fastrtps_cppExport-noconfig.cmake\n'}
[2.276961] (node_app_msgs) StdoutLine: {'line': b'-- Up-to-date: /data/rl_deploy/install/node_app_msgs/share/node_app_msgs/cmake/node_app_msgs__rosidl_typesupport_introspection_cppExport.cmake\n'}
[2.277066] (node_app_msgs) StdoutLine: {'line': b'-- Up-to-date: /data/rl_deploy/install/node_app_msgs/share/node_app_msgs/cmake/node_app_msgs__rosidl_typesupport_introspection_cppExport-noconfig.cmake\n'}
[2.277169] (node_app_msgs) StdoutLine: {'line': b'-- Up-to-date: /data/rl_deploy/install/node_app_msgs/share/node_app_msgs/cmake/node_app_msgs__rosidl_typesupport_cppExport.cmake\n'}
[2.277273] (node_app_msgs) StdoutLine: {'line': b'-- Up-to-date: /data/rl_deploy/install/node_app_msgs/share/node_app_msgs/cmake/node_app_msgs__rosidl_typesupport_cppExport-noconfig.cmake\n'}
[2.277376] (node_app_msgs) StdoutLine: {'line': b'-- Up-to-date: /data/rl_deploy/install/node_app_msgs/share/node_app_msgs/cmake/export_node_app_msgs__rosidl_generator_pyExport.cmake\n'}
[2.277476] (node_app_msgs) StdoutLine: {'line': b'-- Up-to-date: /data/rl_deploy/install/node_app_msgs/share/node_app_msgs/cmake/export_node_app_msgs__rosidl_generator_pyExport-noconfig.cmake\n'}
[2.277576] (node_app_msgs) StdoutLine: {'line': b'-- Up-to-date: /data/rl_deploy/install/node_app_msgs/share/node_app_msgs/cmake/rosidl_cmake-extras.cmake\n'}
[2.277686] (node_app_msgs) StdoutLine: {'line': b'-- Up-to-date: /data/rl_deploy/install/node_app_msgs/share/node_app_msgs/cmake/ament_cmake_export_dependencies-extras.cmake\n'}
[2.277788] (node_app_msgs) StdoutLine: {'line': b'-- Up-to-date: /data/rl_deploy/install/node_app_msgs/share/node_app_msgs/cmake/ament_cmake_export_include_directories-extras.cmake\n'}
[2.277889] (node_app_msgs) StdoutLine: {'line': b'-- Up-to-date: /data/rl_deploy/install/node_app_msgs/share/node_app_msgs/cmake/ament_cmake_export_libraries-extras.cmake\n'}
[2.277990] (node_app_msgs) StdoutLine: {'line': b'-- Up-to-date: /data/rl_deploy/install/node_app_msgs/share/node_app_msgs/cmake/ament_cmake_export_targets-extras.cmake\n'}
[2.278132] (node_app_msgs) StdoutLine: {'line': b'-- Up-to-date: /data/rl_deploy/install/node_app_msgs/share/node_app_msgs/cmake/rosidl_cmake_export_typesupport_targets-extras.cmake\n'}
[2.278237] (node_app_msgs) StdoutLine: {'line': b'-- Up-to-date: /data/rl_deploy/install/node_app_msgs/share/node_app_msgs/cmake/rosidl_cmake_export_typesupport_libraries-extras.cmake\n'}
[2.278339] (node_app_msgs) StdoutLine: {'line': b'-- Up-to-date: /data/rl_deploy/install/node_app_msgs/share/node_app_msgs/cmake/node_app_msgsConfig.cmake\n'}
[2.278444] (node_app_msgs) StdoutLine: {'line': b'-- Up-to-date: /data/rl_deploy/install/node_app_msgs/share/node_app_msgs/cmake/node_app_msgsConfig-version.cmake\n'}
[2.279618] (node_app_msgs) StdoutLine: {'line': b'-- Up-to-date: /data/rl_deploy/install/node_app_msgs/share/node_app_msgs/package.xml\n'}
[2.281230] (node_app_msgs) CommandEnded: {'returncode': 0}
[2.300764] (robot_msgs) StdoutLine: {'line': b"Listing '/data/rl_deploy/install/robot_msgs/local/lib/python3.10/dist-packages/robot_msgs'...\n"}
[2.301357] (robot_msgs) StdoutLine: {'line': b"Listing '/data/rl_deploy/install/robot_msgs/local/lib/python3.10/dist-packages/robot_msgs/msg'...\n"}
[2.305348] (-) TimerEvent: {}
[2.312427] (robot_msgs) StdoutLine: {'line': b'-- Up-to-date: /data/rl_deploy/install/robot_msgs/local/lib/python3.10/dist-packages/robot_msgs/robot_msgs_s__rosidl_typesupport_fastrtps_c.cpython-310-aarch64-linux-gnu.so\n'}
[2.314300] (robot_msgs) StdoutLine: {'line': b'-- Up-to-date: /data/rl_deploy/install/robot_msgs/local/lib/python3.10/dist-packages/robot_msgs/robot_msgs_s__rosidl_typesupport_introspection_c.cpython-310-aarch64-linux-gnu.so\n'}
[2.315457] (robot_msgs) StdoutLine: {'line': b'-- Up-to-date: /data/rl_deploy/install/robot_msgs/local/lib/python3.10/dist-packages/robot_msgs/robot_msgs_s__rosidl_typesupport_c.cpython-310-aarch64-linux-gnu.so\n'}
[2.316693] (robot_msgs) StdoutLine: {'line': b'-- Up-to-date: /data/rl_deploy/install/robot_msgs/lib/librobot_msgs__rosidl_generator_py.so\n'}
[2.317325] (robot_msgs) StdoutLine: {'line': b'-- Up-to-date: /data/rl_deploy/install/robot_msgs/share/ament_index/resource_index/rust_packages/robot_msgs\n'}
[2.317554] (robot_msgs) StdoutLine: {'line': b'-- Up-to-date: /data/rl_deploy/install/robot_msgs/share/robot_msgs/rust\n'}
[2.318120] (robot_msgs) StdoutLine: {'line': b'-- Up-to-date: /data/rl_deploy/install/robot_msgs/share/robot_msgs/rust/Cargo.toml\n'}
[2.319032] (robot_msgs) StdoutLine: {'line': b'-- Up-to-date: /data/rl_deploy/install/robot_msgs/share/robot_msgs/rust/src\n'}
[2.319276] (robot_msgs) StdoutLine: {'line': b'-- Up-to-date: /data/rl_deploy/install/robot_msgs/share/robot_msgs/rust/src/lib.rs\n'}
[2.319549] (robot_msgs) StdoutLine: {'line': b'-- Up-to-date: /data/rl_deploy/install/robot_msgs/share/robot_msgs/rust/src/msg.rs\n'}
[2.319730] (robot_msgs) StdoutLine: {'line': b'-- Up-to-date: /data/rl_deploy/install/robot_msgs/share/robot_msgs/rust/src/msg\n'}
[2.320251] (robot_msgs) StdoutLine: {'line': b'-- Up-to-date: /data/rl_deploy/install/robot_msgs/share/robot_msgs/rust/src/msg/rmw.rs\n'}
[2.320997] (robot_msgs) StdoutLine: {'line': b'-- Up-to-date: /data/rl_deploy/install/robot_msgs/share/robot_msgs/rust/build.rs\n'}
[2.321192] (robot_msgs) StdoutLine: {'line': b'-- Up-to-date: /data/rl_deploy/install/robot_msgs/share/robot_msgs/msg/RobotState.idl\n'}
[2.321696] (robot_msgs) StdoutLine: {'line': b'-- Up-to-date: /data/rl_deploy/install/robot_msgs/share/robot_msgs/msg/RobotState.msg\n'}
[2.322383] (robot_msgs) StdoutLine: {'line': b'-- Up-to-date: /data/rl_deploy/install/robot_msgs/share/ament_index/resource_index/package_run_dependencies/robot_msgs\n'}
[2.322588] (robot_msgs) StdoutLine: {'line': b'-- Up-to-date: /data/rl_deploy/install/robot_msgs/share/ament_index/resource_index/parent_prefix_path/robot_msgs\n'}
[2.322794] (robot_msgs) StdoutLine: {'line': b'-- Up-to-date: /data/rl_deploy/install/robot_msgs/share/robot_msgs/environment/ament_prefix_path.sh\n'}
[2.322931] (robot_msgs) StdoutLine: {'line': b'-- Up-to-date: /data/rl_deploy/install/robot_msgs/share/robot_msgs/environment/ament_prefix_path.dsv\n'}
[2.323049] (robot_msgs) StdoutLine: {'line': b'-- Up-to-date: /data/rl_deploy/install/robot_msgs/share/robot_msgs/environment/path.sh\n'}
[2.323259] (robot_msgs) StdoutLine: {'line': b'-- Up-to-date: /data/rl_deploy/install/robot_msgs/share/robot_msgs/environment/path.dsv\n'}
[2.323853] (robot_msgs) StdoutLine: {'line': b'-- Up-to-date: /data/rl_deploy/install/robot_msgs/share/robot_msgs/local_setup.bash\n'}
[2.324523] (robot_msgs) StdoutLine: {'line': b'-- Up-to-date: /data/rl_deploy/install/robot_msgs/share/robot_msgs/local_setup.sh\n'}
[2.324669] (robot_msgs) StdoutLine: {'line': b'-- Up-to-date: /data/rl_deploy/install/robot_msgs/share/robot_msgs/local_setup.zsh\n'}
[2.324866] (robot_msgs) StdoutLine: {'line': b'-- Up-to-date: /data/rl_deploy/install/robot_msgs/share/robot_msgs/local_setup.dsv\n'}
[2.325379] (robot_msgs) StdoutLine: {'line': b'-- Installing: /data/rl_deploy/install/robot_msgs/share/robot_msgs/package.dsv\n'}
[2.325899] (robot_msgs) StdoutLine: {'line': b'-- Up-to-date: /data/rl_deploy/install/robot_msgs/share/ament_index/resource_index/packages/robot_msgs\n'}
[2.326202] (robot_msgs) StdoutLine: {'line': b'-- Up-to-date: /data/rl_deploy/install/robot_msgs/share/robot_msgs/cmake/export_robot_msgs__rosidl_generator_cExport.cmake\n'}
[2.326964] (robot_msgs) StdoutLine: {'line': b'-- Up-to-date: /data/rl_deploy/install/robot_msgs/share/robot_msgs/cmake/export_robot_msgs__rosidl_generator_cExport-noconfig.cmake\n'}
[2.327928] (robot_msgs) StdoutLine: {'line': b'-- Up-to-date: /data/rl_deploy/install/robot_msgs/share/robot_msgs/cmake/export_robot_msgs__rosidl_typesupport_fastrtps_cExport.cmake\n'}
[2.328929] (robot_msgs) StdoutLine: {'line': b'-- Up-to-date: /data/rl_deploy/install/robot_msgs/share/robot_msgs/cmake/export_robot_msgs__rosidl_typesupport_fastrtps_cExport-noconfig.cmake\n'}
[2.329191] (robot_msgs) StdoutLine: {'line': b'-- Up-to-date: /data/rl_deploy/install/robot_msgs/share/robot_msgs/cmake/export_robot_msgs__rosidl_generator_cppExport.cmake\n'}
[2.329373] (robot_msgs) StdoutLine: {'line': b'-- Up-to-date: /data/rl_deploy/install/robot_msgs/share/robot_msgs/cmake/export_robot_msgs__rosidl_typesupport_fastrtps_cppExport.cmake\n'}
[2.329590] (robot_msgs) StdoutLine: {'line': b'-- Up-to-date: /data/rl_deploy/install/robot_msgs/share/robot_msgs/cmake/export_robot_msgs__rosidl_typesupport_fastrtps_cppExport-noconfig.cmake\n'}
[2.329758] (robot_msgs) StdoutLine: {'line': b'-- Up-to-date: /data/rl_deploy/install/robot_msgs/share/robot_msgs/cmake/robot_msgs__rosidl_typesupport_introspection_cExport.cmake\n'}
[2.329977] (robot_msgs) StdoutLine: {'line': b'-- Up-to-date: /data/rl_deploy/install/robot_msgs/share/robot_msgs/cmake/robot_msgs__rosidl_typesupport_introspection_cExport-noconfig.cmake\n'}
[2.330221] (robot_msgs) StdoutLine: {'line': b'-- Up-to-date: /data/rl_deploy/install/robot_msgs/share/robot_msgs/cmake/robot_msgs__rosidl_typesupport_cExport.cmake\n'}
[2.330592] (robot_msgs) StdoutLine: {'line': b'-- Up-to-date: /data/rl_deploy/install/robot_msgs/share/robot_msgs/cmake/robot_msgs__rosidl_typesupport_cExport-noconfig.cmake\n'}
[2.330980] (robot_msgs) StdoutLine: {'line': b'-- Up-to-date: /data/rl_deploy/install/robot_msgs/share/robot_msgs/cmake/robot_msgs__rosidl_typesupport_introspection_cppExport.cmake\n'}
[2.331204] (robot_msgs) StdoutLine: {'line': b'-- Up-to-date: /data/rl_deploy/install/robot_msgs/share/robot_msgs/cmake/robot_msgs__rosidl_typesupport_introspection_cppExport-noconfig.cmake\n'}
[2.331416] (robot_msgs) StdoutLine: {'line': b'-- Up-to-date: /data/rl_deploy/install/robot_msgs/share/robot_msgs/cmake/robot_msgs__rosidl_typesupport_cppExport.cmake\n'}
[2.331622] (robot_msgs) StdoutLine: {'line': b'-- Up-to-date: /data/rl_deploy/install/robot_msgs/share/robot_msgs/cmake/robot_msgs__rosidl_typesupport_cppExport-noconfig.cmake\n'}
[2.331886] (robot_msgs) StdoutLine: {'line': b'-- Up-to-date: /data/rl_deploy/install/robot_msgs/share/robot_msgs/cmake/export_robot_msgs__rosidl_generator_pyExport.cmake\n'}
[2.332240] (robot_msgs) StdoutLine: {'line': b'-- Up-to-date: /data/rl_deploy/install/robot_msgs/share/robot_msgs/cmake/export_robot_msgs__rosidl_generator_pyExport-noconfig.cmake\n'}
[2.332446] (robot_msgs) StdoutLine: {'line': b'-- Up-to-date: /data/rl_deploy/install/robot_msgs/share/robot_msgs/cmake/rosidl_cmake-extras.cmake\n'}
[2.332674] (robot_msgs) StdoutLine: {'line': b'-- Up-to-date: /data/rl_deploy/install/robot_msgs/share/robot_msgs/cmake/ament_cmake_export_dependencies-extras.cmake\n'}
[2.332931] (robot_msgs) StdoutLine: {'line': b'-- Up-to-date: /data/rl_deploy/install/robot_msgs/share/robot_msgs/cmake/ament_cmake_export_include_directories-extras.cmake\n'}
[2.333109] (robot_msgs) StdoutLine: {'line': b'-- Up-to-date: /data/rl_deploy/install/robot_msgs/share/robot_msgs/cmake/ament_cmake_export_libraries-extras.cmake\n'}
[2.333322] (robot_msgs) StdoutLine: {'line': b'-- Up-to-date: /data/rl_deploy/install/robot_msgs/share/robot_msgs/cmake/ament_cmake_export_targets-extras.cmake\n'}
[2.333454] (robot_msgs) StdoutLine: {'line': b'-- Up-to-date: /data/rl_deploy/install/robot_msgs/share/robot_msgs/cmake/rosidl_cmake_export_typesupport_targets-extras.cmake\n'}
[2.333646] (robot_msgs) StdoutLine: {'line': b'-- Up-to-date: /data/rl_deploy/install/robot_msgs/share/robot_msgs/cmake/rosidl_cmake_export_typesupport_libraries-extras.cmake\n'}
[2.333775] (robot_msgs) StdoutLine: {'line': b'-- Up-to-date: /data/rl_deploy/install/robot_msgs/share/robot_msgs/cmake/robot_msgsConfig.cmake\n'}
[2.333965] (robot_msgs) StdoutLine: {'line': b'-- Up-to-date: /data/rl_deploy/install/robot_msgs/share/robot_msgs/cmake/robot_msgsConfig-version.cmake\n'}
[2.334168] (robot_msgs) StdoutLine: {'line': b'-- Up-to-date: /data/rl_deploy/install/robot_msgs/share/robot_msgs/package.xml\n'}
[2.334371] (node_app_msgs) JobEnded: {'identifier': 'node_app_msgs', 'rc': 0}
[2.335364] (robot_msgs) CommandEnded: {'returncode': 0}
[2.365779] (robot_msgs) JobEnded: {'identifier': 'robot_msgs', 'rc': 0}
[2.368414] (robot_rl_controller) JobStarted: {'identifier': 'robot_rl_controller'}
[2.375298] (robot_state) JobStarted: {'identifier': 'robot_state'}
[2.391021] (robot_state) JobProgress: {'identifier': 'robot_state', 'progress': 'cmake'}
[2.392277] (robot_state) JobProgress: {'identifier': 'robot_state', 'progress': 'build'}
[2.393185] (robot_state) Command: {'cmd': ['/usr/local/bin/cmake', '--build', '/data/rl_deploy/build/robot_state', '--', '-j8', '-l8'], 'cwd': '/data/rl_deploy/build/robot_state', 'env': OrderedDict([('LESSOPEN', '| /usr/bin/lesspipe %s'), ('USER', 'root'), ('SSH_CLIENT', '192.168.8.113 50272 22'), ('LC_TIME', 'zh_CN.UTF-8'), ('XDG_SESSION_TYPE', 'tty'), ('GIT_ASKPASS', '/root/.vscode-server/cli/servers/Stable-61b3d0ab13be7dda2389f1d3e60a119c7f660cc3/server/extensions/git/dist/askpass.sh'), ('SHLVL', '2'), ('LD_LIBRARY_PATH', '/data/rl_deploy/install/robot_msgs/lib:/data/rl_deploy/install/node_control_msgs/lib:/opt/ros/humble/lib/aarch64-linux-gnu:/opt/ros/humble/lib:/app/lib:/app/lib:/usr/local/cuda-12/lib64:/usr/local/cuda-12/lib64:/usr/local/cuda-12/lib64'), ('BROWSER', '/root/.vscode-server/cli/servers/Stable-61b3d0ab13be7dda2389f1d3e60a119c7f660cc3/server/bin/helpers/browser.sh'), ('LYOS_LOCALHOST_ONLY', '1'), ('MOTD_SHOWN', 'pam'), ('HOME', '/root'), ('OLDPWD', '/root/.vscode-server'), ('TERM_PROGRAM_VERSION', '1.110.1'), ('VSCODE_IPC_HOOK_CLI', '/run/user/0/vscode-ipc-2d12e5c4-ef4a-4996-a4ea-3ebfab8c4620.sock'), ('JETSON_L4T', '36.4.4'), ('ROS_PYTHON_VERSION', '3'), ('JETSON_MODEL', 'NVIDIA Jetson Orin NX Engineering Reference Developer Kit Super'), ('VSCODE_GIT_ASKPASS_MAIN', '/root/.vscode-server/cli/servers/Stable-61b3d0ab13be7dda2389f1d3e60a119c7f660cc3/server/extensions/git/dist/askpass-main.js'), ('LC_MONETARY', 'zh_CN.UTF-8'), ('VSCODE_GIT_ASKPASS_NODE', '/root/.vscode-server/cli/servers/Stable-61b3d0ab13be7dda2389f1d3e60a119c7f660cc3/server/node'), ('VSCODE_PYTHON_AUTOACTIVATE_GUARD', '1'), ('DBUS_SESSION_BUS_ADDRESS', 'unix:path=/run/user/0/bus'), ('COLORTERM', 'truecolor'), ('LYOS_DOMAIN_ID', '18:45:b3:02:00:08'), ('DEBUGINFOD_URLS', ''), ('ROS_DISTRO', 'humble'), ('LOGNAME', 'root'), ('JETSON_MODULE', 'NVIDIA Jetson Orin NX (16GB ram)'), ('JETSON_SERIAL_NUMBER', 'DummySN'), ('_', '/usr/bin/colcon'), ('ROS_VERSION', '2'), ('XDG_SESSION_CLASS', 'user'), ('TERM', 'xterm-256color'), ('XDG_SESSION_ID', '5'), ('ROS_LOCALHOST_ONLY', '1'), ('PATH', '/root/.vscode-server/cli/servers/Stable-61b3d0ab13be7dda2389f1d3e60a119c7f660cc3/server/bin/remote-cli:/opt/ros/humble/bin:/usr/local/sbin:/usr/local/bin:/usr/sbin:/usr/bin:/sbin:/bin:/usr/games:/usr/local/games:/snap/bin:/app/bin:/app/bin:/usr/local/cuda-12/bin:/usr/local/cuda-12/bin:/usr/local/cuda-12/bin'), ('LC_ADDRESS', 'zh_CN.UTF-8'), ('XDG_RUNTIME_DIR', '/run/user/0'), ('LANG', 'en_US.UTF-8'), ('LC_TELEPHONE', 'zh_CN.UTF-8'), ('LS_COLORS', 'rs=0:di=01;34:ln=01;36:mh=00:pi=40;33:so=01;35:do=01;35:bd=40;33;01:cd=40;33;01:or=40;31;01:mi=00:su=37;41:sg=30;43:ca=30;41:tw=30;42:ow=34;42:st=37;44:ex=01;32:*.tar=01;31:*.tgz=01;31:*.arc=01;31:*.arj=01;31:*.taz=01;31:*.lha=01;31:*.lz4=01;31:*.lzh=01;31:*.lzma=01;31:*.tlz=01;31:*.txz=01;31:*.tzo=01;31:*.t7z=01;31:*.zip=01;31:*.z=01;31:*.dz=01;31:*.gz=01;31:*.lrz=01;31:*.lz=01;31:*.lzo=01;31:*.xz=01;31:*.zst=01;31:*.tzst=01;31:*.bz2=01;31:*.bz=01;31:*.tbz=01;31:*.tbz2=01;31:*.tz=01;31:*.deb=01;31:*.rpm=01;31:*.jar=01;31:*.war=01;31:*.ear=01;31:*.sar=01;31:*.rar=01;31:*.alz=01;31:*.ace=01;31:*.zoo=01;31:*.cpio=01;31:*.7z=01;31:*.rz=01;31:*.cab=01;31:*.wim=01;31:*.swm=01;31:*.dwm=01;31:*.esd=01;31:*.jpg=01;35:*.jpeg=01;35:*.mjpg=01;35:*.mjpeg=01;35:*.gif=01;35:*.bmp=01;35:*.pbm=01;35:*.pgm=01;35:*.ppm=01;35:*.tga=01;35:*.xbm=01;35:*.xpm=01;35:*.tif=01;35:*.tiff=01;35:*.png=01;35:*.svg=01;35:*.svgz=01;35:*.mng=01;35:*.pcx=01;35:*.mov=01;35:*.mpg=01;35:*.mpeg=01;35:*.m2v=01;35:*.mkv=01;35:*.webm=01;35:*.webp=01;35:*.ogm=01;35:*.mp4=01;35:*.m4v=01;35:*.mp4v=01;35:*.vob=01;35:*.qt=01;35:*.nuv=01;35:*.wmv=01;35:*.asf=01;35:*.rm=01;35:*.rmvb=01;35:*.flc=01;35:*.avi=01;35:*.fli=01;35:*.flv=01;35:*.gl=01;35:*.dl=01;35:*.xcf=01;35:*.xwd=01;35:*.yuv=01;35:*.cgm=01;35:*.emf=01;35:*.ogv=01;35:*.ogx=01;35:*.aac=00;36:*.au=00;36:*.flac=00;36:*.m4a=00;36:*.mid=00;36:*.midi=00;36:*.mka=00;36:*.mp3=00;36:*.mpc=00;36:*.ogg=00;36:*.ra=00;36:*.wav=00;36:*.oga=00;36:*.opus=00;36:*.spx=00;36:*.xspf=00;36:'), ('JETSON_SOC', 'tegra234'), ('VSCODE_GIT_IPC_HANDLE', '/run/user/0/vscode-git-994ffc2805.sock'), ('TERM_PROGRAM', 'vscode'), ('ROSDISTRO_INDEX_URL', 'https://mirrors.tuna.tsinghua.edu.cn/rosdistro/index_v4.yaml'), ('ROS_DOMAIN_ID', '193'), ('AMENT_PREFIX_PATH', '/data/rl_deploy/install/robot_msgs:/data/rl_deploy/install/node_control_msgs:/opt/ros/humble'), ('SHELL', '/bin/bash'), ('LC_NAME', 'zh_CN.UTF-8'), ('LESSCLOSE', '/usr/bin/lesspipe %s %s'), ('LC_MEASUREMENT', 'zh_CN.UTF-8'), ('LC_IDENTIFICATION', 'zh_CN.UTF-8'), ('VSCODE_GIT_ASKPASS_EXTRA_ARGS', ''), ('JETSON_CUDA_ARCH_BIN', '8.7'), ('PWD', '/data/rl_deploy/build/robot_state'), ('LC_ALL', 'en_US.UTF-8'), ('SSH_CONNECTION', '192.168.8.113 50272 192.168.8.111 22'), ('XDG_DATA_DIRS', '/usr/share/gnome:/usr/local/share:/usr/share:/var/lib/snapd/desktop'), ('PYTHONPATH', '/data/rl_deploy/install/robot_msgs/local/lib/python3.10/dist-packages:/data/rl_deploy/install/node_control_msgs/local/lib/python3.10/dist-packages:/opt/ros/humble/lib/python3.10/site-packages:/opt/ros/humble/local/lib/python3.10/dist-packages'), ('LC_NUMERIC', 'zh_CN.UTF-8'), ('LC_PAPER', 'zh_CN.UTF-8'), ('COLCON', '1'), ('JETSON_JETPACK', '6.2.1'), ('JETSON_P_NUMBER', 'p3767-0000'), ('CMAKE_PREFIX_PATH', '/data/rl_deploy/install/robot_msgs:/data/rl_deploy/install/node_control_msgs:/opt/ros/humble')]), 'shell': False}
[2.405484] (-) TimerEvent: {}
[2.505954] (-) TimerEvent: {}
[2.606541] (-) TimerEvent: {}
[2.707032] (-) TimerEvent: {}
[2.807517] (-) TimerEvent: {}
[2.908099] (-) TimerEvent: {}
[2.942414] (robot_state) StdoutLine: {'line': b'[100%] Built target robot_state_node\n'}
[2.944172] (robot_state) CommandEnded: {'returncode': 0}
[2.946217] (robot_state) JobProgress: {'identifier': 'robot_state', 'progress': 'install'}
[2.946897] (robot_state) Command: {'cmd': ['/usr/local/bin/cmake', '--install', '/data/rl_deploy/build/robot_state'], 'cwd': '/data/rl_deploy/build/robot_state', 'env': OrderedDict([('LESSOPEN', '| /usr/bin/lesspipe %s'), ('USER', 'root'), ('SSH_CLIENT', '192.168.8.113 50272 22'), ('LC_TIME', 'zh_CN.UTF-8'), ('XDG_SESSION_TYPE', 'tty'), ('GIT_ASKPASS', '/root/.vscode-server/cli/servers/Stable-61b3d0ab13be7dda2389f1d3e60a119c7f660cc3/server/extensions/git/dist/askpass.sh'), ('SHLVL', '2'), ('LD_LIBRARY_PATH', '/data/rl_deploy/install/robot_msgs/lib:/data/rl_deploy/install/node_control_msgs/lib:/opt/ros/humble/lib/aarch64-linux-gnu:/opt/ros/humble/lib:/app/lib:/app/lib:/usr/local/cuda-12/lib64:/usr/local/cuda-12/lib64:/usr/local/cuda-12/lib64'), ('BROWSER', '/root/.vscode-server/cli/servers/Stable-61b3d0ab13be7dda2389f1d3e60a119c7f660cc3/server/bin/helpers/browser.sh'), ('LYOS_LOCALHOST_ONLY', '1'), ('MOTD_SHOWN', 'pam'), ('HOME', '/root'), ('OLDPWD', '/root/.vscode-server'), ('TERM_PROGRAM_VERSION', '1.110.1'), ('VSCODE_IPC_HOOK_CLI', '/run/user/0/vscode-ipc-2d12e5c4-ef4a-4996-a4ea-3ebfab8c4620.sock'), ('JETSON_L4T', '36.4.4'), ('ROS_PYTHON_VERSION', '3'), ('JETSON_MODEL', 'NVIDIA Jetson Orin NX Engineering Reference Developer Kit Super'), ('VSCODE_GIT_ASKPASS_MAIN', '/root/.vscode-server/cli/servers/Stable-61b3d0ab13be7dda2389f1d3e60a119c7f660cc3/server/extensions/git/dist/askpass-main.js'), ('LC_MONETARY', 'zh_CN.UTF-8'), ('VSCODE_GIT_ASKPASS_NODE', '/root/.vscode-server/cli/servers/Stable-61b3d0ab13be7dda2389f1d3e60a119c7f660cc3/server/node'), ('VSCODE_PYTHON_AUTOACTIVATE_GUARD', '1'), ('DBUS_SESSION_BUS_ADDRESS', 'unix:path=/run/user/0/bus'), ('COLORTERM', 'truecolor'), ('LYOS_DOMAIN_ID', '18:45:b3:02:00:08'), ('DEBUGINFOD_URLS', ''), ('ROS_DISTRO', 'humble'), ('LOGNAME', 'root'), ('JETSON_MODULE', 'NVIDIA Jetson Orin NX (16GB ram)'), ('JETSON_SERIAL_NUMBER', 'DummySN'), ('_', '/usr/bin/colcon'), ('ROS_VERSION', '2'), ('XDG_SESSION_CLASS', 'user'), ('TERM', 'xterm-256color'), ('XDG_SESSION_ID', '5'), ('ROS_LOCALHOST_ONLY', '1'), ('PATH', '/root/.vscode-server/cli/servers/Stable-61b3d0ab13be7dda2389f1d3e60a119c7f660cc3/server/bin/remote-cli:/opt/ros/humble/bin:/usr/local/sbin:/usr/local/bin:/usr/sbin:/usr/bin:/sbin:/bin:/usr/games:/usr/local/games:/snap/bin:/app/bin:/app/bin:/usr/local/cuda-12/bin:/usr/local/cuda-12/bin:/usr/local/cuda-12/bin'), ('LC_ADDRESS', 'zh_CN.UTF-8'), ('XDG_RUNTIME_DIR', '/run/user/0'), ('LANG', 'en_US.UTF-8'), ('LC_TELEPHONE', 'zh_CN.UTF-8'), ('LS_COLORS', 'rs=0:di=01;34:ln=01;36:mh=00:pi=40;33:so=01;35:do=01;35:bd=40;33;01:cd=40;33;01:or=40;31;01:mi=00:su=37;41:sg=30;43:ca=30;41:tw=30;42:ow=34;42:st=37;44:ex=01;32:*.tar=01;31:*.tgz=01;31:*.arc=01;31:*.arj=01;31:*.taz=01;31:*.lha=01;31:*.lz4=01;31:*.lzh=01;31:*.lzma=01;31:*.tlz=01;31:*.txz=01;31:*.tzo=01;31:*.t7z=01;31:*.zip=01;31:*.z=01;31:*.dz=01;31:*.gz=01;31:*.lrz=01;31:*.lz=01;31:*.lzo=01;31:*.xz=01;31:*.zst=01;31:*.tzst=01;31:*.bz2=01;31:*.bz=01;31:*.tbz=01;31:*.tbz2=01;31:*.tz=01;31:*.deb=01;31:*.rpm=01;31:*.jar=01;31:*.war=01;31:*.ear=01;31:*.sar=01;31:*.rar=01;31:*.alz=01;31:*.ace=01;31:*.zoo=01;31:*.cpio=01;31:*.7z=01;31:*.rz=01;31:*.cab=01;31:*.wim=01;31:*.swm=01;31:*.dwm=01;31:*.esd=01;31:*.jpg=01;35:*.jpeg=01;35:*.mjpg=01;35:*.mjpeg=01;35:*.gif=01;35:*.bmp=01;35:*.pbm=01;35:*.pgm=01;35:*.ppm=01;35:*.tga=01;35:*.xbm=01;35:*.xpm=01;35:*.tif=01;35:*.tiff=01;35:*.png=01;35:*.svg=01;35:*.svgz=01;35:*.mng=01;35:*.pcx=01;35:*.mov=01;35:*.mpg=01;35:*.mpeg=01;35:*.m2v=01;35:*.mkv=01;35:*.webm=01;35:*.webp=01;35:*.ogm=01;35:*.mp4=01;35:*.m4v=01;35:*.mp4v=01;35:*.vob=01;35:*.qt=01;35:*.nuv=01;35:*.wmv=01;35:*.asf=01;35:*.rm=01;35:*.rmvb=01;35:*.flc=01;35:*.avi=01;35:*.fli=01;35:*.flv=01;35:*.gl=01;35:*.dl=01;35:*.xcf=01;35:*.xwd=01;35:*.yuv=01;35:*.cgm=01;35:*.emf=01;35:*.ogv=01;35:*.ogx=01;35:*.aac=00;36:*.au=00;36:*.flac=00;36:*.m4a=00;36:*.mid=00;36:*.midi=00;36:*.mka=00;36:*.mp3=00;36:*.mpc=00;36:*.ogg=00;36:*.ra=00;36:*.wav=00;36:*.oga=00;36:*.opus=00;36:*.spx=00;36:*.xspf=00;36:'), ('JETSON_SOC', 'tegra234'), ('VSCODE_GIT_IPC_HANDLE', '/run/user/0/vscode-git-994ffc2805.sock'), ('TERM_PROGRAM', 'vscode'), ('ROSDISTRO_INDEX_URL', 'https://mirrors.tuna.tsinghua.edu.cn/rosdistro/index_v4.yaml'), ('ROS_DOMAIN_ID', '193'), ('AMENT_PREFIX_PATH', '/data/rl_deploy/install/robot_msgs:/data/rl_deploy/install/node_control_msgs:/opt/ros/humble'), ('SHELL', '/bin/bash'), ('LC_NAME', 'zh_CN.UTF-8'), ('LESSCLOSE', '/usr/bin/lesspipe %s %s'), ('LC_MEASUREMENT', 'zh_CN.UTF-8'), ('LC_IDENTIFICATION', 'zh_CN.UTF-8'), ('VSCODE_GIT_ASKPASS_EXTRA_ARGS', ''), ('JETSON_CUDA_ARCH_BIN', '8.7'), ('PWD', '/data/rl_deploy/build/robot_state'), ('LC_ALL', 'en_US.UTF-8'), ('SSH_CONNECTION', '192.168.8.113 50272 192.168.8.111 22'), ('XDG_DATA_DIRS', '/usr/share/gnome:/usr/local/share:/usr/share:/var/lib/snapd/desktop'), ('PYTHONPATH', '/data/rl_deploy/install/robot_msgs/local/lib/python3.10/dist-packages:/data/rl_deploy/install/node_control_msgs/local/lib/python3.10/dist-packages:/opt/ros/humble/lib/python3.10/site-packages:/opt/ros/humble/local/lib/python3.10/dist-packages'), ('LC_NUMERIC', 'zh_CN.UTF-8'), ('LC_PAPER', 'zh_CN.UTF-8'), ('COLCON', '1'), ('JETSON_JETPACK', '6.2.1'), ('JETSON_P_NUMBER', 'p3767-0000'), ('CMAKE_PREFIX_PATH', '/data/rl_deploy/install/robot_msgs:/data/rl_deploy/install/node_control_msgs:/opt/ros/humble')]), 'shell': False}
[3.008223] (-) TimerEvent: {}
[3.086005] (robot_state) StdoutLine: {'line': b'-- Install configuration: ""\n'}
[3.086465] (robot_state) StdoutLine: {'line': b'-- Up-to-date: /data/rl_deploy/install/robot_state/lib/robot_state/robot_state_node\n'}
[3.086786] (robot_state) StdoutLine: {'line': b'-- Up-to-date: /data/rl_deploy/install/robot_state/share/ament_index/resource_index/package_run_dependencies/robot_state\n'}
[3.086960] (robot_state) StdoutLine: {'line': b'-- Up-to-date: /data/rl_deploy/install/robot_state/share/ament_index/resource_index/parent_prefix_path/robot_state\n'}
[3.087081] (robot_state) StdoutLine: {'line': b'-- Up-to-date: /data/rl_deploy/install/robot_state/share/robot_state/environment/ament_prefix_path.sh\n'}
[3.087678] (robot_state) StdoutLine: {'line': b'-- Up-to-date: /data/rl_deploy/install/robot_state/share/robot_state/environment/ament_prefix_path.dsv\n'}
[3.087871] (robot_state) StdoutLine: {'line': b'-- Up-to-date: /data/rl_deploy/install/robot_state/share/robot_state/environment/path.sh\n'}
[3.087993] (robot_state) StdoutLine: {'line': b'-- Up-to-date: /data/rl_deploy/install/robot_state/share/robot_state/environment/path.dsv\n'}
[3.088099] (robot_state) StdoutLine: {'line': b'-- Up-to-date: /data/rl_deploy/install/robot_state/share/robot_state/local_setup.bash\n'}
[3.088201] (robot_state) StdoutLine: {'line': b'-- Up-to-date: /data/rl_deploy/install/robot_state/share/robot_state/local_setup.sh\n'}
[3.088300] (robot_state) StdoutLine: {'line': b'-- Up-to-date: /data/rl_deploy/install/robot_state/share/robot_state/local_setup.zsh\n'}
[3.088399] (robot_state) StdoutLine: {'line': b'-- Up-to-date: /data/rl_deploy/install/robot_state/share/robot_state/local_setup.dsv\n'}
[3.088602] (robot_state) StdoutLine: {'line': b'-- Installing: /data/rl_deploy/install/robot_state/share/robot_state/package.dsv\n'}
[3.088831] (robot_state) StdoutLine: {'line': b'-- Up-to-date: /data/rl_deploy/install/robot_state/share/ament_index/resource_index/packages/robot_state\n'}
[3.088942] (robot_state) StdoutLine: {'line': b'-- Up-to-date: /data/rl_deploy/install/robot_state/share/robot_state/cmake/robot_stateConfig.cmake\n'}
[3.089046] (robot_state) StdoutLine: {'line': b'-- Up-to-date: /data/rl_deploy/install/robot_state/share/robot_state/cmake/robot_stateConfig-version.cmake\n'}
[3.089144] (robot_state) StdoutLine: {'line': b'-- Up-to-date: /data/rl_deploy/install/robot_state/share/robot_state/package.xml\n'}
[3.090906] (robot_state) CommandEnded: {'returncode': 0}
[3.108335] (-) TimerEvent: {}
[3.123217] (robot_state) JobEnded: {'identifier': 'robot_state', 'rc': 0}
[3.208477] (-) TimerEvent: {}
[3.309145] (-) TimerEvent: {}
[3.409630] (-) TimerEvent: {}
[3.510084] (-) TimerEvent: {}
[3.610632] (-) TimerEvent: {}
[3.669961] (robot_rl_controller) Command: {'cmd': ['/usr/bin/python3', '-W', 'ignore:setup.py install is deprecated', '-W', 'ignore:easy_install command is deprecated', 'setup.py', 'egg_info', '--egg-base', '../../build/robot_rl_controller', 'build', '--build-base', '/data/rl_deploy/build/robot_rl_controller/build', 'install', '--record', '/data/rl_deploy/build/robot_rl_controller/install.log', '--single-version-externally-managed', 'install_data'], 'cwd': '/data/rl_deploy/src/robot_rl_controller', 'env': {'LESSOPEN': '| /usr/bin/lesspipe %s', 'USER': 'root', 'SSH_CLIENT': '192.168.8.113 50272 22', 'LC_TIME': 'zh_CN.UTF-8', 'XDG_SESSION_TYPE': 'tty', 'GIT_ASKPASS': '/root/.vscode-server/cli/servers/Stable-61b3d0ab13be7dda2389f1d3e60a119c7f660cc3/server/extensions/git/dist/askpass.sh', 'SHLVL': '2', 'LD_LIBRARY_PATH': '/data/rl_deploy/install/robot_msgs/lib:/data/rl_deploy/install/node_app_msgs/lib:/data/rl_deploy/install/node_control_msgs/lib:/opt/ros/humble/lib/aarch64-linux-gnu:/opt/ros/humble/lib:/app/lib:/app/lib:/usr/local/cuda-12/lib64:/usr/local/cuda-12/lib64:/usr/local/cuda-12/lib64', 'BROWSER': '/root/.vscode-server/cli/servers/Stable-61b3d0ab13be7dda2389f1d3e60a119c7f660cc3/server/bin/helpers/browser.sh', 'LYOS_LOCALHOST_ONLY': '1', 'MOTD_SHOWN': 'pam', 'HOME': '/root', 'OLDPWD': '/root/.vscode-server', 'TERM_PROGRAM_VERSION': '1.110.1', 'VSCODE_IPC_HOOK_CLI': '/run/user/0/vscode-ipc-2d12e5c4-ef4a-4996-a4ea-3ebfab8c4620.sock', 'JETSON_L4T': '36.4.4', 'ROS_PYTHON_VERSION': '3', 'JETSON_MODEL': 'NVIDIA Jetson Orin NX Engineering Reference Developer Kit Super', 'VSCODE_GIT_ASKPASS_MAIN': '/root/.vscode-server/cli/servers/Stable-61b3d0ab13be7dda2389f1d3e60a119c7f660cc3/server/extensions/git/dist/askpass-main.js', 'LC_MONETARY': 'zh_CN.UTF-8', 'VSCODE_GIT_ASKPASS_NODE': '/root/.vscode-server/cli/servers/Stable-61b3d0ab13be7dda2389f1d3e60a119c7f660cc3/server/node', 'VSCODE_PYTHON_AUTOACTIVATE_GUARD': '1', 'DBUS_SESSION_BUS_ADDRESS': 'unix:path=/run/user/0/bus', 'COLORTERM': 'truecolor', 'LYOS_DOMAIN_ID': '18:45:b3:02:00:08', 'DEBUGINFOD_URLS': '', 'ROS_DISTRO': 'humble', 'LOGNAME': 'root', 'JETSON_MODULE': 'NVIDIA Jetson Orin NX (16GB ram)', 'JETSON_SERIAL_NUMBER': 'DummySN', '_': '/usr/bin/colcon', 'ROS_VERSION': '2', 'XDG_SESSION_CLASS': 'user', 'TERM': 'xterm-256color', 'XDG_SESSION_ID': '5', 'ROS_LOCALHOST_ONLY': '1', 'PATH': '/root/.vscode-server/cli/servers/Stable-61b3d0ab13be7dda2389f1d3e60a119c7f660cc3/server/bin/remote-cli:/opt/ros/humble/bin:/usr/local/sbin:/usr/local/bin:/usr/sbin:/usr/bin:/sbin:/bin:/usr/games:/usr/local/games:/snap/bin:/app/bin:/app/bin:/usr/local/cuda-12/bin:/usr/local/cuda-12/bin:/usr/local/cuda-12/bin', 'LC_ADDRESS': 'zh_CN.UTF-8', 'XDG_RUNTIME_DIR': '/run/user/0', 'LANG': 'en_US.UTF-8', 'LC_TELEPHONE': 'zh_CN.UTF-8', 'LS_COLORS': 'rs=0:di=01;34:ln=01;36:mh=00:pi=40;33:so=01;35:do=01;35:bd=40;33;01:cd=40;33;01:or=40;31;01:mi=00:su=37;41:sg=30;43:ca=30;41:tw=30;42:ow=34;42:st=37;44:ex=01;32:*.tar=01;31:*.tgz=01;31:*.arc=01;31:*.arj=01;31:*.taz=01;31:*.lha=01;31:*.lz4=01;31:*.lzh=01;31:*.lzma=01;31:*.tlz=01;31:*.txz=01;31:*.tzo=01;31:*.t7z=01;31:*.zip=01;31:*.z=01;31:*.dz=01;31:*.gz=01;31:*.lrz=01;31:*.lz=01;31:*.lzo=01;31:*.xz=01;31:*.zst=01;31:*.tzst=01;31:*.bz2=01;31:*.bz=01;31:*.tbz=01;31:*.tbz2=01;31:*.tz=01;31:*.deb=01;31:*.rpm=01;31:*.jar=01;31:*.war=01;31:*.ear=01;31:*.sar=01;31:*.rar=01;31:*.alz=01;31:*.ace=01;31:*.zoo=01;31:*.cpio=01;31:*.7z=01;31:*.rz=01;31:*.cab=01;31:*.wim=01;31:*.swm=01;31:*.dwm=01;31:*.esd=01;31:*.jpg=01;35:*.jpeg=01;35:*.mjpg=01;35:*.mjpeg=01;35:*.gif=01;35:*.bmp=01;35:*.pbm=01;35:*.pgm=01;35:*.ppm=01;35:*.tga=01;35:*.xbm=01;35:*.xpm=01;35:*.tif=01;35:*.tiff=01;35:*.png=01;35:*.svg=01;35:*.svgz=01;35:*.mng=01;35:*.pcx=01;35:*.mov=01;35:*.mpg=01;35:*.mpeg=01;35:*.m2v=01;35:*.mkv=01;35:*.webm=01;35:*.webp=01;35:*.ogm=01;35:*.mp4=01;35:*.m4v=01;35:*.mp4v=01;35:*.vob=01;35:*.qt=01;35:*.nuv=01;35:*.wmv=01;35:*.asf=01;35:*.rm=01;35:*.rmvb=01;35:*.flc=01;35:*.avi=01;35:*.fli=01;35:*.flv=01;35:*.gl=01;35:*.dl=01;35:*.xcf=01;35:*.xwd=01;35:*.yuv=01;35:*.cgm=01;35:*.emf=01;35:*.ogv=01;35:*.ogx=01;35:*.aac=00;36:*.au=00;36:*.flac=00;36:*.m4a=00;36:*.mid=00;36:*.midi=00;36:*.mka=00;36:*.mp3=00;36:*.mpc=00;36:*.ogg=00;36:*.ra=00;36:*.wav=00;36:*.oga=00;36:*.opus=00;36:*.spx=00;36:*.xspf=00;36:', 'JETSON_SOC': 'tegra234', 'VSCODE_GIT_IPC_HANDLE': '/run/user/0/vscode-git-994ffc2805.sock', 'TERM_PROGRAM': 'vscode', 'ROSDISTRO_INDEX_URL': 'https://mirrors.tuna.tsinghua.edu.cn/rosdistro/index_v4.yaml', 'ROS_DOMAIN_ID': '193', 'AMENT_PREFIX_PATH': '/data/rl_deploy/install/robot_msgs:/data/rl_deploy/install/node_app_msgs:/data/rl_deploy/install/node_control_msgs:/opt/ros/humble', 'SHELL': '/bin/bash', 'LC_NAME': 'zh_CN.UTF-8', 'LESSCLOSE': '/usr/bin/lesspipe %s %s', 'LC_MEASUREMENT': 'zh_CN.UTF-8', 'LC_IDENTIFICATION': 'zh_CN.UTF-8', 'VSCODE_GIT_ASKPASS_EXTRA_ARGS': '', 'JETSON_CUDA_ARCH_BIN': '8.7', 'PWD': '/data/rl_deploy/build/robot_rl_controller', 'LC_ALL': 'en_US.UTF-8', 'SSH_CONNECTION': '192.168.8.113 50272 192.168.8.111 22', 'XDG_DATA_DIRS': '/usr/share/gnome:/usr/local/share:/usr/share:/var/lib/snapd/desktop', 'PYTHONPATH': '/data/rl_deploy/build/robot_rl_controller/prefix_override:/usr/lib/python3/dist-packages/colcon_core/task/python/colcon_distutils_commands:/data/rl_deploy/install/robot_rl_controller/lib/python3.10/site-packages:/data/rl_deploy/install/robot_msgs/local/lib/python3.10/dist-packages:/data/rl_deploy/install/node_app_msgs/local/lib/python3.10/dist-packages:/data/rl_deploy/install/node_control_msgs/local/lib/python3.10/dist-packages:/opt/ros/humble/lib/python3.10/site-packages:/opt/ros/humble/local/lib/python3.10/dist-packages', 'LC_NUMERIC': 'zh_CN.UTF-8', 'LC_PAPER': 'zh_CN.UTF-8', 'COLCON': '1', 'JETSON_JETPACK': '6.2.1', 'JETSON_P_NUMBER': 'p3767-0000', 'CMAKE_PREFIX_PATH': '/data/rl_deploy/install/robot_msgs:/data/rl_deploy/install/node_app_msgs:/data/rl_deploy/install/node_control_msgs'}, 'shell': False}
[3.710660] (-) TimerEvent: {}
[3.811109] (-) TimerEvent: {}
[3.911566] (-) TimerEvent: {}
[4.012063] (-) TimerEvent: {}
[4.085423] (robot_rl_controller) StdoutLine: {'line': b'running egg_info\n'}
[4.086725] (robot_rl_controller) StdoutLine: {'line': b'writing ../../build/robot_rl_controller/robot_rl_controller.egg-info/PKG-INFO\n'}
[4.086996] (robot_rl_controller) StdoutLine: {'line': b'writing dependency_links to ../../build/robot_rl_controller/robot_rl_controller.egg-info/dependency_links.txt\n'}
[4.087326] (robot_rl_controller) StdoutLine: {'line': b'writing entry points to ../../build/robot_rl_controller/robot_rl_controller.egg-info/entry_points.txt\n'}
[4.087594] (robot_rl_controller) StdoutLine: {'line': b'writing requirements to ../../build/robot_rl_controller/robot_rl_controller.egg-info/requires.txt\n'}
[4.087844] (robot_rl_controller) StdoutLine: {'line': b'writing top-level names to ../../build/robot_rl_controller/robot_rl_controller.egg-info/top_level.txt\n'}
[4.090949] (robot_rl_controller) StdoutLine: {'line': b"reading manifest file '../../build/robot_rl_controller/robot_rl_controller.egg-info/SOURCES.txt'\n"}
[4.092735] (robot_rl_controller) StdoutLine: {'line': b"writing manifest file '../../build/robot_rl_controller/robot_rl_controller.egg-info/SOURCES.txt'\n"}
[4.093232] (robot_rl_controller) StdoutLine: {'line': b'running build\n'}
[4.093390] (robot_rl_controller) StdoutLine: {'line': b'running build_py\n'}
[4.093734] (robot_rl_controller) StdoutLine: {'line': b'running install\n'}
[4.094257] (robot_rl_controller) StdoutLine: {'line': b'running install_lib\n'}
[4.096763] (robot_rl_controller) StdoutLine: {'line': b'running install_data\n'}
[4.097194] (robot_rl_controller) StdoutLine: {'line': b'copying config/waist_15_robot_controller_config.yaml -> /data/rl_deploy/install/robot_rl_controller/share/robot_rl_controller/config\n'}
[4.098004] (robot_rl_controller) StdoutLine: {'line': b'running install_egg_info\n'}
[4.101082] (robot_rl_controller) StdoutLine: {'line': b"removing '/data/rl_deploy/install/robot_rl_controller/lib/python3.10/site-packages/robot_rl_controller-0.0.0-py3.10.egg-info' (and everything under it)\n"}
[4.101715] (robot_rl_controller) StdoutLine: {'line': b'Copying ../../build/robot_rl_controller/robot_rl_controller.egg-info to /data/rl_deploy/install/robot_rl_controller/lib/python3.10/site-packages/robot_rl_controller-0.0.0-py3.10.egg-info\n'}
[4.103337] (robot_rl_controller) StdoutLine: {'line': b'running install_scripts\n'}
[4.112154] (-) TimerEvent: {}
[4.137929] (robot_rl_controller) StdoutLine: {'line': b'Installing action_robot_controller script to /data/rl_deploy/install/robot_rl_controller/lib/robot_rl_controller\n'}
[4.138306] (robot_rl_controller) StdoutLine: {'line': b'Installing dance_robot_controller script to /data/rl_deploy/install/robot_rl_controller/lib/robot_rl_controller\n'}
[4.138528] (robot_rl_controller) StdoutLine: {'line': b'Installing s_waist_15_action_robot_controller script to /data/rl_deploy/install/robot_rl_controller/lib/robot_rl_controller\n'}
[4.138694] (robot_rl_controller) StdoutLine: {'line': b'Installing waist_15_action_robot_controller script to /data/rl_deploy/install/robot_rl_controller/lib/robot_rl_controller\n'}
[4.139387] (robot_rl_controller) StdoutLine: {'line': b"writing list of installed files to '/data/rl_deploy/build/robot_rl_controller/install.log'\n"}
[4.195154] (robot_rl_controller) CommandEnded: {'returncode': 0}
[4.211242] (robot_rl_controller) JobEnded: {'identifier': 'robot_rl_controller', 'rc': 0}
[4.212642] (-) TimerEvent: {}
[4.212798] (-) EventReactorShutdown: {}
