[0.000000] (-) TimerEvent: {}
[0.000758] (node_control_msgs) JobQueued: {'identifier': 'node_control_msgs', 'dependencies': OrderedDict()}
[0.001414] (node_driver_msgs) JobQueued: {'identifier': 'node_driver_msgs', 'dependencies': OrderedDict()}
[0.001631] (node_app_msgs) JobQueued: {'identifier': 'node_app_msgs', 'dependencies': OrderedDict([('node_control_msgs', '/data/rl_deploy/install/node_control_msgs')])}
[0.001971] (robot_msgs) JobQueued: {'identifier': 'robot_msgs', 'dependencies': OrderedDict([('node_control_msgs', '/data/rl_deploy/install/node_control_msgs')])}
[0.002198] (robot_rl_controller) JobQueued: {'identifier': 'robot_rl_controller', 'dependencies': OrderedDict([('node_control_msgs', '/data/rl_deploy/install/node_control_msgs'), ('node_app_msgs', '/data/rl_deploy/install/node_app_msgs'), ('robot_msgs', '/data/rl_deploy/install/robot_msgs')])}
[0.002298] (robot_state) JobQueued: {'identifier': 'robot_state', 'dependencies': OrderedDict([('node_control_msgs', '/data/rl_deploy/install/node_control_msgs'), ('robot_msgs', '/data/rl_deploy/install/robot_msgs')])}
[0.002381] (node_control_msgs) JobStarted: {'identifier': 'node_control_msgs'}
[0.011539] (node_driver_msgs) JobStarted: {'identifier': 'node_driver_msgs'}
[0.018817] (node_control_msgs) JobProgress: {'identifier': 'node_control_msgs', 'progress': 'cmake'}
[0.019975] (node_control_msgs) JobProgress: {'identifier': 'node_control_msgs', 'progress': 'build'}
[0.021185] (node_control_msgs) Command: {'cmd': ['/usr/local/bin/cmake', '--build', '/data/rl_deploy/build/node_control_msgs', '--', '-j8', '-l8'], 'cwd': '/data/rl_deploy/build/node_control_msgs', 'env': OrderedDict([('LESSOPEN', '| /usr/bin/lesspipe %s'), ('USER', 'root'), ('SSH_CLIENT', '192.168.8.113 50272 22'), ('LC_TIME', 'zh_CN.UTF-8'), ('XDG_SESSION_TYPE', 'tty'), ('GIT_ASKPASS', '/root/.vscode-server/cli/servers/Stable-61b3d0ab13be7dda2389f1d3e60a119c7f660cc3/server/extensions/git/dist/askpass.sh'), ('SHLVL', '2'), ('LD_LIBRARY_PATH', '/opt/ros/humble/lib/aarch64-linux-gnu:/opt/ros/humble/lib::/app/lib:/app/lib:/usr/local/cuda-12/lib64:/usr/local/cuda-12/lib64:/usr/local/cuda-12/lib64'), ('BROWSER', '/root/.vscode-server/cli/servers/Stable-61b3d0ab13be7dda2389f1d3e60a119c7f660cc3/server/bin/helpers/browser.sh'), ('LYOS_LOCALHOST_ONLY', '1'), ('MOTD_SHOWN', 'pam'), ('HOME', '/root'), ('OLDPWD', '/root/.vscode-server'), ('TERM_PROGRAM_VERSION', '1.110.1'), ('VSCODE_IPC_HOOK_CLI', '/run/user/0/vscode-ipc-2d12e5c4-ef4a-4996-a4ea-3ebfab8c4620.sock'), ('JETSON_L4T', '36.4.4'), ('ROS_PYTHON_VERSION', '3'), ('JETSON_MODEL', 'NVIDIA Jetson Orin NX Engineering Reference Developer Kit Super'), ('VSCODE_GIT_ASKPASS_MAIN', '/root/.vscode-server/cli/servers/Stable-61b3d0ab13be7dda2389f1d3e60a119c7f660cc3/server/extensions/git/dist/askpass-main.js'), ('LC_MONETARY', 'zh_CN.UTF-8'), ('VSCODE_GIT_ASKPASS_NODE', '/root/.vscode-server/cli/servers/Stable-61b3d0ab13be7dda2389f1d3e60a119c7f660cc3/server/node'), ('VSCODE_PYTHON_AUTOACTIVATE_GUARD', '1'), ('DBUS_SESSION_BUS_ADDRESS', 'unix:path=/run/user/0/bus'), ('COLORTERM', 'truecolor'), ('LYOS_DOMAIN_ID', '18:45:b3:02:00:08'), ('DEBUGINFOD_URLS', ''), ('ROS_DISTRO', 'humble'), ('LOGNAME', 'root'), ('JETSON_MODULE', 'NVIDIA Jetson Orin NX (16GB ram)'), ('JETSON_SERIAL_NUMBER', 'DummySN'), ('_', '/usr/bin/colcon'), ('ROS_VERSION', '2'), ('XDG_SESSION_CLASS', 'user'), ('TERM', 'xterm-256color'), ('XDG_SESSION_ID', '5'), ('ROS_LOCALHOST_ONLY', '1'), ('PATH', '/root/.vscode-server/cli/servers/Stable-61b3d0ab13be7dda2389f1d3e60a119c7f660cc3/server/bin/remote-cli:/opt/ros/humble/bin:/usr/local/sbin:/usr/local/bin:/usr/sbin:/usr/bin:/sbin:/bin:/usr/games:/usr/local/games:/snap/bin:/app/bin:/app/bin:/usr/local/cuda-12/bin:/usr/local/cuda-12/bin:/usr/local/cuda-12/bin'), ('LC_ADDRESS', 'zh_CN.UTF-8'), ('XDG_RUNTIME_DIR', '/run/user/0'), ('LANG', 'en_US.UTF-8'), ('LC_TELEPHONE', 'zh_CN.UTF-8'), ('LS_COLORS', 'rs=0:di=01;34:ln=01;36:mh=00:pi=40;33:so=01;35:do=01;35:bd=40;33;01:cd=40;33;01:or=40;31;01:mi=00:su=37;41:sg=30;43:ca=30;41:tw=30;42:ow=34;42:st=37;44:ex=01;32:*.tar=01;31:*.tgz=01;31:*.arc=01;31:*.arj=01;31:*.taz=01;31:*.lha=01;31:*.lz4=01;31:*.lzh=01;31:*.lzma=01;31:*.tlz=01;31:*.txz=01;31:*.tzo=01;31:*.t7z=01;31:*.zip=01;31:*.z=01;31:*.dz=01;31:*.gz=01;31:*.lrz=01;31:*.lz=01;31:*.lzo=01;31:*.xz=01;31:*.zst=01;31:*.tzst=01;31:*.bz2=01;31:*.bz=01;31:*.tbz=01;31:*.tbz2=01;31:*.tz=01;31:*.deb=01;31:*.rpm=01;31:*.jar=01;31:*.war=01;31:*.ear=01;31:*.sar=01;31:*.rar=01;31:*.alz=01;31:*.ace=01;31:*.zoo=01;31:*.cpio=01;31:*.7z=01;31:*.rz=01;31:*.cab=01;31:*.wim=01;31:*.swm=01;31:*.dwm=01;31:*.esd=01;31:*.jpg=01;35:*.jpeg=01;35:*.mjpg=01;35:*.mjpeg=01;35:*.gif=01;35:*.bmp=01;35:*.pbm=01;35:*.pgm=01;35:*.ppm=01;35:*.tga=01;35:*.xbm=01;35:*.xpm=01;35:*.tif=01;35:*.tiff=01;35:*.png=01;35:*.svg=01;35:*.svgz=01;35:*.mng=01;35:*.pcx=01;35:*.mov=01;35:*.mpg=01;35:*.mpeg=01;35:*.m2v=01;35:*.mkv=01;35:*.webm=01;35:*.webp=01;35:*.ogm=01;35:*.mp4=01;35:*.m4v=01;35:*.mp4v=01;35:*.vob=01;35:*.qt=01;35:*.nuv=01;35:*.wmv=01;35:*.asf=01;35:*.rm=01;35:*.rmvb=01;35:*.flc=01;35:*.avi=01;35:*.fli=01;35:*.flv=01;35:*.gl=01;35:*.dl=01;35:*.xcf=01;35:*.xwd=01;35:*.yuv=01;35:*.cgm=01;35:*.emf=01;35:*.ogv=01;35:*.ogx=01;35:*.aac=00;36:*.au=00;36:*.flac=00;36:*.m4a=00;36:*.mid=00;36:*.midi=00;36:*.mka=00;36:*.mp3=00;36:*.mpc=00;36:*.ogg=00;36:*.ra=00;36:*.wav=00;36:*.oga=00;36:*.opus=00;36:*.spx=00;36:*.xspf=00;36:'), ('JETSON_SOC', 'tegra234'), ('VSCODE_GIT_IPC_HANDLE', '/run/user/0/vscode-git-994ffc2805.sock'), ('TERM_PROGRAM', 'vscode'), ('ROSDISTRO_INDEX_URL', 'https://mirrors.tuna.tsinghua.edu.cn/rosdistro/index_v4.yaml'), ('ROS_DOMAIN_ID', '193'), ('AMENT_PREFIX_PATH', '/opt/ros/humble'), ('SHELL', '/bin/bash'), ('LC_NAME', 'zh_CN.UTF-8'), ('LESSCLOSE', '/usr/bin/lesspipe %s %s'), ('LC_MEASUREMENT', 'zh_CN.UTF-8'), ('LC_IDENTIFICATION', 'zh_CN.UTF-8'), ('VSCODE_GIT_ASKPASS_EXTRA_ARGS', ''), ('JETSON_CUDA_ARCH_BIN', '8.7'), ('PWD', '/data/rl_deploy/build/node_control_msgs'), ('LC_ALL', 'en_US.UTF-8'), ('SSH_CONNECTION', '192.168.8.113 50272 192.168.8.111 22'), ('XDG_DATA_DIRS', '/usr/share/gnome:/usr/local/share:/usr/share:/var/lib/snapd/desktop'), ('PYTHONPATH', '/opt/ros/humble/lib/python3.10/site-packages:/opt/ros/humble/local/lib/python3.10/dist-packages'), ('LC_NUMERIC', 'zh_CN.UTF-8'), ('LC_PAPER', 'zh_CN.UTF-8'), ('COLCON', '1'), ('JETSON_JETPACK', '6.2.1'), ('JETSON_P_NUMBER', 'p3767-0000'), ('CMAKE_PREFIX_PATH', '/opt/ros/humble')]), 'shell': False}
[0.027875] (node_driver_msgs) JobProgress: {'identifier': 'node_driver_msgs', 'progress': 'cmake'}
[0.029140] (node_driver_msgs) JobProgress: {'identifier': 'node_driver_msgs', 'progress': 'build'}
[0.030139] (node_driver_msgs) Command: {'cmd': ['/usr/local/bin/cmake', '--build', '/data/rl_deploy/build/node_driver_msgs', '--', '-j8', '-l8'], 'cwd': '/data/rl_deploy/build/node_driver_msgs', 'env': OrderedDict([('LESSOPEN', '| /usr/bin/lesspipe %s'), ('USER', 'root'), ('SSH_CLIENT', '192.168.8.113 50272 22'), ('LC_TIME', 'zh_CN.UTF-8'), ('XDG_SESSION_TYPE', 'tty'), ('GIT_ASKPASS', '/root/.vscode-server/cli/servers/Stable-61b3d0ab13be7dda2389f1d3e60a119c7f660cc3/server/extensions/git/dist/askpass.sh'), ('SHLVL', '2'), ('LD_LIBRARY_PATH', '/opt/ros/humble/lib/aarch64-linux-gnu:/opt/ros/humble/lib::/app/lib:/app/lib:/usr/local/cuda-12/lib64:/usr/local/cuda-12/lib64:/usr/local/cuda-12/lib64'), ('BROWSER', '/root/.vscode-server/cli/servers/Stable-61b3d0ab13be7dda2389f1d3e60a119c7f660cc3/server/bin/helpers/browser.sh'), ('LYOS_LOCALHOST_ONLY', '1'), ('MOTD_SHOWN', 'pam'), ('HOME', '/root'), ('OLDPWD', '/root/.vscode-server'), ('TERM_PROGRAM_VERSION', '1.110.1'), ('VSCODE_IPC_HOOK_CLI', '/run/user/0/vscode-ipc-2d12e5c4-ef4a-4996-a4ea-3ebfab8c4620.sock'), ('JETSON_L4T', '36.4.4'), ('ROS_PYTHON_VERSION', '3'), ('JETSON_MODEL', 'NVIDIA Jetson Orin NX Engineering Reference Developer Kit Super'), ('VSCODE_GIT_ASKPASS_MAIN', '/root/.vscode-server/cli/servers/Stable-61b3d0ab13be7dda2389f1d3e60a119c7f660cc3/server/extensions/git/dist/askpass-main.js'), ('LC_MONETARY', 'zh_CN.UTF-8'), ('VSCODE_GIT_ASKPASS_NODE', '/root/.vscode-server/cli/servers/Stable-61b3d0ab13be7dda2389f1d3e60a119c7f660cc3/server/node'), ('VSCODE_PYTHON_AUTOACTIVATE_GUARD', '1'), ('DBUS_SESSION_BUS_ADDRESS', 'unix:path=/run/user/0/bus'), ('COLORTERM', 'truecolor'), ('LYOS_DOMAIN_ID', '18:45:b3:02:00:08'), ('DEBUGINFOD_URLS', ''), ('ROS_DISTRO', 'humble'), ('LOGNAME', 'root'), ('JETSON_MODULE', 'NVIDIA Jetson Orin NX (16GB ram)'), ('JETSON_SERIAL_NUMBER', 'DummySN'), ('_', '/usr/bin/colcon'), ('ROS_VERSION', '2'), ('XDG_SESSION_CLASS', 'user'), ('TERM', 'xterm-256color'), ('XDG_SESSION_ID', '5'), ('ROS_LOCALHOST_ONLY', '1'), ('PATH', '/root/.vscode-server/cli/servers/Stable-61b3d0ab13be7dda2389f1d3e60a119c7f660cc3/server/bin/remote-cli:/opt/ros/humble/bin:/usr/local/sbin:/usr/local/bin:/usr/sbin:/usr/bin:/sbin:/bin:/usr/games:/usr/local/games:/snap/bin:/app/bin:/app/bin:/usr/local/cuda-12/bin:/usr/local/cuda-12/bin:/usr/local/cuda-12/bin'), ('LC_ADDRESS', 'zh_CN.UTF-8'), ('XDG_RUNTIME_DIR', '/run/user/0'), ('LANG', 'en_US.UTF-8'), ('LC_TELEPHONE', 'zh_CN.UTF-8'), ('LS_COLORS', 'rs=0:di=01;34:ln=01;36:mh=00:pi=40;33:so=01;35:do=01;35:bd=40;33;01:cd=40;33;01:or=40;31;01:mi=00:su=37;41:sg=30;43:ca=30;41:tw=30;42:ow=34;42:st=37;44:ex=01;32:*.tar=01;31:*.tgz=01;31:*.arc=01;31:*.arj=01;31:*.taz=01;31:*.lha=01;31:*.lz4=01;31:*.lzh=01;31:*.lzma=01;31:*.tlz=01;31:*.txz=01;31:*.tzo=01;31:*.t7z=01;31:*.zip=01;31:*.z=01;31:*.dz=01;31:*.gz=01;31:*.lrz=01;31:*.lz=01;31:*.lzo=01;31:*.xz=01;31:*.zst=01;31:*.tzst=01;31:*.bz2=01;31:*.bz=01;31:*.tbz=01;31:*.tbz2=01;31:*.tz=01;31:*.deb=01;31:*.rpm=01;31:*.jar=01;31:*.war=01;31:*.ear=01;31:*.sar=01;31:*.rar=01;31:*.alz=01;31:*.ace=01;31:*.zoo=01;31:*.cpio=01;31:*.7z=01;31:*.rz=01;31:*.cab=01;31:*.wim=01;31:*.swm=01;31:*.dwm=01;31:*.esd=01;31:*.jpg=01;35:*.jpeg=01;35:*.mjpg=01;35:*.mjpeg=01;35:*.gif=01;35:*.bmp=01;35:*.pbm=01;35:*.pgm=01;35:*.ppm=01;35:*.tga=01;35:*.xbm=01;35:*.xpm=01;35:*.tif=01;35:*.tiff=01;35:*.png=01;35:*.svg=01;35:*.svgz=01;35:*.mng=01;35:*.pcx=01;35:*.mov=01;35:*.mpg=01;35:*.mpeg=01;35:*.m2v=01;35:*.mkv=01;35:*.webm=01;35:*.webp=01;35:*.ogm=01;35:*.mp4=01;35:*.m4v=01;35:*.mp4v=01;35:*.vob=01;35:*.qt=01;35:*.nuv=01;35:*.wmv=01;35:*.asf=01;35:*.rm=01;35:*.rmvb=01;35:*.flc=01;35:*.avi=01;35:*.fli=01;35:*.flv=01;35:*.gl=01;35:*.dl=01;35:*.xcf=01;35:*.xwd=01;35:*.yuv=01;35:*.cgm=01;35:*.emf=01;35:*.ogv=01;35:*.ogx=01;35:*.aac=00;36:*.au=00;36:*.flac=00;36:*.m4a=00;36:*.mid=00;36:*.midi=00;36:*.mka=00;36:*.mp3=00;36:*.mpc=00;36:*.ogg=00;36:*.ra=00;36:*.wav=00;36:*.oga=00;36:*.opus=00;36:*.spx=00;36:*.xspf=00;36:'), ('JETSON_SOC', 'tegra234'), ('VSCODE_GIT_IPC_HANDLE', '/run/user/0/vscode-git-994ffc2805.sock'), ('TERM_PROGRAM', 'vscode'), ('ROSDISTRO_INDEX_URL', 'https://mirrors.tuna.tsinghua.edu.cn/rosdistro/index_v4.yaml'), ('ROS_DOMAIN_ID', '193'), ('AMENT_PREFIX_PATH', '/opt/ros/humble'), ('SHELL', '/bin/bash'), ('LC_NAME', 'zh_CN.UTF-8'), ('LESSCLOSE', '/usr/bin/lesspipe %s %s'), ('LC_MEASUREMENT', 'zh_CN.UTF-8'), ('LC_IDENTIFICATION', 'zh_CN.UTF-8'), ('VSCODE_GIT_ASKPASS_EXTRA_ARGS', ''), ('JETSON_CUDA_ARCH_BIN', '8.7'), ('PWD', '/data/rl_deploy/build/node_driver_msgs'), ('LC_ALL', 'en_US.UTF-8'), ('SSH_CONNECTION', '192.168.8.113 50272 192.168.8.111 22'), ('XDG_DATA_DIRS', '/usr/share/gnome:/usr/local/share:/usr/share:/var/lib/snapd/desktop'), ('PYTHONPATH', '/opt/ros/humble/lib/python3.10/site-packages:/opt/ros/humble/local/lib/python3.10/dist-packages'), ('LC_NUMERIC', 'zh_CN.UTF-8'), ('LC_PAPER', 'zh_CN.UTF-8'), ('COLCON', '1'), ('JETSON_JETPACK', '6.2.1'), ('JETSON_P_NUMBER', 'p3767-0000'), ('CMAKE_PREFIX_PATH', '/opt/ros/humble')]), 'shell': False}
[0.099397] (-) TimerEvent: {}
[0.199885] (-) TimerEvent: {}
[0.239587] (node_driver_msgs) StdoutLine: {'line': b'[  7%] Built target node_driver_msgs__cpp\n'}
[0.240050] (node_driver_msgs) StdoutLine: {'line': b'[ 12%] Built target node_driver_msgs__rosidl_generator_c\n'}
[0.257166] (node_control_msgs) StdoutLine: {'line': b'[  1%] Built target node_control_msgs__rs\n'}
[0.259697] (node_control_msgs) StdoutLine: {'line': b'[  1%] Built target node_control_msgs__cpp\n'}
[0.267912] (node_driver_msgs) StdoutLine: {'line': b'[ 15%] Built target node_driver_msgs__rs\n'}
[0.280249] (node_driver_msgs) StdoutLine: {'line': b'[ 15%] Built target ament_cmake_python_copy_node_driver_msgs\n'}
[0.289758] (node_control_msgs) StdoutLine: {'line': b'[ 13%] Built target node_control_msgs__rosidl_generator_c\n'}
[0.299726] (node_driver_msgs) StdoutLine: {'line': b'[ 25%] Built target node_driver_msgs__rosidl_typesupport_c\n'}
[0.300321] (-) TimerEvent: {}
[0.300562] (node_control_msgs) StdoutLine: {'line': b'[ 13%] Built target ament_cmake_python_copy_node_control_msgs\n'}
[0.311419] (node_driver_msgs) StdoutLine: {'line': b'[ 35%] Built target node_driver_msgs__rosidl_typesupport_introspection_c\n'}
[0.328240] (node_control_msgs) StdoutLine: {'line': b'[ 24%] Built target node_control_msgs__rosidl_typesupport_c\n'}
[0.334098] (node_control_msgs) StdoutLine: {'line': b'[ 36%] Built target node_control_msgs__rosidl_typesupport_introspection_cpp\n'}
[0.346109] (node_driver_msgs) StdoutLine: {'line': b'[ 45%] Built target node_driver_msgs__rosidl_typesupport_introspection_cpp\n'}
[0.374175] (node_control_msgs) StdoutLine: {'line': b'[ 47%] Built target node_control_msgs__rosidl_typesupport_introspection_c\n'}
[0.384631] (node_driver_msgs) StdoutLine: {'line': b'[ 55%] Built target node_driver_msgs__rosidl_typesupport_fastrtps_cpp\n'}
[0.400480] (-) TimerEvent: {}
[0.414598] (node_control_msgs) StdoutLine: {'line': b'[ 58%] Built target node_control_msgs__rosidl_typesupport_fastrtps_c\n'}
[0.414985] (node_driver_msgs) StdoutLine: {'line': b'[ 65%] Built target node_driver_msgs__rosidl_typesupport_cpp\n'}
[0.457389] (node_control_msgs) StdoutLine: {'line': b'[ 70%] Built target node_control_msgs__rosidl_typesupport_fastrtps_cpp\n'}
[0.470057] (node_driver_msgs) StdoutLine: {'line': b'[ 75%] Built target node_driver_msgs__rosidl_typesupport_fastrtps_c\n'}
[0.490735] (node_control_msgs) StdoutLine: {'line': b'[ 82%] Built target node_control_msgs__rosidl_typesupport_cpp\n'}
[0.492346] (node_driver_msgs) StdoutLine: {'line': b'[ 75%] Built target node_driver_msgs\n'}
[0.500679] (-) TimerEvent: {}
[0.514731] (node_driver_msgs) StdoutLine: {'line': b'[ 77%] Built target node_driver_msgs__py\n'}
[0.517148] (node_control_msgs) StdoutLine: {'line': b'[ 82%] Built target node_control_msgs\n'}
[0.537598] (node_control_msgs) StdoutLine: {'line': b'[ 83%] Built target node_control_msgs__py\n'}
[0.543231] (node_driver_msgs) StdoutLine: {'line': b'[ 85%] Built target node_driver_msgs__rosidl_generator_py\n'}
[0.566789] (node_driver_msgs) StdoutLine: {'line': b'[ 90%] Built target node_driver_msgs__rosidl_typesupport_fastrtps_c__pyext\n'}
[0.572659] (node_control_msgs) StdoutLine: {'line': b'[ 94%] Built target node_control_msgs__rosidl_generator_py\n'}
[0.592335] (node_driver_msgs) StdoutLine: {'line': b'[ 95%] Built target node_driver_msgs__rosidl_typesupport_c__pyext\n'}
[0.597993] (node_control_msgs) StdoutLine: {'line': b'[ 96%] Built target node_control_msgs__rosidl_typesupport_fastrtps_c__pyext\n'}
[0.600798] (-) TimerEvent: {}
[0.622131] (node_control_msgs) StdoutLine: {'line': b'[ 98%] Built target node_control_msgs__rosidl_typesupport_c__pyext\n'}
[0.622709] (node_driver_msgs) StdoutLine: {'line': b'[100%] Built target node_driver_msgs__rosidl_typesupport_introspection_c__pyext\n'}
[0.654690] (node_control_msgs) StdoutLine: {'line': b'[100%] Built target node_control_msgs__rosidl_typesupport_introspection_c__pyext\n'}
[0.700943] (-) TimerEvent: {}
[0.763246] (node_control_msgs) StdoutLine: {'line': b'running egg_info\n'}
[0.764806] (node_control_msgs) StdoutLine: {'line': b'writing node_control_msgs.egg-info/PKG-INFO\n'}
[0.765260] (node_control_msgs) StdoutLine: {'line': b'writing dependency_links to node_control_msgs.egg-info/dependency_links.txt\n'}
[0.765768] (node_control_msgs) StdoutLine: {'line': b'writing top-level names to node_control_msgs.egg-info/top_level.txt\n'}
[0.771031] (node_control_msgs) StdoutLine: {'line': b"reading manifest file 'node_control_msgs.egg-info/SOURCES.txt'\n"}
[0.772548] (node_control_msgs) StdoutLine: {'line': b"writing manifest file 'node_control_msgs.egg-info/SOURCES.txt'\n"}
[0.774090] (node_driver_msgs) StdoutLine: {'line': b'running egg_info\n'}
[0.775950] (node_driver_msgs) StdoutLine: {'line': b'writing node_driver_msgs.egg-info/PKG-INFO\n'}
[0.776772] (node_driver_msgs) StdoutLine: {'line': b'writing dependency_links to node_driver_msgs.egg-info/dependency_links.txt\n'}
[0.777088] (node_driver_msgs) StdoutLine: {'line': b'writing top-level names to node_driver_msgs.egg-info/top_level.txt\n'}
[0.781435] (node_driver_msgs) StdoutLine: {'line': b"reading manifest file 'node_driver_msgs.egg-info/SOURCES.txt'\n"}
[0.782606] (node_driver_msgs) StdoutLine: {'line': b"writing manifest file 'node_driver_msgs.egg-info/SOURCES.txt'\n"}
[0.801100] (-) TimerEvent: {}
[0.841624] (node_control_msgs) StdoutLine: {'line': b'[100%] Built target ament_cmake_python_build_node_control_msgs_egg\n'}
[0.845010] (node_driver_msgs) StdoutLine: {'line': b'[100%] Built target ament_cmake_python_build_node_driver_msgs_egg\n'}
[0.856484] (node_driver_msgs) CommandEnded: {'returncode': 0}
[0.858161] (node_driver_msgs) JobProgress: {'identifier': 'node_driver_msgs', 'progress': 'install'}
[0.901259] (-) TimerEvent: {}
[1.001794] (-) TimerEvent: {}
[1.020822] (node_driver_msgs) Command: {'cmd': ['/usr/local/bin/cmake', '--install', '/data/rl_deploy/build/node_driver_msgs'], 'cwd': '/data/rl_deploy/build/node_driver_msgs', 'env': OrderedDict([('LESSOPEN', '| /usr/bin/lesspipe %s'), ('USER', 'root'), ('SSH_CLIENT', '192.168.8.113 50272 22'), ('LC_TIME', 'zh_CN.UTF-8'), ('XDG_SESSION_TYPE', 'tty'), ('GIT_ASKPASS', '/root/.vscode-server/cli/servers/Stable-61b3d0ab13be7dda2389f1d3e60a119c7f660cc3/server/extensions/git/dist/askpass.sh'), ('SHLVL', '2'), ('LD_LIBRARY_PATH', '/opt/ros/humble/lib/aarch64-linux-gnu:/opt/ros/humble/lib::/app/lib:/app/lib:/usr/local/cuda-12/lib64:/usr/local/cuda-12/lib64:/usr/local/cuda-12/lib64'), ('BROWSER', '/root/.vscode-server/cli/servers/Stable-61b3d0ab13be7dda2389f1d3e60a119c7f660cc3/server/bin/helpers/browser.sh'), ('LYOS_LOCALHOST_ONLY', '1'), ('MOTD_SHOWN', 'pam'), ('HOME', '/root'), ('OLDPWD', '/root/.vscode-server'), ('TERM_PROGRAM_VERSION', '1.110.1'), ('VSCODE_IPC_HOOK_CLI', '/run/user/0/vscode-ipc-2d12e5c4-ef4a-4996-a4ea-3ebfab8c4620.sock'), ('JETSON_L4T', '36.4.4'), ('ROS_PYTHON_VERSION', '3'), ('JETSON_MODEL', 'NVIDIA Jetson Orin NX Engineering Reference Developer Kit Super'), ('VSCODE_GIT_ASKPASS_MAIN', '/root/.vscode-server/cli/servers/Stable-61b3d0ab13be7dda2389f1d3e60a119c7f660cc3/server/extensions/git/dist/askpass-main.js'), ('LC_MONETARY', 'zh_CN.UTF-8'), ('VSCODE_GIT_ASKPASS_NODE', '/root/.vscode-server/cli/servers/Stable-61b3d0ab13be7dda2389f1d3e60a119c7f660cc3/server/node'), ('VSCODE_PYTHON_AUTOACTIVATE_GUARD', '1'), ('DBUS_SESSION_BUS_ADDRESS', 'unix:path=/run/user/0/bus'), ('COLORTERM', 'truecolor'), ('LYOS_DOMAIN_ID', '18:45:b3:02:00:08'), ('DEBUGINFOD_URLS', ''), ('ROS_DISTRO', 'humble'), ('LOGNAME', 'root'), ('JETSON_MODULE', 'NVIDIA Jetson Orin NX (16GB ram)'), ('JETSON_SERIAL_NUMBER', 'DummySN'), ('_', '/usr/bin/colcon'), ('ROS_VERSION', '2'), ('XDG_SESSION_CLASS', 'user'), ('TERM', 'xterm-256color'), ('XDG_SESSION_ID', '5'), ('ROS_LOCALHOST_ONLY', '1'), ('PATH', '/root/.vscode-server/cli/servers/Stable-61b3d0ab13be7dda2389f1d3e60a119c7f660cc3/server/bin/remote-cli:/opt/ros/humble/bin:/usr/local/sbin:/usr/local/bin:/usr/sbin:/usr/bin:/sbin:/bin:/usr/games:/usr/local/games:/snap/bin:/app/bin:/app/bin:/usr/local/cuda-12/bin:/usr/local/cuda-12/bin:/usr/local/cuda-12/bin'), ('LC_ADDRESS', 'zh_CN.UTF-8'), ('XDG_RUNTIME_DIR', '/run/user/0'), ('LANG', 'en_US.UTF-8'), ('LC_TELEPHONE', 'zh_CN.UTF-8'), ('LS_COLORS', 'rs=0:di=01;34:ln=01;36:mh=00:pi=40;33:so=01;35:do=01;35:bd=40;33;01:cd=40;33;01:or=40;31;01:mi=00:su=37;41:sg=30;43:ca=30;41:tw=30;42:ow=34;42:st=37;44:ex=01;32:*.tar=01;31:*.tgz=01;31:*.arc=01;31:*.arj=01;31:*.taz=01;31:*.lha=01;31:*.lz4=01;31:*.lzh=01;31:*.lzma=01;31:*.tlz=01;31:*.txz=01;31:*.tzo=01;31:*.t7z=01;31:*.zip=01;31:*.z=01;31:*.dz=01;31:*.gz=01;31:*.lrz=01;31:*.lz=01;31:*.lzo=01;31:*.xz=01;31:*.zst=01;31:*.tzst=01;31:*.bz2=01;31:*.bz=01;31:*.tbz=01;31:*.tbz2=01;31:*.tz=01;31:*.deb=01;31:*.rpm=01;31:*.jar=01;31:*.war=01;31:*.ear=01;31:*.sar=01;31:*.rar=01;31:*.alz=01;31:*.ace=01;31:*.zoo=01;31:*.cpio=01;31:*.7z=01;31:*.rz=01;31:*.cab=01;31:*.wim=01;31:*.swm=01;31:*.dwm=01;31:*.esd=01;31:*.jpg=01;35:*.jpeg=01;35:*.mjpg=01;35:*.mjpeg=01;35:*.gif=01;35:*.bmp=01;35:*.pbm=01;35:*.pgm=01;35:*.ppm=01;35:*.tga=01;35:*.xbm=01;35:*.xpm=01;35:*.tif=01;35:*.tiff=01;35:*.png=01;35:*.svg=01;35:*.svgz=01;35:*.mng=01;35:*.pcx=01;35:*.mov=01;35:*.mpg=01;35:*.mpeg=01;35:*.m2v=01;35:*.mkv=01;35:*.webm=01;35:*.webp=01;35:*.ogm=01;35:*.mp4=01;35:*.m4v=01;35:*.mp4v=01;35:*.vob=01;35:*.qt=01;35:*.nuv=01;35:*.wmv=01;35:*.asf=01;35:*.rm=01;35:*.rmvb=01;35:*.flc=01;35:*.avi=01;35:*.fli=01;35:*.flv=01;35:*.gl=01;35:*.dl=01;35:*.xcf=01;35:*.xwd=01;35:*.yuv=01;35:*.cgm=01;35:*.emf=01;35:*.ogv=01;35:*.ogx=01;35:*.aac=00;36:*.au=00;36:*.flac=00;36:*.m4a=00;36:*.mid=00;36:*.midi=00;36:*.mka=00;36:*.mp3=00;36:*.mpc=00;36:*.ogg=00;36:*.ra=00;36:*.wav=00;36:*.oga=00;36:*.opus=00;36:*.spx=00;36:*.xspf=00;36:'), ('JETSON_SOC', 'tegra234'), ('VSCODE_GIT_IPC_HANDLE', '/run/user/0/vscode-git-994ffc2805.sock'), ('TERM_PROGRAM', 'vscode'), ('ROSDISTRO_INDEX_URL', 'https://mirrors.tuna.tsinghua.edu.cn/rosdistro/index_v4.yaml'), ('ROS_DOMAIN_ID', '193'), ('AMENT_PREFIX_PATH', '/opt/ros/humble'), ('SHELL', '/bin/bash'), ('LC_NAME', 'zh_CN.UTF-8'), ('LESSCLOSE', '/usr/bin/lesspipe %s %s'), ('LC_MEASUREMENT', 'zh_CN.UTF-8'), ('LC_IDENTIFICATION', 'zh_CN.UTF-8'), ('VSCODE_GIT_ASKPASS_EXTRA_ARGS', ''), ('JETSON_CUDA_ARCH_BIN', '8.7'), ('PWD', '/data/rl_deploy/build/node_driver_msgs'), ('LC_ALL', 'en_US.UTF-8'), ('SSH_CONNECTION', '192.168.8.113 50272 192.168.8.111 22'), ('XDG_DATA_DIRS', '/usr/share/gnome:/usr/local/share:/usr/share:/var/lib/snapd/desktop'), ('PYTHONPATH', '/opt/ros/humble/lib/python3.10/site-packages:/opt/ros/humble/local/lib/python3.10/dist-packages'), ('LC_NUMERIC', 'zh_CN.UTF-8'), ('LC_PAPER', 'zh_CN.UTF-8'), ('COLCON', '1'), ('JETSON_JETPACK', '6.2.1'), ('JETSON_P_NUMBER', 'p3767-0000'), ('CMAKE_PREFIX_PATH', '/opt/ros/humble')]), 'shell': False}
[1.025897] (node_control_msgs) CommandEnded: {'returncode': 0}
[1.027718] (node_control_msgs) JobProgress: {'identifier': 'node_control_msgs', 'progress': 'install'}
[1.028302] (node_control_msgs) Command: {'cmd': ['/usr/local/bin/cmake', '--install', '/data/rl_deploy/build/node_control_msgs'], 'cwd': '/data/rl_deploy/build/node_control_msgs', 'env': OrderedDict([('LESSOPEN', '| /usr/bin/lesspipe %s'), ('USER', 'root'), ('SSH_CLIENT', '192.168.8.113 50272 22'), ('LC_TIME', 'zh_CN.UTF-8'), ('XDG_SESSION_TYPE', 'tty'), ('GIT_ASKPASS', '/root/.vscode-server/cli/servers/Stable-61b3d0ab13be7dda2389f1d3e60a119c7f660cc3/server/extensions/git/dist/askpass.sh'), ('SHLVL', '2'), ('LD_LIBRARY_PATH', '/opt/ros/humble/lib/aarch64-linux-gnu:/opt/ros/humble/lib::/app/lib:/app/lib:/usr/local/cuda-12/lib64:/usr/local/cuda-12/lib64:/usr/local/cuda-12/lib64'), ('BROWSER', '/root/.vscode-server/cli/servers/Stable-61b3d0ab13be7dda2389f1d3e60a119c7f660cc3/server/bin/helpers/browser.sh'), ('LYOS_LOCALHOST_ONLY', '1'), ('MOTD_SHOWN', 'pam'), ('HOME', '/root'), ('OLDPWD', '/root/.vscode-server'), ('TERM_PROGRAM_VERSION', '1.110.1'), ('VSCODE_IPC_HOOK_CLI', '/run/user/0/vscode-ipc-2d12e5c4-ef4a-4996-a4ea-3ebfab8c4620.sock'), ('JETSON_L4T', '36.4.4'), ('ROS_PYTHON_VERSION', '3'), ('JETSON_MODEL', 'NVIDIA Jetson Orin NX Engineering Reference Developer Kit Super'), ('VSCODE_GIT_ASKPASS_MAIN', '/root/.vscode-server/cli/servers/Stable-61b3d0ab13be7dda2389f1d3e60a119c7f660cc3/server/extensions/git/dist/askpass-main.js'), ('LC_MONETARY', 'zh_CN.UTF-8'), ('VSCODE_GIT_ASKPASS_NODE', '/root/.vscode-server/cli/servers/Stable-61b3d0ab13be7dda2389f1d3e60a119c7f660cc3/server/node'), ('VSCODE_PYTHON_AUTOACTIVATE_GUARD', '1'), ('DBUS_SESSION_BUS_ADDRESS', 'unix:path=/run/user/0/bus'), ('COLORTERM', 'truecolor'), ('LYOS_DOMAIN_ID', '18:45:b3:02:00:08'), ('DEBUGINFOD_URLS', ''), ('ROS_DISTRO', 'humble'), ('LOGNAME', 'root'), ('JETSON_MODULE', 'NVIDIA Jetson Orin NX (16GB ram)'), ('JETSON_SERIAL_NUMBER', 'DummySN'), ('_', '/usr/bin/colcon'), ('ROS_VERSION', '2'), ('XDG_SESSION_CLASS', 'user'), ('TERM', 'xterm-256color'), ('XDG_SESSION_ID', '5'), ('ROS_LOCALHOST_ONLY', '1'), ('PATH', '/root/.vscode-server/cli/servers/Stable-61b3d0ab13be7dda2389f1d3e60a119c7f660cc3/server/bin/remote-cli:/opt/ros/humble/bin:/usr/local/sbin:/usr/local/bin:/usr/sbin:/usr/bin:/sbin:/bin:/usr/games:/usr/local/games:/snap/bin:/app/bin:/app/bin:/usr/local/cuda-12/bin:/usr/local/cuda-12/bin:/usr/local/cuda-12/bin'), ('LC_ADDRESS', 'zh_CN.UTF-8'), ('XDG_RUNTIME_DIR', '/run/user/0'), ('LANG', 'en_US.UTF-8'), ('LC_TELEPHONE', 'zh_CN.UTF-8'), ('LS_COLORS', 'rs=0:di=01;34:ln=01;36:mh=00:pi=40;33:so=01;35:do=01;35:bd=40;33;01:cd=40;33;01:or=40;31;01:mi=00:su=37;41:sg=30;43:ca=30;41:tw=30;42:ow=34;42:st=37;44:ex=01;32:*.tar=01;31:*.tgz=01;31:*.arc=01;31:*.arj=01;31:*.taz=01;31:*.lha=01;31:*.lz4=01;31:*.lzh=01;31:*.lzma=01;31:*.tlz=01;31:*.txz=01;31:*.tzo=01;31:*.t7z=01;31:*.zip=01;31:*.z=01;31:*.dz=01;31:*.gz=01;31:*.lrz=01;31:*.lz=01;31:*.lzo=01;31:*.xz=01;31:*.zst=01;31:*.tzst=01;31:*.bz2=01;31:*.bz=01;31:*.tbz=01;31:*.tbz2=01;31:*.tz=01;31:*.deb=01;31:*.rpm=01;31:*.jar=01;31:*.war=01;31:*.ear=01;31:*.sar=01;31:*.rar=01;31:*.alz=01;31:*.ace=01;31:*.zoo=01;31:*.cpio=01;31:*.7z=01;31:*.rz=01;31:*.cab=01;31:*.wim=01;31:*.swm=01;31:*.dwm=01;31:*.esd=01;31:*.jpg=01;35:*.jpeg=01;35:*.mjpg=01;35:*.mjpeg=01;35:*.gif=01;35:*.bmp=01;35:*.pbm=01;35:*.pgm=01;35:*.ppm=01;35:*.tga=01;35:*.xbm=01;35:*.xpm=01;35:*.tif=01;35:*.tiff=01;35:*.png=01;35:*.svg=01;35:*.svgz=01;35:*.mng=01;35:*.pcx=01;35:*.mov=01;35:*.mpg=01;35:*.mpeg=01;35:*.m2v=01;35:*.mkv=01;35:*.webm=01;35:*.webp=01;35:*.ogm=01;35:*.mp4=01;35:*.m4v=01;35:*.mp4v=01;35:*.vob=01;35:*.qt=01;35:*.nuv=01;35:*.wmv=01;35:*.asf=01;35:*.rm=01;35:*.rmvb=01;35:*.flc=01;35:*.avi=01;35:*.fli=01;35:*.flv=01;35:*.gl=01;35:*.dl=01;35:*.xcf=01;35:*.xwd=01;35:*.yuv=01;35:*.cgm=01;35:*.emf=01;35:*.ogv=01;35:*.ogx=01;35:*.aac=00;36:*.au=00;36:*.flac=00;36:*.m4a=00;36:*.mid=00;36:*.midi=00;36:*.mka=00;36:*.mp3=00;36:*.mpc=00;36:*.ogg=00;36:*.ra=00;36:*.wav=00;36:*.oga=00;36:*.opus=00;36:*.spx=00;36:*.xspf=00;36:'), ('JETSON_SOC', 'tegra234'), ('VSCODE_GIT_IPC_HANDLE', '/run/user/0/vscode-git-994ffc2805.sock'), ('TERM_PROGRAM', 'vscode'), ('ROSDISTRO_INDEX_URL', 'https://mirrors.tuna.tsinghua.edu.cn/rosdistro/index_v4.yaml'), ('ROS_DOMAIN_ID', '193'), ('AMENT_PREFIX_PATH', '/opt/ros/humble'), ('SHELL', '/bin/bash'), ('LC_NAME', 'zh_CN.UTF-8'), ('LESSCLOSE', '/usr/bin/lesspipe %s %s'), ('LC_MEASUREMENT', 'zh_CN.UTF-8'), ('LC_IDENTIFICATION', 'zh_CN.UTF-8'), ('VSCODE_GIT_ASKPASS_EXTRA_ARGS', ''), ('JETSON_CUDA_ARCH_BIN', '8.7'), ('PWD', '/data/rl_deploy/build/node_control_msgs'), ('LC_ALL', 'en_US.UTF-8'), ('SSH_CONNECTION', '192.168.8.113 50272 192.168.8.111 22'), ('XDG_DATA_DIRS', '/usr/share/gnome:/usr/local/share:/usr/share:/var/lib/snapd/desktop'), ('PYTHONPATH', '/opt/ros/humble/lib/python3.10/site-packages:/opt/ros/humble/local/lib/python3.10/dist-packages'), ('LC_NUMERIC', 'zh_CN.UTF-8'), ('LC_PAPER', 'zh_CN.UTF-8'), ('COLCON', '1'), ('JETSON_JETPACK', '6.2.1'), ('JETSON_P_NUMBER', 'p3767-0000'), ('CMAKE_PREFIX_PATH', '/opt/ros/humble')]), 'shell': False}
[1.101919] (-) TimerEvent: {}
[1.165725] (node_driver_msgs) StdoutLine: {'line': b'-- Install configuration: ""\n'}
[1.166368] (node_driver_msgs) StdoutLine: {'line': b'-- Up-to-date: /data/rl_deploy/install/node_driver_msgs/share/ament_index/resource_index/rosidl_interfaces/node_driver_msgs\n'}
[1.166890] (node_driver_msgs) StdoutLine: {'line': b'-- Up-to-date: /data/rl_deploy/install/node_driver_msgs/include/node_driver_msgs/node_driver_msgs\n'}
[1.167138] (node_driver_msgs) StdoutLine: {'line': b'-- Up-to-date: /data/rl_deploy/install/node_driver_msgs/include/node_driver_msgs/node_driver_msgs/msg\n'}
[1.167346] (node_driver_msgs) StdoutLine: {'line': b'-- Up-to-date: /data/rl_deploy/install/node_driver_msgs/include/node_driver_msgs/node_driver_msgs/msg/sensormsgcontrol.h\n'}
[1.167485] (node_driver_msgs) StdoutLine: {'line': b'-- Up-to-date: /data/rl_deploy/install/node_driver_msgs/include/node_driver_msgs/node_driver_msgs/msg/detail\n'}
[1.167653] (node_driver_msgs) StdoutLine: {'line': b'-- Up-to-date: /data/rl_deploy/install/node_driver_msgs/include/node_driver_msgs/node_driver_msgs/msg/detail/sensormsgcontrol__type_support.h\n'}
[1.167899] (node_driver_msgs) StdoutLine: {'line': b'-- Up-to-date: /data/rl_deploy/install/node_driver_msgs/include/node_driver_msgs/node_driver_msgs/msg/detail/sensormsgcontrol__functions.h\n'}
[1.168138] (node_driver_msgs) StdoutLine: {'line': b'-- Up-to-date: /data/rl_deploy/install/node_driver_msgs/include/node_driver_msgs/node_driver_msgs/msg/detail/sensormsgstate__functions.h\n'}
[1.168274] (node_driver_msgs) StdoutLine: {'line': b'-- Up-to-date: /data/rl_deploy/install/node_driver_msgs/include/node_driver_msgs/node_driver_msgs/msg/detail/sensormsgcontrol__struct.h\n'}
[1.168472] (node_driver_msgs) StdoutLine: {'line': b'-- Up-to-date: /data/rl_deploy/install/node_driver_msgs/include/node_driver_msgs/node_driver_msgs/msg/detail/sensormsgstate__struct.h\n'}
[1.168693] (node_driver_msgs) StdoutLine: {'line': b'-- Up-to-date: /data/rl_deploy/install/node_driver_msgs/include/node_driver_msgs/node_driver_msgs/msg/detail/sensormsgcontrol__functions.c\n'}
[1.169147] (node_driver_msgs) StdoutLine: {'line': b'-- Up-to-date: /data/rl_deploy/install/node_driver_msgs/include/node_driver_msgs/node_driver_msgs/msg/detail/sensormsgstate__functions.c\n'}
[1.169300] (node_driver_msgs) StdoutLine: {'line': b'-- Up-to-date: /data/rl_deploy/install/node_driver_msgs/include/node_driver_msgs/node_driver_msgs/msg/detail/sensormsgstate__type_support.h\n'}
[1.169415] (node_driver_msgs) StdoutLine: {'line': b'-- Up-to-date: /data/rl_deploy/install/node_driver_msgs/include/node_driver_msgs/node_driver_msgs/msg/rosidl_generator_c__visibility_control.h\n'}
[1.169523] (node_driver_msgs) StdoutLine: {'line': b'-- Up-to-date: /data/rl_deploy/install/node_driver_msgs/include/node_driver_msgs/node_driver_msgs/msg/sensormsgstate.h\n'}
[1.169738] (node_driver_msgs) StdoutLine: {'line': b'-- Up-to-date: /data/rl_deploy/install/node_driver_msgs/share/node_driver_msgs/environment/library_path.sh\n'}
[1.169976] (node_driver_msgs) StdoutLine: {'line': b'-- Up-to-date: /data/rl_deploy/install/node_driver_msgs/share/node_driver_msgs/environment/library_path.dsv\n'}
[1.170090] (node_driver_msgs) StdoutLine: {'line': b'-- Up-to-date: /data/rl_deploy/install/node_driver_msgs/lib/libnode_driver_msgs__rosidl_generator_c.so\n'}
[1.170197] (node_driver_msgs) StdoutLine: {'line': b'-- Up-to-date: /data/rl_deploy/install/node_driver_msgs/include/node_driver_msgs/node_driver_msgs\n'}
[1.170443] (node_driver_msgs) StdoutLine: {'line': b'-- Up-to-date: /data/rl_deploy/install/node_driver_msgs/include/node_driver_msgs/node_driver_msgs/msg\n'}
[1.170697] (node_driver_msgs) StdoutLine: {'line': b'-- Up-to-date: /data/rl_deploy/install/node_driver_msgs/include/node_driver_msgs/node_driver_msgs/msg/detail\n'}
[1.171212] (node_driver_msgs) StdoutLine: {'line': b'-- Up-to-date: /data/rl_deploy/install/node_driver_msgs/include/node_driver_msgs/node_driver_msgs/msg/detail/sensormsgcontrol__rosidl_typesupport_fastrtps_c.h\n'}
[1.171376] (node_driver_msgs) StdoutLine: {'line': b'-- Up-to-date: /data/rl_deploy/install/node_driver_msgs/include/node_driver_msgs/node_driver_msgs/msg/detail/sensormsgstate__rosidl_typesupport_fastrtps_c.h\n'}
[1.171539] (node_driver_msgs) StdoutLine: {'line': b'-- Up-to-date: /data/rl_deploy/install/node_driver_msgs/include/node_driver_msgs/node_driver_msgs/msg/rosidl_typesupport_fastrtps_c__visibility_control.h\n'}
[1.171674] (node_driver_msgs) StdoutLine: {'line': b'-- Up-to-date: /data/rl_deploy/install/node_driver_msgs/lib/libnode_driver_msgs__rosidl_typesupport_fastrtps_c.so\n'}
[1.172078] (node_driver_msgs) StdoutLine: {'line': b'-- Up-to-date: /data/rl_deploy/install/node_driver_msgs/include/node_driver_msgs/node_driver_msgs\n'}
[1.173002] (node_driver_msgs) StdoutLine: {'line': b'-- Up-to-date: /data/rl_deploy/install/node_driver_msgs/include/node_driver_msgs/node_driver_msgs/msg\n'}
[1.173449] (node_driver_msgs) StdoutLine: {'line': b'-- Up-to-date: /data/rl_deploy/install/node_driver_msgs/include/node_driver_msgs/node_driver_msgs/msg/detail\n'}
[1.173955] (node_driver_msgs) StdoutLine: {'line': b'-- Up-to-date: /data/rl_deploy/install/node_driver_msgs/include/node_driver_msgs/node_driver_msgs/msg/detail/sensormsgstate__type_support.c\n'}
[1.175142] (node_driver_msgs) StdoutLine: {'line': b'-- Up-to-date: /data/rl_deploy/install/node_driver_msgs/include/node_driver_msgs/node_driver_msgs/msg/detail/sensormsgcontrol__rosidl_typesupport_introspection_c.h\n'}
[1.175619] (node_driver_msgs) StdoutLine: {'line': b'-- Up-to-date: /data/rl_deploy/install/node_driver_msgs/include/node_driver_msgs/node_driver_msgs/msg/detail/sensormsgcontrol__type_support.c\n'}
[1.176044] (node_driver_msgs) StdoutLine: {'line': b'-- Up-to-date: /data/rl_deploy/install/node_driver_msgs/include/node_driver_msgs/node_driver_msgs/msg/detail/sensormsgstate__rosidl_typesupport_introspection_c.h\n'}
[1.176371] (node_driver_msgs) StdoutLine: {'line': b'-- Up-to-date: /data/rl_deploy/install/node_driver_msgs/include/node_driver_msgs/node_driver_msgs/msg/rosidl_typesupport_introspection_c__visibility_control.h\n'}
[1.176548] (node_driver_msgs) StdoutLine: {'line': b'-- Up-to-date: /data/rl_deploy/install/node_driver_msgs/lib/libnode_driver_msgs__rosidl_typesupport_introspection_c.so\n'}
[1.176836] (node_driver_msgs) StdoutLine: {'line': b'-- Up-to-date: /data/rl_deploy/install/node_driver_msgs/lib/libnode_driver_msgs__rosidl_typesupport_c.so\n'}
[1.177297] (node_driver_msgs) StdoutLine: {'line': b'-- Up-to-date: /data/rl_deploy/install/node_driver_msgs/include/node_driver_msgs/node_driver_msgs\n'}
[1.177427] (node_driver_msgs) StdoutLine: {'line': b'-- Up-to-date: /data/rl_deploy/install/node_driver_msgs/include/node_driver_msgs/node_driver_msgs/msg\n'}
[1.177698] (node_driver_msgs) StdoutLine: {'line': b'-- Up-to-date: /data/rl_deploy/install/node_driver_msgs/include/node_driver_msgs/node_driver_msgs/msg/sensormsgcontrol.hpp\n'}
[1.178053] (node_driver_msgs) StdoutLine: {'line': b'-- Up-to-date: /data/rl_deploy/install/node_driver_msgs/include/node_driver_msgs/node_driver_msgs/msg/detail\n'}
[1.178232] (node_driver_msgs) StdoutLine: {'line': b'-- Up-to-date: /data/rl_deploy/install/node_driver_msgs/include/node_driver_msgs/node_driver_msgs/msg/detail/sensormsgstate__type_support.hpp\n'}
[1.178424] (node_driver_msgs) StdoutLine: {'line': b'-- Up-to-date: /data/rl_deploy/install/node_driver_msgs/include/node_driver_msgs/node_driver_msgs/msg/detail/sensormsgcontrol__traits.hpp\n'}
[1.178610] (node_driver_msgs) StdoutLine: {'line': b'-- Up-to-date: /data/rl_deploy/install/node_driver_msgs/include/node_driver_msgs/node_driver_msgs/msg/detail/sensormsgstate__struct.hpp\n'}
[1.178913] (node_driver_msgs) StdoutLine: {'line': b'-- Up-to-date: /data/rl_deploy/install/node_driver_msgs/include/node_driver_msgs/node_driver_msgs/msg/detail/sensormsgcontrol__builder.hpp\n'}
[1.179134] (node_driver_msgs) StdoutLine: {'line': b'-- Up-to-date: /data/rl_deploy/install/node_driver_msgs/include/node_driver_msgs/node_driver_msgs/msg/detail/sensormsgcontrol__struct.hpp\n'}
[1.179265] (node_driver_msgs) StdoutLine: {'line': b'-- Up-to-date: /data/rl_deploy/install/node_driver_msgs/include/node_driver_msgs/node_driver_msgs/msg/detail/sensormsgstate__traits.hpp\n'}
[1.179437] (node_driver_msgs) StdoutLine: {'line': b'-- Up-to-date: /data/rl_deploy/install/node_driver_msgs/include/node_driver_msgs/node_driver_msgs/msg/detail/sensormsgcontrol__type_support.hpp\n'}
[1.179757] (node_driver_msgs) StdoutLine: {'line': b'-- Up-to-date: /data/rl_deploy/install/node_driver_msgs/include/node_driver_msgs/node_driver_msgs/msg/detail/sensormsgstate__builder.hpp\n'}
[1.180019] (node_driver_msgs) StdoutLine: {'line': b'-- Up-to-date: /data/rl_deploy/install/node_driver_msgs/include/node_driver_msgs/node_driver_msgs/msg/sensormsgstate.hpp\n'}
[1.180226] (node_driver_msgs) StdoutLine: {'line': b'-- Up-to-date: /data/rl_deploy/install/node_driver_msgs/include/node_driver_msgs/node_driver_msgs/msg/rosidl_generator_cpp__visibility_control.hpp\n'}
[1.180596] (node_driver_msgs) StdoutLine: {'line': b'-- Up-to-date: /data/rl_deploy/install/node_driver_msgs/include/node_driver_msgs/node_driver_msgs\n'}
[1.181568] (node_driver_msgs) StdoutLine: {'line': b'-- Up-to-date: /data/rl_deploy/install/node_driver_msgs/include/node_driver_msgs/node_driver_msgs/msg\n'}
[1.182021] (node_driver_msgs) StdoutLine: {'line': b'-- Up-to-date: /data/rl_deploy/install/node_driver_msgs/include/node_driver_msgs/node_driver_msgs/msg/rosidl_typesupport_fastrtps_cpp__visibility_control.h\n'}
[1.182284] (node_driver_msgs) StdoutLine: {'line': b'-- Up-to-date: /data/rl_deploy/install/node_driver_msgs/include/node_driver_msgs/node_driver_msgs/msg/detail\n'}
[1.182911] (node_driver_msgs) StdoutLine: {'line': b'-- Up-to-date: /data/rl_deploy/install/node_driver_msgs/include/node_driver_msgs/node_driver_msgs/msg/detail/dds_fastrtps\n'}
[1.183237] (node_driver_msgs) StdoutLine: {'line': b'-- Up-to-date: /data/rl_deploy/install/node_driver_msgs/include/node_driver_msgs/node_driver_msgs/msg/detail/sensormsgcontrol__rosidl_typesupport_fastrtps_cpp.hpp\n'}
[1.183424] (node_driver_msgs) StdoutLine: {'line': b'-- Up-to-date: /data/rl_deploy/install/node_driver_msgs/include/node_driver_msgs/node_driver_msgs/msg/detail/sensormsgstate__rosidl_typesupport_fastrtps_cpp.hpp\n'}
[1.183747] (node_control_msgs) StdoutLine: {'line': b'-- Install configuration: ""\n'}
[1.183982] (node_control_msgs) StdoutLine: {'line': b'-- Up-to-date: /data/rl_deploy/install/node_control_msgs/share/ament_index/resource_index/rosidl_interfaces/node_control_msgs\n'}
[1.184105] (node_driver_msgs) StdoutLine: {'line': b'-- Up-to-date: /data/rl_deploy/install/node_driver_msgs/lib/libnode_driver_msgs__rosidl_typesupport_fastrtps_cpp.so\n'}
[1.184409] (node_control_msgs) StdoutLine: {'line': b'-- Up-to-date: /data/rl_deploy/install/node_control_msgs/include/node_control_msgs/node_control_msgs\n'}
[1.184874] (node_control_msgs) StdoutLine: {'line': b'-- Up-to-date: /data/rl_deploy/install/node_control_msgs/include/node_control_msgs/node_control_msgs/srv\n'}
[1.185160] (node_control_msgs) StdoutLine: {'line': b'-- Up-to-date: /data/rl_deploy/install/node_control_msgs/include/node_control_msgs/node_control_msgs/srv/motor_config_status.h\n'}
[1.185340] (node_control_msgs) StdoutLine: {'line': b'-- Up-to-date: /data/rl_deploy/install/node_control_msgs/include/node_control_msgs/node_control_msgs/srv/detail\n'}
[1.185588] (node_control_msgs) StdoutLine: {'line': b'-- Up-to-date: /data/rl_deploy/install/node_control_msgs/include/node_control_msgs/node_control_msgs/srv/detail/motor_config_status__functions.h\n'}
[1.185862] (node_control_msgs) StdoutLine: {'line': b'-- Up-to-date: /data/rl_deploy/install/node_control_msgs/include/node_control_msgs/node_control_msgs/srv/detail/motor_config_status__struct.h\n'}
[1.186023] (node_control_msgs) StdoutLine: {'line': b'-- Up-to-date: /data/rl_deploy/install/node_control_msgs/include/node_control_msgs/node_control_msgs/srv/detail/motor_config_status__functions.c\n'}
[1.186134] (node_control_msgs) StdoutLine: {'line': b'-- Up-to-date: /data/rl_deploy/install/node_control_msgs/include/node_control_msgs/node_control_msgs/srv/detail/motor_config_status__type_support.h\n'}
[1.186243] (node_control_msgs) StdoutLine: {'line': b'-- Up-to-date: /data/rl_deploy/install/node_control_msgs/include/node_control_msgs/node_control_msgs/msg\n'}
[1.186674] (node_control_msgs) StdoutLine: {'line': b'-- Up-to-date: /data/rl_deploy/install/node_control_msgs/include/node_control_msgs/node_control_msgs/msg/motor_health.h\n'}
[1.186997] (node_control_msgs) StdoutLine: {'line': b'-- Up-to-date: /data/rl_deploy/install/node_control_msgs/include/node_control_msgs/node_control_msgs/msg/motor_config_dev.h\n'}
[1.187140] (node_control_msgs) StdoutLine: {'line': b'-- Up-to-date: /data/rl_deploy/install/node_control_msgs/include/node_control_msgs/node_control_msgs/msg/motor_feedback.h\n'}
[1.187253] (node_control_msgs) StdoutLine: {'line': b'-- Up-to-date: /data/rl_deploy/install/node_control_msgs/include/node_control_msgs/node_control_msgs/msg/motor_health_state.h\n'}
[1.187892] (node_control_msgs) StdoutLine: {'line': b'-- Up-to-date: /data/rl_deploy/install/node_control_msgs/include/node_control_msgs/node_control_msgs/msg/motor_config.h\n'}
[1.188090] (node_control_msgs) StdoutLine: {'line': b'-- Up-to-date: /data/rl_deploy/install/node_control_msgs/include/node_control_msgs/node_control_msgs/msg/motor_info_value.h\n'}
[1.188208] (node_control_msgs) StdoutLine: {'line': b'-- Up-to-date: /data/rl_deploy/install/node_control_msgs/include/node_control_msgs/node_control_msgs/msg/motor_control.h\n'}
[1.188404] (node_control_msgs) StdoutLine: {'line': b'-- Up-to-date: /data/rl_deploy/install/node_control_msgs/include/node_control_msgs/node_control_msgs/msg/detail\n'}
[1.188845] (node_driver_msgs) StdoutLine: {'line': b'-- Up-to-date: /data/rl_deploy/install/node_driver_msgs/include/node_driver_msgs/node_driver_msgs\n'}
[1.189092] (node_driver_msgs) StdoutLine: {'line': b'-- Up-to-date: /data/rl_deploy/install/node_driver_msgs/include/node_driver_msgs/node_driver_msgs/msg\n'}
[1.189461] (node_driver_msgs) StdoutLine: {'line': b'-- Up-to-date: /data/rl_deploy/install/node_driver_msgs/include/node_driver_msgs/node_driver_msgs/msg/detail\n'}
[1.189916] (node_driver_msgs) StdoutLine: {'line': b'-- Up-to-date: /data/rl_deploy/install/node_driver_msgs/include/node_driver_msgs/node_driver_msgs/msg/detail/sensormsgstate__rosidl_typesupport_introspection_cpp.hpp\n'}
[1.190280] (node_driver_msgs) StdoutLine: {'line': b'-- Up-to-date: /data/rl_deploy/install/node_driver_msgs/include/node_driver_msgs/node_driver_msgs/msg/detail/sensormsgstate__type_support.cpp\n'}
[1.190471] (node_driver_msgs) StdoutLine: {'line': b'-- Up-to-date: /data/rl_deploy/install/node_driver_msgs/include/node_driver_msgs/node_driver_msgs/msg/detail/sensormsgcontrol__rosidl_typesupport_introspection_cpp.hpp\n'}
[1.190659] (node_driver_msgs) StdoutLine: {'line': b'-- Up-to-date: /data/rl_deploy/install/node_driver_msgs/include/node_driver_msgs/node_driver_msgs/msg/detail/sensormsgcontrol__type_support.cpp\n'}
[1.190889] (node_driver_msgs) StdoutLine: {'line': b'-- Up-to-date: /data/rl_deploy/install/node_driver_msgs/lib/libnode_driver_msgs__rosidl_typesupport_introspection_cpp.so\n'}
[1.191077] (node_control_msgs) StdoutLine: {'line': b'-- Up-to-date: /data/rl_deploy/install/node_control_msgs/include/node_control_msgs/node_control_msgs/msg/detail/motor_command__type_support.h\n'}
[1.191199] (node_control_msgs) StdoutLine: {'line': b'-- Up-to-date: /data/rl_deploy/install/node_control_msgs/include/node_control_msgs/node_control_msgs/msg/detail/motor_health_state__struct.h\n'}
[1.191385] (node_control_msgs) StdoutLine: {'line': b'-- Up-to-date: /data/rl_deploy/install/node_control_msgs/include/node_control_msgs/node_control_msgs/msg/detail/motor_config_dev__functions.h\n'}
[1.191549] (node_driver_msgs) StdoutLine: {'line': b'-- Up-to-date: /data/rl_deploy/install/node_driver_msgs/lib/libnode_driver_msgs__rosidl_typesupport_cpp.so\n'}
[1.191691] (node_control_msgs) StdoutLine: {'line': b'-- Up-to-date: /data/rl_deploy/install/node_control_msgs/include/node_control_msgs/node_control_msgs/msg/detail/motor_command__functions.h\n'}
[1.191911] (node_control_msgs) StdoutLine: {'line': b'-- Up-to-date: /data/rl_deploy/install/node_control_msgs/include/node_control_msgs/node_control_msgs/msg/detail/motor_command__struct.h\n'}
[1.192024] (node_control_msgs) StdoutLine: {'line': b'-- Up-to-date: /data/rl_deploy/install/node_control_msgs/include/node_control_msgs/node_control_msgs/msg/detail/motor_info__functions.c\n'}
[1.192134] (node_control_msgs) StdoutLine: {'line': b'-- Up-to-date: /data/rl_deploy/install/node_control_msgs/include/node_control_msgs/node_control_msgs/msg/detail/motor_info__functions.h\n'}
[1.192239] (node_control_msgs) StdoutLine: {'line': b'-- Up-to-date: /data/rl_deploy/install/node_control_msgs/include/node_control_msgs/node_control_msgs/msg/detail/motor_info_value__functions.h\n'}
[1.192440] (node_control_msgs) StdoutLine: {'line': b'-- Up-to-date: /data/rl_deploy/install/node_control_msgs/include/node_control_msgs/node_control_msgs/msg/detail/motor_info__struct.h\n'}
[1.192622] (node_control_msgs) StdoutLine: {'line': b'-- Up-to-date: /data/rl_deploy/install/node_control_msgs/include/node_control_msgs/node_control_msgs/msg/detail/motor_feedback__type_support.h\n'}
[1.192834] (node_control_msgs) StdoutLine: {'line': b'-- Up-to-date: /data/rl_deploy/install/node_control_msgs/include/node_control_msgs/node_control_msgs/msg/detail/motor_control__type_support.h\n'}
[1.192999] (node_control_msgs) StdoutLine: {'line': b'-- Up-to-date: /data/rl_deploy/install/node_control_msgs/include/node_control_msgs/node_control_msgs/msg/detail/motor_health_state__functions.c\n'}
[1.193138] (node_control_msgs) StdoutLine: {'line': b'-- Up-to-date: /data/rl_deploy/install/node_control_msgs/include/node_control_msgs/node_control_msgs/msg/detail/motor_config_dev__type_support.h\n'}
[1.193312] (node_control_msgs) StdoutLine: {'line': b'-- Up-to-date: /data/rl_deploy/install/node_control_msgs/include/node_control_msgs/node_control_msgs/msg/detail/motor_info_value__struct.h\n'}
[1.193477] (node_control_msgs) StdoutLine: {'line': b'-- Up-to-date: /data/rl_deploy/install/node_control_msgs/include/node_control_msgs/node_control_msgs/msg/detail/motor_control__functions.h\n'}
[1.193615] (node_control_msgs) StdoutLine: {'line': b'-- Up-to-date: /data/rl_deploy/install/node_control_msgs/include/node_control_msgs/node_control_msgs/msg/detail/motor_command_feedback__functions.c\n'}
[1.193740] (node_driver_msgs) StdoutLine: {'line': b'-- Up-to-date: /data/rl_deploy/install/node_driver_msgs/share/node_driver_msgs/environment/pythonpath.sh\n'}
[1.193925] (node_driver_msgs) StdoutLine: {'line': b'-- Up-to-date: /data/rl_deploy/install/node_driver_msgs/share/node_driver_msgs/environment/pythonpath.dsv\n'}
[1.194034] (node_control_msgs) StdoutLine: {'line': b'-- Up-to-date: /data/rl_deploy/install/node_control_msgs/include/node_control_msgs/node_control_msgs/msg/detail/motor_feedback__functions.c\n'}
[1.194148] (node_control_msgs) StdoutLine: {'line': b'-- Up-to-date: /data/rl_deploy/install/node_control_msgs/include/node_control_msgs/node_control_msgs/msg/detail/motor_config_dev__struct.h\n'}
[1.194251] (node_control_msgs) StdoutLine: {'line': b'-- Up-to-date: /data/rl_deploy/install/node_control_msgs/include/node_control_msgs/node_control_msgs/msg/detail/motor_config__functions.h\n'}
[1.194431] (node_control_msgs) StdoutLine: {'line': b'-- Up-to-date: /data/rl_deploy/install/node_control_msgs/include/node_control_msgs/node_control_msgs/msg/detail/motor_health__functions.h\n'}
[1.194603] (node_control_msgs) StdoutLine: {'line': b'-- Up-to-date: /data/rl_deploy/install/node_control_msgs/include/node_control_msgs/node_control_msgs/msg/detail/motor_health_state__type_support.h\n'}
[1.194770] (node_driver_msgs) StdoutLine: {'line': b'-- Up-to-date: /data/rl_deploy/install/node_driver_msgs/local/lib/python3.10/dist-packages/node_driver_msgs-0.0.0-py3.10.egg-info\n'}
[1.194972] (node_driver_msgs) StdoutLine: {'line': b'-- Installing: /data/rl_deploy/install/node_driver_msgs/local/lib/python3.10/dist-packages/node_driver_msgs-0.0.0-py3.10.egg-info/top_level.txt\n'}
[1.195108] (node_control_msgs) StdoutLine: {'line': b'-- Up-to-date: /data/rl_deploy/install/node_control_msgs/include/node_control_msgs/node_control_msgs/msg/detail/motor_feedback__functions.h\n'}
[1.195216] (node_control_msgs) StdoutLine: {'line': b'-- Up-to-date: /data/rl_deploy/install/node_control_msgs/include/node_control_msgs/node_control_msgs/msg/detail/motor_info__type_support.h\n'}
[1.195456] (node_control_msgs) StdoutLine: {'line': b'-- Up-to-date: /data/rl_deploy/install/node_control_msgs/include/node_control_msgs/node_control_msgs/msg/detail/motor_info_value__functions.c\n'}
[1.195598] (node_control_msgs) StdoutLine: {'line': b'-- Up-to-date: /data/rl_deploy/install/node_control_msgs/include/node_control_msgs/node_control_msgs/msg/detail/motor_command_feedback__struct.h\n'}
[1.195775] (node_control_msgs) StdoutLine: {'line': b'-- Up-to-date: /data/rl_deploy/install/node_control_msgs/include/node_control_msgs/node_control_msgs/msg/detail/motor_command_feedback__functions.h\n'}
[1.195931] (node_control_msgs) StdoutLine: {'line': b'-- Up-to-date: /data/rl_deploy/install/node_control_msgs/include/node_control_msgs/node_control_msgs/msg/detail/motor_info_value__type_support.h\n'}
[1.196036] (node_control_msgs) StdoutLine: {'line': b'-- Up-to-date: /data/rl_deploy/install/node_control_msgs/include/node_control_msgs/node_control_msgs/msg/detail/motor_health__struct.h\n'}
[1.196139] (node_control_msgs) StdoutLine: {'line': b'-- Up-to-date: /data/rl_deploy/install/node_control_msgs/include/node_control_msgs/node_control_msgs/msg/detail/motor_config_dev__functions.c\n'}
[1.196239] (node_control_msgs) StdoutLine: {'line': b'-- Up-to-date: /data/rl_deploy/install/node_control_msgs/include/node_control_msgs/node_control_msgs/msg/detail/motor_config__functions.c\n'}
[1.196420] (node_driver_msgs) StdoutLine: {'line': b'-- Installing: /data/rl_deploy/install/node_driver_msgs/local/lib/python3.10/dist-packages/node_driver_msgs-0.0.0-py3.10.egg-info/PKG-INFO\n'}
[1.196613] (node_control_msgs) StdoutLine: {'line': b'-- Up-to-date: /data/rl_deploy/install/node_control_msgs/include/node_control_msgs/node_control_msgs/msg/detail/motor_command_feedback__type_support.h\n'}
[1.196843] (node_control_msgs) StdoutLine: {'line': b'-- Up-to-date: /data/rl_deploy/install/node_control_msgs/include/node_control_msgs/node_control_msgs/msg/detail/motor_health_state__functions.h\n'}
[1.197004] (node_control_msgs) StdoutLine: {'line': b'-- Up-to-date: /data/rl_deploy/install/node_control_msgs/include/node_control_msgs/node_control_msgs/msg/detail/motor_health__functions.c\n'}
[1.197170] (node_control_msgs) StdoutLine: {'line': b'-- Up-to-date: /data/rl_deploy/install/node_control_msgs/include/node_control_msgs/node_control_msgs/msg/detail/motor_health__type_support.h\n'}
[1.197354] (node_control_msgs) StdoutLine: {'line': b'-- Up-to-date: /data/rl_deploy/install/node_control_msgs/include/node_control_msgs/node_control_msgs/msg/detail/motor_feedback__struct.h\n'}
[1.197499] (node_control_msgs) StdoutLine: {'line': b'-- Up-to-date: /data/rl_deploy/install/node_control_msgs/include/node_control_msgs/node_control_msgs/msg/detail/motor_control__struct.h\n'}
[1.197630] (node_control_msgs) StdoutLine: {'line': b'-- Up-to-date: /data/rl_deploy/install/node_control_msgs/include/node_control_msgs/node_control_msgs/msg/detail/motor_control__functions.c\n'}
[1.197768] (node_control_msgs) StdoutLine: {'line': b'-- Up-to-date: /data/rl_deploy/install/node_control_msgs/include/node_control_msgs/node_control_msgs/msg/detail/motor_config__type_support.h\n'}
[1.197927] (node_driver_msgs) StdoutLine: {'line': b'-- Installing: /data/rl_deploy/install/node_driver_msgs/local/lib/python3.10/dist-packages/node_driver_msgs-0.0.0-py3.10.egg-info/SOURCES.txt\n'}
[1.198038] (node_control_msgs) StdoutLine: {'line': b'-- Up-to-date: /data/rl_deploy/install/node_control_msgs/include/node_control_msgs/node_control_msgs/msg/detail/motor_command__functions.c\n'}
[1.198140] (node_control_msgs) StdoutLine: {'line': b'-- Up-to-date: /data/rl_deploy/install/node_control_msgs/include/node_control_msgs/node_control_msgs/msg/detail/motor_config__struct.h\n'}
[1.198241] (node_control_msgs) StdoutLine: {'line': b'-- Up-to-date: /data/rl_deploy/install/node_control_msgs/include/node_control_msgs/node_control_msgs/msg/rosidl_generator_c__visibility_control.h\n'}
[1.198421] (node_control_msgs) StdoutLine: {'line': b'-- Up-to-date: /data/rl_deploy/install/node_control_msgs/include/node_control_msgs/node_control_msgs/msg/motor_command_feedback.h\n'}
[1.198592] (node_control_msgs) StdoutLine: {'line': b'-- Up-to-date: /data/rl_deploy/install/node_control_msgs/include/node_control_msgs/node_control_msgs/msg/motor_info.h\n'}
[1.198782] (node_control_msgs) StdoutLine: {'line': b'-- Up-to-date: /data/rl_deploy/install/node_control_msgs/include/node_control_msgs/node_control_msgs/msg/motor_command.h\n'}
[1.199012] (node_control_msgs) StdoutLine: {'line': b'-- Up-to-date: /data/rl_deploy/install/node_control_msgs/share/node_control_msgs/environment/library_path.sh\n'}
[1.199152] (node_control_msgs) StdoutLine: {'line': b'-- Up-to-date: /data/rl_deploy/install/node_control_msgs/share/node_control_msgs/environment/library_path.dsv\n'}
[1.199273] (node_driver_msgs) StdoutLine: {'line': b'-- Installing: /data/rl_deploy/install/node_driver_msgs/local/lib/python3.10/dist-packages/node_driver_msgs-0.0.0-py3.10.egg-info/dependency_links.txt\n'}
[1.199493] (node_driver_msgs) StdoutLine: {'line': b'-- Up-to-date: /data/rl_deploy/install/node_driver_msgs/local/lib/python3.10/dist-packages/node_driver_msgs\n'}
[1.199631] (node_driver_msgs) StdoutLine: {'line': b'-- Up-to-date: /data/rl_deploy/install/node_driver_msgs/local/lib/python3.10/dist-packages/node_driver_msgs/_node_driver_msgs_s.ep.rosidl_typesupport_c.c\n'}
[1.199792] (node_driver_msgs) StdoutLine: {'line': b'-- Up-to-date: /data/rl_deploy/install/node_driver_msgs/local/lib/python3.10/dist-packages/node_driver_msgs/node_driver_msgs_s__rosidl_typesupport_fastrtps_c.cpython-310-aarch64-linux-gnu.so\n'}
[1.199950] (node_driver_msgs) StdoutLine: {'line': b'-- Up-to-date: /data/rl_deploy/install/node_driver_msgs/local/lib/python3.10/dist-packages/node_driver_msgs/_node_driver_msgs_s.ep.rosidl_typesupport_introspection_c.c\n'}
[1.200057] (node_driver_msgs) StdoutLine: {'line': b'-- Up-to-date: /data/rl_deploy/install/node_driver_msgs/local/lib/python3.10/dist-packages/node_driver_msgs/libnode_driver_msgs__rosidl_generator_py.so\n'}
[1.200159] (node_control_msgs) StdoutLine: {'line': b'-- Up-to-date: /data/rl_deploy/install/node_control_msgs/lib/libnode_control_msgs__rosidl_generator_c.so\n'}
[1.200288] (node_driver_msgs) StdoutLine: {'line': b'-- Up-to-date: /data/rl_deploy/install/node_driver_msgs/local/lib/python3.10/dist-packages/node_driver_msgs/node_driver_msgs_s__rosidl_typesupport_c.cpython-310-aarch64-linux-gnu.so\n'}
[1.200455] (node_driver_msgs) StdoutLine: {'line': b'-- Up-to-date: /data/rl_deploy/install/node_driver_msgs/local/lib/python3.10/dist-packages/node_driver_msgs/__init__.py\n'}
[1.200629] (node_driver_msgs) StdoutLine: {'line': b'-- Up-to-date: /data/rl_deploy/install/node_driver_msgs/local/lib/python3.10/dist-packages/node_driver_msgs/node_driver_msgs_s__rosidl_typesupport_introspection_c.cpython-310-aarch64-linux-gnu.so\n'}
[1.200867] (node_driver_msgs) StdoutLine: {'line': b'-- Up-to-date: /data/rl_deploy/install/node_driver_msgs/local/lib/python3.10/dist-packages/node_driver_msgs/_node_driver_msgs_s.ep.rosidl_typesupport_fastrtps_c.c\n'}
[1.201032] (node_driver_msgs) StdoutLine: {'line': b'-- Up-to-date: /data/rl_deploy/install/node_driver_msgs/local/lib/python3.10/dist-packages/node_driver_msgs/msg\n'}
[1.201161] (node_driver_msgs) StdoutLine: {'line': b'-- Up-to-date: /data/rl_deploy/install/node_driver_msgs/local/lib/python3.10/dist-packages/node_driver_msgs/msg/__init__.py\n'}
[1.201373] (node_control_msgs) StdoutLine: {'line': b'-- Up-to-date: /data/rl_deploy/install/node_control_msgs/include/node_control_msgs/node_control_msgs\n'}
[1.201505] (node_driver_msgs) StdoutLine: {'line': b'-- Up-to-date: /data/rl_deploy/install/node_driver_msgs/local/lib/python3.10/dist-packages/node_driver_msgs/msg/_sensormsgstate_s.c\n'}
[1.201643] (node_driver_msgs) StdoutLine: {'line': b'-- Up-to-date: /data/rl_deploy/install/node_driver_msgs/local/lib/python3.10/dist-packages/node_driver_msgs/msg/_sensormsgcontrol.py\n'}
[1.201764] (node_control_msgs) StdoutLine: {'line': b'-- Up-to-date: /data/rl_deploy/install/node_control_msgs/include/node_control_msgs/node_control_msgs/srv\n'}
[1.201918] (-) TimerEvent: {}
[1.202102] (node_control_msgs) StdoutLine: {'line': b'-- Up-to-date: /data/rl_deploy/install/node_control_msgs/include/node_control_msgs/node_control_msgs/srv/detail\n'}
[1.202232] (node_control_msgs) StdoutLine: {'line': b'-- Up-to-date: /data/rl_deploy/install/node_control_msgs/include/node_control_msgs/node_control_msgs/srv/detail/motor_config_status__rosidl_typesupport_fastrtps_c.h\n'}
[1.202437] (node_driver_msgs) StdoutLine: {'line': b'-- Up-to-date: /data/rl_deploy/install/node_driver_msgs/local/lib/python3.10/dist-packages/node_driver_msgs/msg/_sensormsgstate.py\n'}
[1.202638] (node_driver_msgs) StdoutLine: {'line': b'-- Up-to-date: /data/rl_deploy/install/node_driver_msgs/local/lib/python3.10/dist-packages/node_driver_msgs/msg/_sensormsgcontrol_s.c\n'}
[1.202877] (node_control_msgs) StdoutLine: {'line': b'-- Up-to-date: /data/rl_deploy/install/node_control_msgs/include/node_control_msgs/node_control_msgs/msg\n'}
[1.203040] (node_control_msgs) StdoutLine: {'line': b'-- Up-to-date: /data/rl_deploy/install/node_control_msgs/include/node_control_msgs/node_control_msgs/msg/detail\n'}
[1.203186] (node_control_msgs) StdoutLine: {'line': b'-- Up-to-date: /data/rl_deploy/install/node_control_msgs/include/node_control_msgs/node_control_msgs/msg/detail/motor_info__rosidl_typesupport_fastrtps_c.h\n'}
[1.203325] (node_control_msgs) StdoutLine: {'line': b'-- Up-to-date: /data/rl_deploy/install/node_control_msgs/include/node_control_msgs/node_control_msgs/msg/detail/motor_config_dev__rosidl_typesupport_fastrtps_c.h\n'}
[1.203545] (node_control_msgs) StdoutLine: {'line': b'-- Up-to-date: /data/rl_deploy/install/node_control_msgs/include/node_control_msgs/node_control_msgs/msg/detail/motor_health__rosidl_typesupport_fastrtps_c.h\n'}
[1.203686] (node_control_msgs) StdoutLine: {'line': b'-- Up-to-date: /data/rl_deploy/install/node_control_msgs/include/node_control_msgs/node_control_msgs/msg/detail/motor_control__rosidl_typesupport_fastrtps_c.h\n'}
[1.203855] (node_control_msgs) StdoutLine: {'line': b'-- Up-to-date: /data/rl_deploy/install/node_control_msgs/include/node_control_msgs/node_control_msgs/msg/detail/motor_info_value__rosidl_typesupport_fastrtps_c.h\n'}
[1.203985] (node_control_msgs) StdoutLine: {'line': b'-- Up-to-date: /data/rl_deploy/install/node_control_msgs/include/node_control_msgs/node_control_msgs/msg/detail/motor_feedback__rosidl_typesupport_fastrtps_c.h\n'}
[1.204091] (node_control_msgs) StdoutLine: {'line': b'-- Up-to-date: /data/rl_deploy/install/node_control_msgs/include/node_control_msgs/node_control_msgs/msg/detail/motor_config__rosidl_typesupport_fastrtps_c.h\n'}
[1.204193] (node_control_msgs) StdoutLine: {'line': b'-- Up-to-date: /data/rl_deploy/install/node_control_msgs/include/node_control_msgs/node_control_msgs/msg/detail/motor_health_state__rosidl_typesupport_fastrtps_c.h\n'}
[1.204369] (node_control_msgs) StdoutLine: {'line': b'-- Up-to-date: /data/rl_deploy/install/node_control_msgs/include/node_control_msgs/node_control_msgs/msg/detail/motor_command_feedback__rosidl_typesupport_fastrtps_c.h\n'}
[1.204479] (node_control_msgs) StdoutLine: {'line': b'-- Up-to-date: /data/rl_deploy/install/node_control_msgs/include/node_control_msgs/node_control_msgs/msg/detail/motor_command__rosidl_typesupport_fastrtps_c.h\n'}
[1.204695] (node_control_msgs) StdoutLine: {'line': b'-- Up-to-date: /data/rl_deploy/install/node_control_msgs/include/node_control_msgs/node_control_msgs/msg/rosidl_typesupport_fastrtps_c__visibility_control.h\n'}
[1.204912] (node_control_msgs) StdoutLine: {'line': b'-- Up-to-date: /data/rl_deploy/install/node_control_msgs/lib/libnode_control_msgs__rosidl_typesupport_fastrtps_c.so\n'}
[1.205095] (node_control_msgs) StdoutLine: {'line': b'-- Up-to-date: /data/rl_deploy/install/node_control_msgs/include/node_control_msgs/node_control_msgs\n'}
[1.205202] (node_control_msgs) StdoutLine: {'line': b'-- Up-to-date: /data/rl_deploy/install/node_control_msgs/include/node_control_msgs/node_control_msgs/srv\n'}
[1.205399] (node_control_msgs) StdoutLine: {'line': b'-- Up-to-date: /data/rl_deploy/install/node_control_msgs/include/node_control_msgs/node_control_msgs/srv/detail\n'}
[1.205520] (node_control_msgs) StdoutLine: {'line': b'-- Up-to-date: /data/rl_deploy/install/node_control_msgs/include/node_control_msgs/node_control_msgs/srv/detail/motor_config_status__type_support.c\n'}
[1.205655] (node_control_msgs) StdoutLine: {'line': b'-- Up-to-date: /data/rl_deploy/install/node_control_msgs/include/node_control_msgs/node_control_msgs/srv/detail/motor_config_status__rosidl_typesupport_introspection_c.h\n'}
[1.206215] (node_control_msgs) StdoutLine: {'line': b'-- Up-to-date: /data/rl_deploy/install/node_control_msgs/include/node_control_msgs/node_control_msgs/msg\n'}
[1.206496] (node_control_msgs) StdoutLine: {'line': b'-- Up-to-date: /data/rl_deploy/install/node_control_msgs/include/node_control_msgs/node_control_msgs/msg/detail\n'}
[1.206693] (node_control_msgs) StdoutLine: {'line': b'-- Up-to-date: /data/rl_deploy/install/node_control_msgs/include/node_control_msgs/node_control_msgs/msg/detail/motor_config_dev__rosidl_typesupport_introspection_c.h\n'}
[1.206932] (node_control_msgs) StdoutLine: {'line': b'-- Up-to-date: /data/rl_deploy/install/node_control_msgs/include/node_control_msgs/node_control_msgs/msg/detail/motor_health__rosidl_typesupport_introspection_c.h\n'}
[1.207121] (node_control_msgs) StdoutLine: {'line': b'-- Up-to-date: /data/rl_deploy/install/node_control_msgs/include/node_control_msgs/node_control_msgs/msg/detail/motor_info_value__type_support.c\n'}
[1.207243] (node_control_msgs) StdoutLine: {'line': b'-- Up-to-date: /data/rl_deploy/install/node_control_msgs/include/node_control_msgs/node_control_msgs/msg/detail/motor_info__type_support.c\n'}
[1.207418] (node_control_msgs) StdoutLine: {'line': b'-- Up-to-date: /data/rl_deploy/install/node_control_msgs/include/node_control_msgs/node_control_msgs/msg/detail/motor_control__type_support.c\n'}
[1.207542] (node_control_msgs) StdoutLine: {'line': b'-- Up-to-date: /data/rl_deploy/install/node_control_msgs/include/node_control_msgs/node_control_msgs/msg/detail/motor_config__type_support.c\n'}
[1.207737] (node_control_msgs) StdoutLine: {'line': b'-- Up-to-date: /data/rl_deploy/install/node_control_msgs/include/node_control_msgs/node_control_msgs/msg/detail/motor_command__type_support.c\n'}
[1.207928] (node_control_msgs) StdoutLine: {'line': b'-- Up-to-date: /data/rl_deploy/install/node_control_msgs/include/node_control_msgs/node_control_msgs/msg/detail/motor_health__type_support.c\n'}
[1.208038] (node_control_msgs) StdoutLine: {'line': b'-- Up-to-date: /data/rl_deploy/install/node_control_msgs/include/node_control_msgs/node_control_msgs/msg/detail/motor_info_value__rosidl_typesupport_introspection_c.h\n'}
[1.208164] (node_control_msgs) StdoutLine: {'line': b'-- Up-to-date: /data/rl_deploy/install/node_control_msgs/include/node_control_msgs/node_control_msgs/msg/detail/motor_command_feedback__type_support.c\n'}
[1.208290] (node_control_msgs) StdoutLine: {'line': b'-- Up-to-date: /data/rl_deploy/install/node_control_msgs/include/node_control_msgs/node_control_msgs/msg/detail/motor_config__rosidl_typesupport_introspection_c.h\n'}
[1.208452] (node_control_msgs) StdoutLine: {'line': b'-- Up-to-date: /data/rl_deploy/install/node_control_msgs/include/node_control_msgs/node_control_msgs/msg/detail/motor_command_feedback__rosidl_typesupport_introspection_c.h\n'}
[1.208636] (node_control_msgs) StdoutLine: {'line': b'-- Up-to-date: /data/rl_deploy/install/node_control_msgs/include/node_control_msgs/node_control_msgs/msg/detail/motor_command__rosidl_typesupport_introspection_c.h\n'}
[1.208866] (node_control_msgs) StdoutLine: {'line': b'-- Up-to-date: /data/rl_deploy/install/node_control_msgs/include/node_control_msgs/node_control_msgs/msg/detail/motor_health_state__rosidl_typesupport_introspection_c.h\n'}
[1.209033] (node_control_msgs) StdoutLine: {'line': b'-- Up-to-date: /data/rl_deploy/install/node_control_msgs/include/node_control_msgs/node_control_msgs/msg/detail/motor_info__rosidl_typesupport_introspection_c.h\n'}
[1.209175] (node_control_msgs) StdoutLine: {'line': b'-- Up-to-date: /data/rl_deploy/install/node_control_msgs/include/node_control_msgs/node_control_msgs/msg/detail/motor_feedback__type_support.c\n'}
[1.209302] (node_control_msgs) StdoutLine: {'line': b'-- Up-to-date: /data/rl_deploy/install/node_control_msgs/include/node_control_msgs/node_control_msgs/msg/detail/motor_control__rosidl_typesupport_introspection_c.h\n'}
[1.209440] (node_control_msgs) StdoutLine: {'line': b'-- Up-to-date: /data/rl_deploy/install/node_control_msgs/include/node_control_msgs/node_control_msgs/msg/detail/motor_config_dev__type_support.c\n'}
[1.209545] (node_control_msgs) StdoutLine: {'line': b'-- Up-to-date: /data/rl_deploy/install/node_control_msgs/include/node_control_msgs/node_control_msgs/msg/detail/motor_health_state__type_support.c\n'}
[1.209694] (node_control_msgs) StdoutLine: {'line': b'-- Up-to-date: /data/rl_deploy/install/node_control_msgs/include/node_control_msgs/node_control_msgs/msg/detail/motor_feedback__rosidl_typesupport_introspection_c.h\n'}
[1.209863] (node_control_msgs) StdoutLine: {'line': b'-- Up-to-date: /data/rl_deploy/install/node_control_msgs/include/node_control_msgs/node_control_msgs/msg/rosidl_typesupport_introspection_c__visibility_control.h\n'}
[1.209982] (node_control_msgs) StdoutLine: {'line': b'-- Up-to-date: /data/rl_deploy/install/node_control_msgs/lib/libnode_control_msgs__rosidl_typesupport_introspection_c.so\n'}
[1.210085] (node_control_msgs) StdoutLine: {'line': b'-- Up-to-date: /data/rl_deploy/install/node_control_msgs/lib/libnode_control_msgs__rosidl_typesupport_c.so\n'}
[1.210186] (node_control_msgs) StdoutLine: {'line': b'-- Up-to-date: /data/rl_deploy/install/node_control_msgs/include/node_control_msgs/node_control_msgs\n'}
[1.210453] (node_control_msgs) StdoutLine: {'line': b'-- Up-to-date: /data/rl_deploy/install/node_control_msgs/include/node_control_msgs/node_control_msgs/srv\n'}
[1.210652] (node_control_msgs) StdoutLine: {'line': b'-- Up-to-date: /data/rl_deploy/install/node_control_msgs/include/node_control_msgs/node_control_msgs/srv/motor_config_status.hpp\n'}
[1.210883] (node_control_msgs) StdoutLine: {'line': b'-- Up-to-date: /data/rl_deploy/install/node_control_msgs/include/node_control_msgs/node_control_msgs/srv/detail\n'}
[1.211049] (node_control_msgs) StdoutLine: {'line': b'-- Up-to-date: /data/rl_deploy/install/node_control_msgs/include/node_control_msgs/node_control_msgs/srv/detail/motor_config_status__struct.hpp\n'}
[1.211187] (node_control_msgs) StdoutLine: {'line': b'-- Up-to-date: /data/rl_deploy/install/node_control_msgs/include/node_control_msgs/node_control_msgs/srv/detail/motor_config_status__builder.hpp\n'}
[1.211317] (node_control_msgs) StdoutLine: {'line': b'-- Up-to-date: /data/rl_deploy/install/node_control_msgs/include/node_control_msgs/node_control_msgs/srv/detail/motor_config_status__traits.hpp\n'}
[1.211462] (node_control_msgs) StdoutLine: {'line': b'-- Up-to-date: /data/rl_deploy/install/node_control_msgs/include/node_control_msgs/node_control_msgs/srv/detail/motor_config_status__type_support.hpp\n'}
[1.211567] (node_control_msgs) StdoutLine: {'line': b'-- Up-to-date: /data/rl_deploy/install/node_control_msgs/include/node_control_msgs/node_control_msgs/msg\n'}
[1.211689] (node_control_msgs) StdoutLine: {'line': b'-- Up-to-date: /data/rl_deploy/install/node_control_msgs/include/node_control_msgs/node_control_msgs/msg/motor_info_value.hpp\n'}
[1.211851] (node_control_msgs) StdoutLine: {'line': b'-- Up-to-date: /data/rl_deploy/install/node_control_msgs/include/node_control_msgs/node_control_msgs/msg/motor_config_dev.hpp\n'}
[1.212053] (node_control_msgs) StdoutLine: {'line': b'-- Up-to-date: /data/rl_deploy/install/node_control_msgs/include/node_control_msgs/node_control_msgs/msg/motor_feedback.hpp\n'}
[1.212171] (node_control_msgs) StdoutLine: {'line': b'-- Up-to-date: /data/rl_deploy/install/node_control_msgs/include/node_control_msgs/node_control_msgs/msg/motor_config.hpp\n'}
[1.212370] (node_control_msgs) StdoutLine: {'line': b'-- Up-to-date: /data/rl_deploy/install/node_control_msgs/include/node_control_msgs/node_control_msgs/msg/motor_info.hpp\n'}
[1.212495] (node_control_msgs) StdoutLine: {'line': b'-- Up-to-date: /data/rl_deploy/install/node_control_msgs/include/node_control_msgs/node_control_msgs/msg/detail\n'}
[1.212673] (node_control_msgs) StdoutLine: {'line': b'-- Up-to-date: /data/rl_deploy/install/node_control_msgs/include/node_control_msgs/node_control_msgs/msg/detail/motor_command__builder.hpp\n'}
[1.212906] (node_control_msgs) StdoutLine: {'line': b'-- Up-to-date: /data/rl_deploy/install/node_control_msgs/include/node_control_msgs/node_control_msgs/msg/detail/motor_config_dev__struct.hpp\n'}
[1.213101] (node_control_msgs) StdoutLine: {'line': b'-- Up-to-date: /data/rl_deploy/install/node_control_msgs/include/node_control_msgs/node_control_msgs/msg/detail/motor_config__type_support.hpp\n'}
[1.213210] (node_control_msgs) StdoutLine: {'line': b'-- Up-to-date: /data/rl_deploy/install/node_control_msgs/include/node_control_msgs/node_control_msgs/msg/detail/motor_health__type_support.hpp\n'}
[1.213336] (node_control_msgs) StdoutLine: {'line': b'-- Up-to-date: /data/rl_deploy/install/node_control_msgs/include/node_control_msgs/node_control_msgs/msg/detail/motor_feedback__type_support.hpp\n'}
[1.213442] (node_control_msgs) StdoutLine: {'line': b'-- Up-to-date: /data/rl_deploy/install/node_control_msgs/include/node_control_msgs/node_control_msgs/msg/detail/motor_info__type_support.hpp\n'}
[1.213546] (node_control_msgs) StdoutLine: {'line': b'-- Up-to-date: /data/rl_deploy/install/node_control_msgs/include/node_control_msgs/node_control_msgs/msg/detail/motor_config_dev__traits.hpp\n'}
[1.213749] (node_control_msgs) StdoutLine: {'line': b'-- Up-to-date: /data/rl_deploy/install/node_control_msgs/include/node_control_msgs/node_control_msgs/msg/detail/motor_info__traits.hpp\n'}
[1.213932] (node_control_msgs) StdoutLine: {'line': b'-- Up-to-date: /data/rl_deploy/install/node_control_msgs/include/node_control_msgs/node_control_msgs/msg/detail/motor_health_state__traits.hpp\n'}
[1.214045] (node_control_msgs) StdoutLine: {'line': b'-- Up-to-date: /data/rl_deploy/install/node_control_msgs/include/node_control_msgs/node_control_msgs/msg/detail/motor_info_value__builder.hpp\n'}
[1.214148] (node_control_msgs) StdoutLine: {'line': b'-- Up-to-date: /data/rl_deploy/install/node_control_msgs/include/node_control_msgs/node_control_msgs/msg/detail/motor_config__struct.hpp\n'}
[1.214250] (node_control_msgs) StdoutLine: {'line': b'-- Up-to-date: /data/rl_deploy/install/node_control_msgs/include/node_control_msgs/node_control_msgs/msg/detail/motor_info_value__traits.hpp\n'}
[1.214467] (node_control_msgs) StdoutLine: {'line': b'-- Up-to-date: /data/rl_deploy/install/node_control_msgs/include/node_control_msgs/node_control_msgs/msg/detail/motor_command__struct.hpp\n'}
[1.214680] (node_control_msgs) StdoutLine: {'line': b'-- Up-to-date: /data/rl_deploy/install/node_control_msgs/include/node_control_msgs/node_control_msgs/msg/detail/motor_health__traits.hpp\n'}
[1.214898] (node_control_msgs) StdoutLine: {'line': b'-- Up-to-date: /data/rl_deploy/install/node_control_msgs/include/node_control_msgs/node_control_msgs/msg/detail/motor_health__builder.hpp\n'}
[1.215090] (node_control_msgs) StdoutLine: {'line': b'-- Up-to-date: /data/rl_deploy/install/node_control_msgs/include/node_control_msgs/node_control_msgs/msg/detail/motor_command_feedback__traits.hpp\n'}
[1.215204] (node_control_msgs) StdoutLine: {'line': b'-- Up-to-date: /data/rl_deploy/install/node_control_msgs/include/node_control_msgs/node_control_msgs/msg/detail/motor_config__builder.hpp\n'}
[1.215402] (node_control_msgs) StdoutLine: {'line': b'-- Up-to-date: /data/rl_deploy/install/node_control_msgs/include/node_control_msgs/node_control_msgs/msg/detail/motor_config__traits.hpp\n'}
[1.215529] (node_control_msgs) StdoutLine: {'line': b'-- Up-to-date: /data/rl_deploy/install/node_control_msgs/include/node_control_msgs/node_control_msgs/msg/detail/motor_feedback__traits.hpp\n'}
[1.215654] (node_control_msgs) StdoutLine: {'line': b'-- Up-to-date: /data/rl_deploy/install/node_control_msgs/include/node_control_msgs/node_control_msgs/msg/detail/motor_command_feedback__builder.hpp\n'}
[1.215899] (node_control_msgs) StdoutLine: {'line': b'-- Up-to-date: /data/rl_deploy/install/node_control_msgs/include/node_control_msgs/node_control_msgs/msg/detail/motor_info_value__struct.hpp\n'}
[1.216024] (node_control_msgs) StdoutLine: {'line': b'-- Up-to-date: /data/rl_deploy/install/node_control_msgs/include/node_control_msgs/node_control_msgs/msg/detail/motor_config_dev__builder.hpp\n'}
[1.216152] (node_control_msgs) StdoutLine: {'line': b'-- Up-to-date: /data/rl_deploy/install/node_control_msgs/include/node_control_msgs/node_control_msgs/msg/detail/motor_health__struct.hpp\n'}
[1.216282] (node_control_msgs) StdoutLine: {'line': b'-- Up-to-date: /data/rl_deploy/install/node_control_msgs/include/node_control_msgs/node_control_msgs/msg/detail/motor_command_feedback__type_support.hpp\n'}
[1.216450] (node_control_msgs) StdoutLine: {'line': b'-- Up-to-date: /data/rl_deploy/install/node_control_msgs/include/node_control_msgs/node_control_msgs/msg/detail/motor_command__type_support.hpp\n'}
[1.216631] (node_control_msgs) StdoutLine: {'line': b'-- Up-to-date: /data/rl_deploy/install/node_control_msgs/include/node_control_msgs/node_control_msgs/msg/detail/motor_control__type_support.hpp\n'}
[1.216884] (node_control_msgs) StdoutLine: {'line': b'-- Up-to-date: /data/rl_deploy/install/node_control_msgs/include/node_control_msgs/node_control_msgs/msg/detail/motor_feedback__struct.hpp\n'}
[1.217087] (node_control_msgs) StdoutLine: {'line': b'-- Up-to-date: /data/rl_deploy/install/node_control_msgs/include/node_control_msgs/node_control_msgs/msg/detail/motor_health_state__struct.hpp\n'}
[1.217202] (node_control_msgs) StdoutLine: {'line': b'-- Up-to-date: /data/rl_deploy/install/node_control_msgs/include/node_control_msgs/node_control_msgs/msg/detail/motor_control__struct.hpp\n'}
[1.217329] (node_control_msgs) StdoutLine: {'line': b'-- Up-to-date: /data/rl_deploy/install/node_control_msgs/include/node_control_msgs/node_control_msgs/msg/detail/motor_health_state__builder.hpp\n'}
[1.217444] (node_control_msgs) StdoutLine: {'line': b'-- Up-to-date: /data/rl_deploy/install/node_control_msgs/include/node_control_msgs/node_control_msgs/msg/detail/motor_info_value__type_support.hpp\n'}
[1.217557] (node_control_msgs) StdoutLine: {'line': b'-- Up-to-date: /data/rl_deploy/install/node_control_msgs/include/node_control_msgs/node_control_msgs/msg/detail/motor_info__builder.hpp\n'}
[1.217759] (node_control_msgs) StdoutLine: {'line': b'-- Up-to-date: /data/rl_deploy/install/node_control_msgs/include/node_control_msgs/node_control_msgs/msg/detail/motor_info__struct.hpp\n'}
[1.217945] (node_control_msgs) StdoutLine: {'line': b'-- Up-to-date: /data/rl_deploy/install/node_control_msgs/include/node_control_msgs/node_control_msgs/msg/detail/motor_control__traits.hpp\n'}
[1.218055] (node_control_msgs) StdoutLine: {'line': b'-- Up-to-date: /data/rl_deploy/install/node_control_msgs/include/node_control_msgs/node_control_msgs/msg/detail/motor_command__traits.hpp\n'}
[1.218161] (node_control_msgs) StdoutLine: {'line': b'-- Up-to-date: /data/rl_deploy/install/node_control_msgs/include/node_control_msgs/node_control_msgs/msg/detail/motor_control__builder.hpp\n'}
[1.218281] (node_control_msgs) StdoutLine: {'line': b'-- Up-to-date: /data/rl_deploy/install/node_control_msgs/include/node_control_msgs/node_control_msgs/msg/detail/motor_config_dev__type_support.hpp\n'}
[1.218446] (node_control_msgs) StdoutLine: {'line': b'-- Up-to-date: /data/rl_deploy/install/node_control_msgs/include/node_control_msgs/node_control_msgs/msg/detail/motor_command_feedback__struct.hpp\n'}
[1.218624] (node_control_msgs) StdoutLine: {'line': b'-- Up-to-date: /data/rl_deploy/install/node_control_msgs/include/node_control_msgs/node_control_msgs/msg/detail/motor_health_state__type_support.hpp\n'}
[1.218846] (node_control_msgs) StdoutLine: {'line': b'-- Up-to-date: /data/rl_deploy/install/node_control_msgs/include/node_control_msgs/node_control_msgs/msg/detail/motor_feedback__builder.hpp\n'}
[1.219012] (node_control_msgs) StdoutLine: {'line': b'-- Up-to-date: /data/rl_deploy/install/node_control_msgs/include/node_control_msgs/node_control_msgs/msg/motor_health.hpp\n'}
[1.219186] (node_control_msgs) StdoutLine: {'line': b'-- Up-to-date: /data/rl_deploy/install/node_control_msgs/include/node_control_msgs/node_control_msgs/msg/rosidl_generator_cpp__visibility_control.hpp\n'}
[1.219325] (node_control_msgs) StdoutLine: {'line': b'-- Up-to-date: /data/rl_deploy/install/node_control_msgs/include/node_control_msgs/node_control_msgs/msg/motor_health_state.hpp\n'}
[1.219487] (node_control_msgs) StdoutLine: {'line': b'-- Up-to-date: /data/rl_deploy/install/node_control_msgs/include/node_control_msgs/node_control_msgs/msg/motor_command_feedback.hpp\n'}
[1.219620] (node_control_msgs) StdoutLine: {'line': b'-- Up-to-date: /data/rl_deploy/install/node_control_msgs/include/node_control_msgs/node_control_msgs/msg/motor_control.hpp\n'}
[1.219758] (node_control_msgs) StdoutLine: {'line': b'-- Up-to-date: /data/rl_deploy/install/node_control_msgs/include/node_control_msgs/node_control_msgs/msg/motor_command.hpp\n'}
[1.219918] (node_control_msgs) StdoutLine: {'line': b'-- Up-to-date: /data/rl_deploy/install/node_control_msgs/include/node_control_msgs/node_control_msgs\n'}
[1.220031] (node_control_msgs) StdoutLine: {'line': b'-- Up-to-date: /data/rl_deploy/install/node_control_msgs/include/node_control_msgs/node_control_msgs/srv\n'}
[1.220136] (node_control_msgs) StdoutLine: {'line': b'-- Up-to-date: /data/rl_deploy/install/node_control_msgs/include/node_control_msgs/node_control_msgs/srv/detail\n'}
[1.220238] (node_control_msgs) StdoutLine: {'line': b'-- Up-to-date: /data/rl_deploy/install/node_control_msgs/include/node_control_msgs/node_control_msgs/srv/detail/motor_config_status__rosidl_typesupport_fastrtps_cpp.hpp\n'}
[1.220480] (node_control_msgs) StdoutLine: {'line': b'-- Up-to-date: /data/rl_deploy/install/node_control_msgs/include/node_control_msgs/node_control_msgs/srv/detail/dds_fastrtps\n'}
[1.220703] (node_control_msgs) StdoutLine: {'line': b'-- Up-to-date: /data/rl_deploy/install/node_control_msgs/include/node_control_msgs/node_control_msgs/msg\n'}
[1.220931] (node_control_msgs) StdoutLine: {'line': b'-- Up-to-date: /data/rl_deploy/install/node_control_msgs/include/node_control_msgs/node_control_msgs/msg/rosidl_typesupport_fastrtps_cpp__visibility_control.h\n'}
[1.221121] (node_control_msgs) StdoutLine: {'line': b'-- Up-to-date: /data/rl_deploy/install/node_control_msgs/include/node_control_msgs/node_control_msgs/msg/detail\n'}
[1.221252] (node_control_msgs) StdoutLine: {'line': b'-- Up-to-date: /data/rl_deploy/install/node_control_msgs/include/node_control_msgs/node_control_msgs/msg/detail/motor_health_state__rosidl_typesupport_fastrtps_cpp.hpp\n'}
[1.221385] (node_control_msgs) StdoutLine: {'line': b'-- Up-to-date: /data/rl_deploy/install/node_control_msgs/include/node_control_msgs/node_control_msgs/msg/detail/motor_feedback__rosidl_typesupport_fastrtps_cpp.hpp\n'}
[1.221493] (node_control_msgs) StdoutLine: {'line': b'-- Up-to-date: /data/rl_deploy/install/node_control_msgs/include/node_control_msgs/node_control_msgs/msg/detail/dds_fastrtps\n'}
[1.221612] (node_control_msgs) StdoutLine: {'line': b'-- Up-to-date: /data/rl_deploy/install/node_control_msgs/include/node_control_msgs/node_control_msgs/msg/detail/motor_health__rosidl_typesupport_fastrtps_cpp.hpp\n'}
[1.221746] (node_control_msgs) StdoutLine: {'line': b'-- Up-to-date: /data/rl_deploy/install/node_control_msgs/include/node_control_msgs/node_control_msgs/msg/detail/motor_command_feedback__rosidl_typesupport_fastrtps_cpp.hpp\n'}
[1.221906] (node_control_msgs) StdoutLine: {'line': b'-- Up-to-date: /data/rl_deploy/install/node_control_msgs/include/node_control_msgs/node_control_msgs/msg/detail/motor_control__rosidl_typesupport_fastrtps_cpp.hpp\n'}
[1.222013] (node_control_msgs) StdoutLine: {'line': b'-- Up-to-date: /data/rl_deploy/install/node_control_msgs/include/node_control_msgs/node_control_msgs/msg/detail/motor_config_dev__rosidl_typesupport_fastrtps_cpp.hpp\n'}
[1.222114] (node_control_msgs) StdoutLine: {'line': b'-- Up-to-date: /data/rl_deploy/install/node_control_msgs/include/node_control_msgs/node_control_msgs/msg/detail/motor_info_value__rosidl_typesupport_fastrtps_cpp.hpp\n'}
[1.222216] (node_control_msgs) StdoutLine: {'line': b'-- Up-to-date: /data/rl_deploy/install/node_control_msgs/include/node_control_msgs/node_control_msgs/msg/detail/motor_config__rosidl_typesupport_fastrtps_cpp.hpp\n'}
[1.222424] (node_control_msgs) StdoutLine: {'line': b'-- Up-to-date: /data/rl_deploy/install/node_control_msgs/include/node_control_msgs/node_control_msgs/msg/detail/motor_info__rosidl_typesupport_fastrtps_cpp.hpp\n'}
[1.222601] (node_control_msgs) StdoutLine: {'line': b'-- Up-to-date: /data/rl_deploy/install/node_control_msgs/include/node_control_msgs/node_control_msgs/msg/detail/motor_command__rosidl_typesupport_fastrtps_cpp.hpp\n'}
[1.222790] (node_control_msgs) StdoutLine: {'line': b'-- Up-to-date: /data/rl_deploy/install/node_control_msgs/lib/libnode_control_msgs__rosidl_typesupport_fastrtps_cpp.so\n'}
[1.222991] (node_control_msgs) StdoutLine: {'line': b'-- Up-to-date: /data/rl_deploy/install/node_control_msgs/include/node_control_msgs/node_control_msgs\n'}
[1.223129] (node_control_msgs) StdoutLine: {'line': b'-- Up-to-date: /data/rl_deploy/install/node_control_msgs/include/node_control_msgs/node_control_msgs/srv\n'}
[1.223236] (node_control_msgs) StdoutLine: {'line': b'-- Up-to-date: /data/rl_deploy/install/node_control_msgs/include/node_control_msgs/node_control_msgs/srv/detail\n'}
[1.223409] (node_control_msgs) StdoutLine: {'line': b'-- Up-to-date: /data/rl_deploy/install/node_control_msgs/include/node_control_msgs/node_control_msgs/srv/detail/motor_config_status__rosidl_typesupport_introspection_cpp.hpp\n'}
[1.223582] (node_control_msgs) StdoutLine: {'line': b'-- Up-to-date: /data/rl_deploy/install/node_control_msgs/include/node_control_msgs/node_control_msgs/srv/detail/motor_config_status__type_support.cpp\n'}
[1.223731] (node_control_msgs) StdoutLine: {'line': b'-- Up-to-date: /data/rl_deploy/install/node_control_msgs/include/node_control_msgs/node_control_msgs/msg\n'}
[1.223894] (node_control_msgs) StdoutLine: {'line': b'-- Up-to-date: /data/rl_deploy/install/node_control_msgs/include/node_control_msgs/node_control_msgs/msg/detail\n'}
[1.224001] (node_control_msgs) StdoutLine: {'line': b'-- Up-to-date: /data/rl_deploy/install/node_control_msgs/include/node_control_msgs/node_control_msgs/msg/detail/motor_config__type_support.cpp\n'}
[1.224107] (node_control_msgs) StdoutLine: {'line': b'-- Up-to-date: /data/rl_deploy/install/node_control_msgs/include/node_control_msgs/node_control_msgs/msg/detail/motor_feedback__type_support.cpp\n'}
[1.224209] (node_control_msgs) StdoutLine: {'line': b'-- Up-to-date: /data/rl_deploy/install/node_control_msgs/include/node_control_msgs/node_control_msgs/msg/detail/motor_info__type_support.cpp\n'}
[1.224390] (node_control_msgs) StdoutLine: {'line': b'-- Up-to-date: /data/rl_deploy/install/node_control_msgs/include/node_control_msgs/node_control_msgs/msg/detail/motor_health__rosidl_typesupport_introspection_cpp.hpp\n'}
[1.224499] (node_control_msgs) StdoutLine: {'line': b'-- Up-to-date: /data/rl_deploy/install/node_control_msgs/include/node_control_msgs/node_control_msgs/msg/detail/motor_config_dev__type_support.cpp\n'}
[1.224688] (node_control_msgs) StdoutLine: {'line': b'-- Up-to-date: /data/rl_deploy/install/node_control_msgs/include/node_control_msgs/node_control_msgs/msg/detail/motor_command__rosidl_typesupport_introspection_cpp.hpp\n'}
[1.224905] (node_control_msgs) StdoutLine: {'line': b'-- Up-to-date: /data/rl_deploy/install/node_control_msgs/include/node_control_msgs/node_control_msgs/msg/detail/motor_info_value__type_support.cpp\n'}
[1.225099] (node_control_msgs) StdoutLine: {'line': b'-- Up-to-date: /data/rl_deploy/install/node_control_msgs/include/node_control_msgs/node_control_msgs/msg/detail/motor_health_state__rosidl_typesupport_introspection_cpp.hpp\n'}
[1.225227] (node_control_msgs) StdoutLine: {'line': b'-- Up-to-date: /data/rl_deploy/install/node_control_msgs/include/node_control_msgs/node_control_msgs/msg/detail/motor_feedback__rosidl_typesupport_introspection_cpp.hpp\n'}
[1.225367] (node_control_msgs) StdoutLine: {'line': b'-- Up-to-date: /data/rl_deploy/install/node_control_msgs/include/node_control_msgs/node_control_msgs/msg/detail/motor_control__rosidl_typesupport_introspection_cpp.hpp\n'}
[1.225488] (node_control_msgs) StdoutLine: {'line': b'-- Up-to-date: /data/rl_deploy/install/node_control_msgs/include/node_control_msgs/node_control_msgs/msg/detail/motor_info_value__rosidl_typesupport_introspection_cpp.hpp\n'}
[1.225610] (node_control_msgs) StdoutLine: {'line': b'-- Up-to-date: /data/rl_deploy/install/node_control_msgs/include/node_control_msgs/node_control_msgs/msg/detail/motor_command_feedback__type_support.cpp\n'}
[1.225732] (node_control_msgs) StdoutLine: {'line': b'-- Up-to-date: /data/rl_deploy/install/node_control_msgs/include/node_control_msgs/node_control_msgs/msg/detail/motor_config_dev__rosidl_typesupport_introspection_cpp.hpp\n'}
[1.225891] (node_control_msgs) StdoutLine: {'line': b'-- Up-to-date: /data/rl_deploy/install/node_control_msgs/include/node_control_msgs/node_control_msgs/msg/detail/motor_info__rosidl_typesupport_introspection_cpp.hpp\n'}
[1.226000] (node_control_msgs) StdoutLine: {'line': b'-- Up-to-date: /data/rl_deploy/install/node_control_msgs/include/node_control_msgs/node_control_msgs/msg/detail/motor_config__rosidl_typesupport_introspection_cpp.hpp\n'}
[1.226104] (node_control_msgs) StdoutLine: {'line': b'-- Up-to-date: /data/rl_deploy/install/node_control_msgs/include/node_control_msgs/node_control_msgs/msg/detail/motor_health__type_support.cpp\n'}
[1.226206] (node_control_msgs) StdoutLine: {'line': b'-- Up-to-date: /data/rl_deploy/install/node_control_msgs/include/node_control_msgs/node_control_msgs/msg/detail/motor_control__type_support.cpp\n'}
[1.226382] (node_control_msgs) StdoutLine: {'line': b'-- Up-to-date: /data/rl_deploy/install/node_control_msgs/include/node_control_msgs/node_control_msgs/msg/detail/motor_command__type_support.cpp\n'}
[1.226495] (node_control_msgs) StdoutLine: {'line': b'-- Up-to-date: /data/rl_deploy/install/node_control_msgs/include/node_control_msgs/node_control_msgs/msg/detail/motor_health_state__type_support.cpp\n'}
[1.226683] (node_control_msgs) StdoutLine: {'line': b'-- Up-to-date: /data/rl_deploy/install/node_control_msgs/include/node_control_msgs/node_control_msgs/msg/detail/motor_command_feedback__rosidl_typesupport_introspection_cpp.hpp\n'}
[1.226901] (node_control_msgs) StdoutLine: {'line': b'-- Up-to-date: /data/rl_deploy/install/node_control_msgs/lib/libnode_control_msgs__rosidl_typesupport_introspection_cpp.so\n'}
[1.227091] (node_control_msgs) StdoutLine: {'line': b'-- Up-to-date: /data/rl_deploy/install/node_control_msgs/lib/libnode_control_msgs__rosidl_typesupport_cpp.so\n'}
[1.227202] (node_control_msgs) StdoutLine: {'line': b'-- Up-to-date: /data/rl_deploy/install/node_control_msgs/share/node_control_msgs/environment/pythonpath.sh\n'}
[1.227328] (node_control_msgs) StdoutLine: {'line': b'-- Up-to-date: /data/rl_deploy/install/node_control_msgs/share/node_control_msgs/environment/pythonpath.dsv\n'}
[1.227509] (node_control_msgs) StdoutLine: {'line': b'-- Up-to-date: /data/rl_deploy/install/node_control_msgs/local/lib/python3.10/dist-packages/node_control_msgs-0.0.0-py3.10.egg-info\n'}
[1.227673] (node_control_msgs) StdoutLine: {'line': b'-- Installing: /data/rl_deploy/install/node_control_msgs/local/lib/python3.10/dist-packages/node_control_msgs-0.0.0-py3.10.egg-info/top_level.txt\n'}
[1.227842] (node_control_msgs) StdoutLine: {'line': b'-- Installing: /data/rl_deploy/install/node_control_msgs/local/lib/python3.10/dist-packages/node_control_msgs-0.0.0-py3.10.egg-info/PKG-INFO\n'}
[1.227958] (node_control_msgs) StdoutLine: {'line': b'-- Installing: /data/rl_deploy/install/node_control_msgs/local/lib/python3.10/dist-packages/node_control_msgs-0.0.0-py3.10.egg-info/SOURCES.txt\n'}
[1.228062] (node_control_msgs) StdoutLine: {'line': b'-- Installing: /data/rl_deploy/install/node_control_msgs/local/lib/python3.10/dist-packages/node_control_msgs-0.0.0-py3.10.egg-info/dependency_links.txt\n'}
[1.228165] (node_control_msgs) StdoutLine: {'line': b'-- Up-to-date: /data/rl_deploy/install/node_control_msgs/local/lib/python3.10/dist-packages/node_control_msgs\n'}
[1.228284] (node_control_msgs) StdoutLine: {'line': b'-- Up-to-date: /data/rl_deploy/install/node_control_msgs/local/lib/python3.10/dist-packages/node_control_msgs/libnode_control_msgs__rosidl_generator_py.so\n'}
[1.228464] (node_control_msgs) StdoutLine: {'line': b'-- Up-to-date: /data/rl_deploy/install/node_control_msgs/local/lib/python3.10/dist-packages/node_control_msgs/node_control_msgs_s__rosidl_typesupport_introspection_c.cpython-310-aarch64-linux-gnu.so\n'}
[1.228644] (node_control_msgs) StdoutLine: {'line': b'-- Up-to-date: /data/rl_deploy/install/node_control_msgs/local/lib/python3.10/dist-packages/node_control_msgs/node_control_msgs_s__rosidl_typesupport_c.cpython-310-aarch64-linux-gnu.so\n'}
[1.228894] (node_control_msgs) StdoutLine: {'line': b'-- Up-to-date: /data/rl_deploy/install/node_control_msgs/local/lib/python3.10/dist-packages/node_control_msgs/_node_control_msgs_s.ep.rosidl_typesupport_introspection_c.c\n'}
[1.229111] (node_control_msgs) StdoutLine: {'line': b'-- Up-to-date: /data/rl_deploy/install/node_control_msgs/local/lib/python3.10/dist-packages/node_control_msgs/__init__.py\n'}
[1.229227] (node_control_msgs) StdoutLine: {'line': b'-- Up-to-date: /data/rl_deploy/install/node_control_msgs/local/lib/python3.10/dist-packages/node_control_msgs/node_control_msgs_s__rosidl_typesupport_fastrtps_c.cpython-310-aarch64-linux-gnu.so\n'}
[1.229353] (node_control_msgs) StdoutLine: {'line': b'-- Up-to-date: /data/rl_deploy/install/node_control_msgs/local/lib/python3.10/dist-packages/node_control_msgs/srv\n'}
[1.229462] (node_control_msgs) StdoutLine: {'line': b'-- Up-to-date: /data/rl_deploy/install/node_control_msgs/local/lib/python3.10/dist-packages/node_control_msgs/srv/_motor_config_status.py\n'}
[1.229568] (node_control_msgs) StdoutLine: {'line': b'-- Up-to-date: /data/rl_deploy/install/node_control_msgs/local/lib/python3.10/dist-packages/node_control_msgs/srv/_motor_config_status_s.c\n'}
[1.229690] (node_control_msgs) StdoutLine: {'line': b'-- Up-to-date: /data/rl_deploy/install/node_control_msgs/local/lib/python3.10/dist-packages/node_control_msgs/srv/__init__.py\n'}
[1.229852] (node_control_msgs) StdoutLine: {'line': b'-- Up-to-date: /data/rl_deploy/install/node_control_msgs/local/lib/python3.10/dist-packages/node_control_msgs/_node_control_msgs_s.ep.rosidl_typesupport_c.c\n'}
[1.229964] (node_control_msgs) StdoutLine: {'line': b'-- Up-to-date: /data/rl_deploy/install/node_control_msgs/local/lib/python3.10/dist-packages/node_control_msgs/_node_control_msgs_s.ep.rosidl_typesupport_fastrtps_c.c\n'}
[1.230070] (node_control_msgs) StdoutLine: {'line': b'-- Up-to-date: /data/rl_deploy/install/node_control_msgs/local/lib/python3.10/dist-packages/node_control_msgs/msg\n'}
[1.230171] (node_control_msgs) StdoutLine: {'line': b'-- Up-to-date: /data/rl_deploy/install/node_control_msgs/local/lib/python3.10/dist-packages/node_control_msgs/msg/_motor_config_dev_s.c\n'}
[1.230292] (node_control_msgs) StdoutLine: {'line': b'-- Up-to-date: /data/rl_deploy/install/node_control_msgs/local/lib/python3.10/dist-packages/node_control_msgs/msg/_motor_command_s.c\n'}
[1.230457] (node_control_msgs) StdoutLine: {'line': b'-- Up-to-date: /data/rl_deploy/install/node_control_msgs/local/lib/python3.10/dist-packages/node_control_msgs/msg/_motor_config_dev.py\n'}
[1.230637] (node_control_msgs) StdoutLine: {'line': b'-- Up-to-date: /data/rl_deploy/install/node_control_msgs/local/lib/python3.10/dist-packages/node_control_msgs/msg/_motor_config_s.c\n'}
[1.230867] (node_control_msgs) StdoutLine: {'line': b'-- Up-to-date: /data/rl_deploy/install/node_control_msgs/local/lib/python3.10/dist-packages/node_control_msgs/msg/_motor_control_s.c\n'}
[1.231030] (node_control_msgs) StdoutLine: {'line': b'-- Up-to-date: /data/rl_deploy/install/node_control_msgs/local/lib/python3.10/dist-packages/node_control_msgs/msg/_motor_info_value.py\n'}
[1.231167] (node_control_msgs) StdoutLine: {'line': b'-- Up-to-date: /data/rl_deploy/install/node_control_msgs/local/lib/python3.10/dist-packages/node_control_msgs/msg/_motor_info_value_s.c\n'}
[1.231287] (node_control_msgs) StdoutLine: {'line': b'-- Up-to-date: /data/rl_deploy/install/node_control_msgs/local/lib/python3.10/dist-packages/node_control_msgs/msg/_motor_health.py\n'}
[1.231455] (node_control_msgs) StdoutLine: {'line': b'-- Up-to-date: /data/rl_deploy/install/node_control_msgs/local/lib/python3.10/dist-packages/node_control_msgs/msg/_motor_command_feedback_s.c\n'}
[1.231566] (node_control_msgs) StdoutLine: {'line': b'-- Up-to-date: /data/rl_deploy/install/node_control_msgs/local/lib/python3.10/dist-packages/node_control_msgs/msg/__init__.py\n'}
[1.231686] (node_control_msgs) StdoutLine: {'line': b'-- Up-to-date: /data/rl_deploy/install/node_control_msgs/local/lib/python3.10/dist-packages/node_control_msgs/msg/_motor_config.py\n'}
[1.231890] (node_control_msgs) StdoutLine: {'line': b'-- Up-to-date: /data/rl_deploy/install/node_control_msgs/local/lib/python3.10/dist-packages/node_control_msgs/msg/_motor_health_s.c\n'}
[1.231998] (node_control_msgs) StdoutLine: {'line': b'-- Up-to-date: /data/rl_deploy/install/node_control_msgs/local/lib/python3.10/dist-packages/node_control_msgs/msg/_motor_command_feedback.py\n'}
[1.232102] (node_control_msgs) StdoutLine: {'line': b'-- Up-to-date: /data/rl_deploy/install/node_control_msgs/local/lib/python3.10/dist-packages/node_control_msgs/msg/_motor_info_s.c\n'}
[1.232205] (node_control_msgs) StdoutLine: {'line': b'-- Up-to-date: /data/rl_deploy/install/node_control_msgs/local/lib/python3.10/dist-packages/node_control_msgs/msg/_motor_info.py\n'}
[1.232391] (node_control_msgs) StdoutLine: {'line': b'-- Up-to-date: /data/rl_deploy/install/node_control_msgs/local/lib/python3.10/dist-packages/node_control_msgs/msg/_motor_health_state.py\n'}
[1.232552] (node_control_msgs) StdoutLine: {'line': b'-- Up-to-date: /data/rl_deploy/install/node_control_msgs/local/lib/python3.10/dist-packages/node_control_msgs/msg/_motor_feedback.py\n'}
[1.232682] (node_control_msgs) StdoutLine: {'line': b'-- Up-to-date: /data/rl_deploy/install/node_control_msgs/local/lib/python3.10/dist-packages/node_control_msgs/msg/_motor_control.py\n'}
[1.232915] (node_control_msgs) StdoutLine: {'line': b'-- Up-to-date: /data/rl_deploy/install/node_control_msgs/local/lib/python3.10/dist-packages/node_control_msgs/msg/_motor_feedback_s.c\n'}
[1.233108] (node_control_msgs) StdoutLine: {'line': b'-- Up-to-date: /data/rl_deploy/install/node_control_msgs/local/lib/python3.10/dist-packages/node_control_msgs/msg/_motor_health_state_s.c\n'}
[1.233217] (node_control_msgs) StdoutLine: {'line': b'-- Up-to-date: /data/rl_deploy/install/node_control_msgs/local/lib/python3.10/dist-packages/node_control_msgs/msg/_motor_command.py\n'}
[1.250783] (node_driver_msgs) StdoutLine: {'line': b"Listing '/data/rl_deploy/install/node_driver_msgs/local/lib/python3.10/dist-packages/node_driver_msgs'...\n"}
[1.251789] (node_driver_msgs) StdoutLine: {'line': b"Listing '/data/rl_deploy/install/node_driver_msgs/local/lib/python3.10/dist-packages/node_driver_msgs/msg'...\n"}
[1.263872] (node_driver_msgs) StdoutLine: {'line': b'-- Up-to-date: /data/rl_deploy/install/node_driver_msgs/local/lib/python3.10/dist-packages/node_driver_msgs/node_driver_msgs_s__rosidl_typesupport_fastrtps_c.cpython-310-aarch64-linux-gnu.so\n'}
[1.264374] (node_driver_msgs) StdoutLine: {'line': b'-- Up-to-date: /data/rl_deploy/install/node_driver_msgs/local/lib/python3.10/dist-packages/node_driver_msgs/node_driver_msgs_s__rosidl_typesupport_introspection_c.cpython-310-aarch64-linux-gnu.so\n'}
[1.264928] (node_driver_msgs) StdoutLine: {'line': b'-- Up-to-date: /data/rl_deploy/install/node_driver_msgs/local/lib/python3.10/dist-packages/node_driver_msgs/node_driver_msgs_s__rosidl_typesupport_c.cpython-310-aarch64-linux-gnu.so\n'}
[1.265263] (node_driver_msgs) StdoutLine: {'line': b'-- Up-to-date: /data/rl_deploy/install/node_driver_msgs/lib/libnode_driver_msgs__rosidl_generator_py.so\n'}
[1.265742] (node_driver_msgs) StdoutLine: {'line': b'-- Up-to-date: /data/rl_deploy/install/node_driver_msgs/share/ament_index/resource_index/rust_packages/node_driver_msgs\n'}
[1.265946] (node_driver_msgs) StdoutLine: {'line': b'-- Up-to-date: /data/rl_deploy/install/node_driver_msgs/share/node_driver_msgs/rust\n'}
[1.266148] (node_driver_msgs) StdoutLine: {'line': b'-- Up-to-date: /data/rl_deploy/install/node_driver_msgs/share/node_driver_msgs/rust/Cargo.toml\n'}
[1.266664] (node_driver_msgs) StdoutLine: {'line': b'-- Up-to-date: /data/rl_deploy/install/node_driver_msgs/share/node_driver_msgs/rust/src\n'}
[1.266850] (node_driver_msgs) StdoutLine: {'line': b'-- Up-to-date: /data/rl_deploy/install/node_driver_msgs/share/node_driver_msgs/rust/src/lib.rs\n'}
[1.267014] (node_driver_msgs) StdoutLine: {'line': b'-- Up-to-date: /data/rl_deploy/install/node_driver_msgs/share/node_driver_msgs/rust/src/msg.rs\n'}
[1.268712] (node_driver_msgs) StdoutLine: {'line': b'-- Up-to-date: /data/rl_deploy/install/node_driver_msgs/share/node_driver_msgs/rust/src/msg\n'}
[1.269019] (node_driver_msgs) StdoutLine: {'line': b'-- Up-to-date: /data/rl_deploy/install/node_driver_msgs/share/node_driver_msgs/rust/src/msg/rmw.rs\n'}
[1.269659] (node_driver_msgs) StdoutLine: {'line': b'-- Up-to-date: /data/rl_deploy/install/node_driver_msgs/share/node_driver_msgs/rust/build.rs\n'}
[1.269867] (node_driver_msgs) StdoutLine: {'line': b'-- Up-to-date: /data/rl_deploy/install/node_driver_msgs/share/node_driver_msgs/msg/Sensormsgcontrol.idl\n'}
[1.270046] (node_driver_msgs) StdoutLine: {'line': b'-- Up-to-date: /data/rl_deploy/install/node_driver_msgs/share/node_driver_msgs/msg/Sensormsgstate.idl\n'}
[1.270250] (node_driver_msgs) StdoutLine: {'line': b'-- Up-to-date: /data/rl_deploy/install/node_driver_msgs/share/node_driver_msgs/msg/Sensormsgcontrol.msg\n'}
[1.270686] (node_driver_msgs) StdoutLine: {'line': b'-- Up-to-date: /data/rl_deploy/install/node_driver_msgs/share/node_driver_msgs/msg/Sensormsgstate.msg\n'}
[1.270931] (node_driver_msgs) StdoutLine: {'line': b'-- Up-to-date: /data/rl_deploy/install/node_driver_msgs/share/ament_index/resource_index/package_run_dependencies/node_driver_msgs\n'}
[1.271053] (node_driver_msgs) StdoutLine: {'line': b'-- Up-to-date: /data/rl_deploy/install/node_driver_msgs/share/ament_index/resource_index/parent_prefix_path/node_driver_msgs\n'}
[1.271161] (node_driver_msgs) StdoutLine: {'line': b'-- Up-to-date: /data/rl_deploy/install/node_driver_msgs/share/node_driver_msgs/environment/ament_prefix_path.sh\n'}
[1.271618] (node_driver_msgs) StdoutLine: {'line': b'-- Up-to-date: /data/rl_deploy/install/node_driver_msgs/share/node_driver_msgs/environment/ament_prefix_path.dsv\n'}
[1.271773] (node_driver_msgs) StdoutLine: {'line': b'-- Up-to-date: /data/rl_deploy/install/node_driver_msgs/share/node_driver_msgs/environment/path.sh\n'}
[1.271882] (node_driver_msgs) StdoutLine: {'line': b'-- Up-to-date: /data/rl_deploy/install/node_driver_msgs/share/node_driver_msgs/environment/path.dsv\n'}
[1.271990] (node_driver_msgs) StdoutLine: {'line': b'-- Up-to-date: /data/rl_deploy/install/node_driver_msgs/share/node_driver_msgs/local_setup.bash\n'}
[1.272092] (node_driver_msgs) StdoutLine: {'line': b'-- Up-to-date: /data/rl_deploy/install/node_driver_msgs/share/node_driver_msgs/local_setup.sh\n'}
[1.272274] (node_driver_msgs) StdoutLine: {'line': b'-- Up-to-date: /data/rl_deploy/install/node_driver_msgs/share/node_driver_msgs/local_setup.zsh\n'}
[1.272573] (node_driver_msgs) StdoutLine: {'line': b'-- Up-to-date: /data/rl_deploy/install/node_driver_msgs/share/node_driver_msgs/local_setup.dsv\n'}
[1.272730] (node_driver_msgs) StdoutLine: {'line': b'-- Installing: /data/rl_deploy/install/node_driver_msgs/share/node_driver_msgs/package.dsv\n'}
[1.272843] (node_control_msgs) StdoutLine: {'line': b"Listing '/data/rl_deploy/install/node_control_msgs/local/lib/python3.10/dist-packages/node_control_msgs'...\n"}
[1.272967] (node_control_msgs) StdoutLine: {'line': b"Listing '/data/rl_deploy/install/node_control_msgs/local/lib/python3.10/dist-packages/node_control_msgs/msg'...\n"}
[1.273070] (node_control_msgs) StdoutLine: {'line': b"Listing '/data/rl_deploy/install/node_control_msgs/local/lib/python3.10/dist-packages/node_control_msgs/srv'...\n"}
[1.273244] (node_driver_msgs) StdoutLine: {'line': b'-- Up-to-date: /data/rl_deploy/install/node_driver_msgs/share/ament_index/resource_index/packages/node_driver_msgs\n'}
[1.273548] (node_driver_msgs) StdoutLine: {'line': b'-- Up-to-date: /data/rl_deploy/install/node_driver_msgs/share/node_driver_msgs/cmake/export_node_driver_msgs__rosidl_generator_cExport.cmake\n'}
[1.273701] (node_driver_msgs) StdoutLine: {'line': b'-- Up-to-date: /data/rl_deploy/install/node_driver_msgs/share/node_driver_msgs/cmake/export_node_driver_msgs__rosidl_generator_cExport-noconfig.cmake\n'}
[1.273813] (node_driver_msgs) StdoutLine: {'line': b'-- Up-to-date: /data/rl_deploy/install/node_driver_msgs/share/node_driver_msgs/cmake/export_node_driver_msgs__rosidl_typesupport_fastrtps_cExport.cmake\n'}
[1.273920] (node_driver_msgs) StdoutLine: {'line': b'-- Up-to-date: /data/rl_deploy/install/node_driver_msgs/share/node_driver_msgs/cmake/export_node_driver_msgs__rosidl_typesupport_fastrtps_cExport-noconfig.cmake\n'}
[1.274020] (node_driver_msgs) StdoutLine: {'line': b'-- Up-to-date: /data/rl_deploy/install/node_driver_msgs/share/node_driver_msgs/cmake/node_driver_msgs__rosidl_typesupport_introspection_cExport.cmake\n'}
[1.274577] (node_driver_msgs) StdoutLine: {'line': b'-- Up-to-date: /data/rl_deploy/install/node_driver_msgs/share/node_driver_msgs/cmake/node_driver_msgs__rosidl_typesupport_introspection_cExport-noconfig.cmake\n'}
[1.274834] (node_driver_msgs) StdoutLine: {'line': b'-- Up-to-date: /data/rl_deploy/install/node_driver_msgs/share/node_driver_msgs/cmake/node_driver_msgs__rosidl_typesupport_cExport.cmake\n'}
[1.275002] (node_driver_msgs) StdoutLine: {'line': b'-- Up-to-date: /data/rl_deploy/install/node_driver_msgs/share/node_driver_msgs/cmake/node_driver_msgs__rosidl_typesupport_cExport-noconfig.cmake\n'}
[1.275116] (node_driver_msgs) StdoutLine: {'line': b'-- Up-to-date: /data/rl_deploy/install/node_driver_msgs/share/node_driver_msgs/cmake/export_node_driver_msgs__rosidl_generator_cppExport.cmake\n'}
[1.275356] (node_driver_msgs) StdoutLine: {'line': b'-- Up-to-date: /data/rl_deploy/install/node_driver_msgs/share/node_driver_msgs/cmake/export_node_driver_msgs__rosidl_typesupport_fastrtps_cppExport.cmake\n'}
[1.275638] (node_driver_msgs) StdoutLine: {'line': b'-- Up-to-date: /data/rl_deploy/install/node_driver_msgs/share/node_driver_msgs/cmake/export_node_driver_msgs__rosidl_typesupport_fastrtps_cppExport-noconfig.cmake\n'}
[1.275849] (node_driver_msgs) StdoutLine: {'line': b'-- Up-to-date: /data/rl_deploy/install/node_driver_msgs/share/node_driver_msgs/cmake/node_driver_msgs__rosidl_typesupport_introspection_cppExport.cmake\n'}
[1.275968] (node_driver_msgs) StdoutLine: {'line': b'-- Up-to-date: /data/rl_deploy/install/node_driver_msgs/share/node_driver_msgs/cmake/node_driver_msgs__rosidl_typesupport_introspection_cppExport-noconfig.cmake\n'}
[1.276077] (node_driver_msgs) StdoutLine: {'line': b'-- Up-to-date: /data/rl_deploy/install/node_driver_msgs/share/node_driver_msgs/cmake/node_driver_msgs__rosidl_typesupport_cppExport.cmake\n'}
[1.276270] (node_driver_msgs) StdoutLine: {'line': b'-- Up-to-date: /data/rl_deploy/install/node_driver_msgs/share/node_driver_msgs/cmake/node_driver_msgs__rosidl_typesupport_cppExport-noconfig.cmake\n'}
[1.276438] (node_driver_msgs) StdoutLine: {'line': b'-- Up-to-date: /data/rl_deploy/install/node_driver_msgs/share/node_driver_msgs/cmake/export_node_driver_msgs__rosidl_generator_pyExport.cmake\n'}
[1.276552] (node_driver_msgs) StdoutLine: {'line': b'-- Up-to-date: /data/rl_deploy/install/node_driver_msgs/share/node_driver_msgs/cmake/export_node_driver_msgs__rosidl_generator_pyExport-noconfig.cmake\n'}
[1.276658] (node_driver_msgs) StdoutLine: {'line': b'-- Up-to-date: /data/rl_deploy/install/node_driver_msgs/share/node_driver_msgs/cmake/rosidl_cmake-extras.cmake\n'}
[1.276760] (node_driver_msgs) StdoutLine: {'line': b'-- Up-to-date: /data/rl_deploy/install/node_driver_msgs/share/node_driver_msgs/cmake/ament_cmake_export_dependencies-extras.cmake\n'}
[1.276862] (node_driver_msgs) StdoutLine: {'line': b'-- Up-to-date: /data/rl_deploy/install/node_driver_msgs/share/node_driver_msgs/cmake/ament_cmake_export_include_directories-extras.cmake\n'}
[1.276976] (node_driver_msgs) StdoutLine: {'line': b'-- Up-to-date: /data/rl_deploy/install/node_driver_msgs/share/node_driver_msgs/cmake/ament_cmake_export_libraries-extras.cmake\n'}
[1.277078] (node_driver_msgs) StdoutLine: {'line': b'-- Up-to-date: /data/rl_deploy/install/node_driver_msgs/share/node_driver_msgs/cmake/ament_cmake_export_targets-extras.cmake\n'}
[1.277263] (node_driver_msgs) StdoutLine: {'line': b'-- Up-to-date: /data/rl_deploy/install/node_driver_msgs/share/node_driver_msgs/cmake/rosidl_cmake_export_typesupport_targets-extras.cmake\n'}
[1.277409] (node_driver_msgs) StdoutLine: {'line': b'-- Up-to-date: /data/rl_deploy/install/node_driver_msgs/share/node_driver_msgs/cmake/rosidl_cmake_export_typesupport_libraries-extras.cmake\n'}
[1.277595] (node_driver_msgs) StdoutLine: {'line': b'-- Up-to-date: /data/rl_deploy/install/node_driver_msgs/share/node_driver_msgs/cmake/node_driver_msgsConfig.cmake\n'}
[1.278079] (node_driver_msgs) StdoutLine: {'line': b'-- Up-to-date: /data/rl_deploy/install/node_driver_msgs/share/node_driver_msgs/cmake/node_driver_msgsConfig-version.cmake\n'}
[1.279104] (node_driver_msgs) StdoutLine: {'line': b'-- Up-to-date: /data/rl_deploy/install/node_driver_msgs/share/node_driver_msgs/package.xml\n'}
[1.279883] (node_driver_msgs) CommandEnded: {'returncode': 0}
[1.280935] (node_control_msgs) StdoutLine: {'line': b'-- Up-to-date: /data/rl_deploy/install/node_control_msgs/local/lib/python3.10/dist-packages/node_control_msgs/node_control_msgs_s__rosidl_typesupport_fastrtps_c.cpython-310-aarch64-linux-gnu.so\n'}
[1.281267] (node_control_msgs) StdoutLine: {'line': b'-- Up-to-date: /data/rl_deploy/install/node_control_msgs/local/lib/python3.10/dist-packages/node_control_msgs/node_control_msgs_s__rosidl_typesupport_introspection_c.cpython-310-aarch64-linux-gnu.so\n'}
[1.281897] (node_control_msgs) StdoutLine: {'line': b'-- Up-to-date: /data/rl_deploy/install/node_control_msgs/local/lib/python3.10/dist-packages/node_control_msgs/node_control_msgs_s__rosidl_typesupport_c.cpython-310-aarch64-linux-gnu.so\n'}
[1.282706] (node_control_msgs) StdoutLine: {'line': b'-- Up-to-date: /data/rl_deploy/install/node_control_msgs/lib/libnode_control_msgs__rosidl_generator_py.so\n'}
[1.283601] (node_control_msgs) StdoutLine: {'line': b'-- Up-to-date: /data/rl_deploy/install/node_control_msgs/share/ament_index/resource_index/rust_packages/node_control_msgs\n'}
[1.284121] (node_control_msgs) StdoutLine: {'line': b'-- Up-to-date: /data/rl_deploy/install/node_control_msgs/share/node_control_msgs/rust\n'}
[1.285115] (node_control_msgs) StdoutLine: {'line': b'-- Up-to-date: /data/rl_deploy/install/node_control_msgs/share/node_control_msgs/rust/Cargo.toml\n'}
[1.286041] (node_control_msgs) StdoutLine: {'line': b'-- Up-to-date: /data/rl_deploy/install/node_control_msgs/share/node_control_msgs/rust/src\n'}
[1.286368] (node_control_msgs) StdoutLine: {'line': b'-- Up-to-date: /data/rl_deploy/install/node_control_msgs/share/node_control_msgs/rust/src/lib.rs\n'}
[1.286628] (node_control_msgs) StdoutLine: {'line': b'-- Up-to-date: /data/rl_deploy/install/node_control_msgs/share/node_control_msgs/rust/src/srv.rs\n'}
[1.286997] (node_control_msgs) StdoutLine: {'line': b'-- Up-to-date: /data/rl_deploy/install/node_control_msgs/share/node_control_msgs/rust/src/srv\n'}
[1.287544] (node_control_msgs) StdoutLine: {'line': b'-- Up-to-date: /data/rl_deploy/install/node_control_msgs/share/node_control_msgs/rust/src/srv/rmw.rs\n'}
[1.287885] (node_control_msgs) StdoutLine: {'line': b'-- Up-to-date: /data/rl_deploy/install/node_control_msgs/share/node_control_msgs/rust/src/msg.rs\n'}
[1.288279] (node_control_msgs) StdoutLine: {'line': b'-- Up-to-date: /data/rl_deploy/install/node_control_msgs/share/node_control_msgs/rust/src/msg\n'}
[1.288811] (node_control_msgs) StdoutLine: {'line': b'-- Up-to-date: /data/rl_deploy/install/node_control_msgs/share/node_control_msgs/rust/src/msg/rmw.rs\n'}
[1.289564] (node_control_msgs) StdoutLine: {'line': b'-- Up-to-date: /data/rl_deploy/install/node_control_msgs/share/node_control_msgs/rust/build.rs\n'}
[1.290132] (node_control_msgs) StdoutLine: {'line': b'-- Up-to-date: /data/rl_deploy/install/node_control_msgs/share/node_control_msgs/msg/MotorCommandFeedback.idl\n'}
[1.290424] (node_control_msgs) StdoutLine: {'line': b'-- Up-to-date: /data/rl_deploy/install/node_control_msgs/share/node_control_msgs/msg/MotorCommand.idl\n'}
[1.290634] (node_control_msgs) StdoutLine: {'line': b'-- Up-to-date: /data/rl_deploy/install/node_control_msgs/share/node_control_msgs/msg/MotorConfig.idl\n'}
[1.290996] (node_control_msgs) StdoutLine: {'line': b'-- Up-to-date: /data/rl_deploy/install/node_control_msgs/share/node_control_msgs/msg/MotorConfigDev.idl\n'}
[1.291521] (node_control_msgs) StdoutLine: {'line': b'-- Up-to-date: /data/rl_deploy/install/node_control_msgs/share/node_control_msgs/msg/MotorControl.idl\n'}
[1.291935] (node_control_msgs) StdoutLine: {'line': b'-- Up-to-date: /data/rl_deploy/install/node_control_msgs/share/node_control_msgs/msg/MotorFeedback.idl\n'}
[1.292102] (node_control_msgs) StdoutLine: {'line': b'-- Up-to-date: /data/rl_deploy/install/node_control_msgs/share/node_control_msgs/msg/MotorHealth.idl\n'}
[1.298520] (node_control_msgs) StdoutLine: {'line': b'-- Up-to-date: /data/rl_deploy/install/node_control_msgs/share/node_control_msgs/msg/MotorHealthState.idl\n'}
[1.298712] (node_control_msgs) StdoutLine: {'line': b'-- Up-to-date: /data/rl_deploy/install/node_control_msgs/share/node_control_msgs/msg/MotorInfo.idl\n'}
[1.298836] (node_control_msgs) StdoutLine: {'line': b'-- Up-to-date: /data/rl_deploy/install/node_control_msgs/share/node_control_msgs/msg/MotorInfoValue.idl\n'}
[1.298946] (node_control_msgs) StdoutLine: {'line': b'-- Up-to-date: /data/rl_deploy/install/node_control_msgs/share/node_control_msgs/srv/MotorConfigStatus.idl\n'}
[1.299050] (node_control_msgs) StdoutLine: {'line': b'-- Up-to-date: /data/rl_deploy/install/node_control_msgs/share/node_control_msgs/msg/MotorCommandFeedback.msg\n'}
[1.299174] (node_control_msgs) StdoutLine: {'line': b'-- Up-to-date: /data/rl_deploy/install/node_control_msgs/share/node_control_msgs/msg/MotorCommand.msg\n'}
[1.299278] (node_control_msgs) StdoutLine: {'line': b'-- Up-to-date: /data/rl_deploy/install/node_control_msgs/share/node_control_msgs/msg/MotorConfig.msg\n'}
[1.299399] (node_control_msgs) StdoutLine: {'line': b'-- Up-to-date: /data/rl_deploy/install/node_control_msgs/share/node_control_msgs/msg/MotorConfigDev.msg\n'}
[1.299652] (node_control_msgs) StdoutLine: {'line': b'-- Up-to-date: /data/rl_deploy/install/node_control_msgs/share/node_control_msgs/msg/MotorControl.msg\n'}
[1.299771] (node_control_msgs) StdoutLine: {'line': b'-- Up-to-date: /data/rl_deploy/install/node_control_msgs/share/node_control_msgs/msg/MotorFeedback.msg\n'}
[1.299879] (node_control_msgs) StdoutLine: {'line': b'-- Up-to-date: /data/rl_deploy/install/node_control_msgs/share/node_control_msgs/msg/MotorHealth.msg\n'}
[1.299982] (node_control_msgs) StdoutLine: {'line': b'-- Up-to-date: /data/rl_deploy/install/node_control_msgs/share/node_control_msgs/msg/MotorHealthState.msg\n'}
[1.300083] (node_control_msgs) StdoutLine: {'line': b'-- Up-to-date: /data/rl_deploy/install/node_control_msgs/share/node_control_msgs/msg/MotorInfo.msg\n'}
[1.300185] (node_control_msgs) StdoutLine: {'line': b'-- Up-to-date: /data/rl_deploy/install/node_control_msgs/share/node_control_msgs/msg/MotorInfoValue.msg\n'}
[1.300285] (node_control_msgs) StdoutLine: {'line': b'-- Up-to-date: /data/rl_deploy/install/node_control_msgs/share/node_control_msgs/srv/MotorConfigStatus.srv\n'}
[1.300604] (node_control_msgs) StdoutLine: {'line': b'-- Up-to-date: /data/rl_deploy/install/node_control_msgs/share/node_control_msgs/srv/MotorConfigStatus_Request.msg\n'}
[1.300846] (node_control_msgs) StdoutLine: {'line': b'-- Up-to-date: /data/rl_deploy/install/node_control_msgs/share/node_control_msgs/srv/MotorConfigStatus_Response.msg\n'}
[1.301430] (node_control_msgs) StdoutLine: {'line': b'-- Up-to-date: /data/rl_deploy/install/node_control_msgs/share/ament_index/resource_index/package_run_dependencies/node_control_msgs\n'}
[1.301701] (node_control_msgs) StdoutLine: {'line': b'-- Up-to-date: /data/rl_deploy/install/node_control_msgs/share/ament_index/resource_index/parent_prefix_path/node_control_msgs\n'}
[1.302704] (-) TimerEvent: {}
[1.303137] (node_control_msgs) StdoutLine: {'line': b'-- Up-to-date: /data/rl_deploy/install/node_control_msgs/share/node_control_msgs/environment/ament_prefix_path.sh\n'}
[1.303934] (node_control_msgs) StdoutLine: {'line': b'-- Up-to-date: /data/rl_deploy/install/node_control_msgs/share/node_control_msgs/environment/ament_prefix_path.dsv\n'}
[1.304346] (node_control_msgs) StdoutLine: {'line': b'-- Up-to-date: /data/rl_deploy/install/node_control_msgs/share/node_control_msgs/environment/path.sh\n'}
[1.304782] (node_control_msgs) StdoutLine: {'line': b'-- Up-to-date: /data/rl_deploy/install/node_control_msgs/share/node_control_msgs/environment/path.dsv\n'}
[1.305608] (node_control_msgs) StdoutLine: {'line': b'-- Up-to-date: /data/rl_deploy/install/node_control_msgs/share/node_control_msgs/local_setup.bash\n'}
[1.306285] (node_control_msgs) StdoutLine: {'line': b'-- Up-to-date: /data/rl_deploy/install/node_control_msgs/share/node_control_msgs/local_setup.sh\n'}
[1.306586] (node_control_msgs) StdoutLine: {'line': b'-- Up-to-date: /data/rl_deploy/install/node_control_msgs/share/node_control_msgs/local_setup.zsh\n'}
[1.306750] (node_control_msgs) StdoutLine: {'line': b'-- Up-to-date: /data/rl_deploy/install/node_control_msgs/share/node_control_msgs/local_setup.dsv\n'}
[1.306926] (node_control_msgs) StdoutLine: {'line': b'-- Installing: /data/rl_deploy/install/node_control_msgs/share/node_control_msgs/package.dsv\n'}
[1.307279] (node_control_msgs) StdoutLine: {'line': b'-- Up-to-date: /data/rl_deploy/install/node_control_msgs/share/ament_index/resource_index/packages/node_control_msgs\n'}
[1.307756] (node_control_msgs) StdoutLine: {'line': b'-- Up-to-date: /data/rl_deploy/install/node_control_msgs/share/node_control_msgs/cmake/export_node_control_msgs__rosidl_generator_cExport.cmake\n'}
[1.308154] (node_control_msgs) StdoutLine: {'line': b'-- Up-to-date: /data/rl_deploy/install/node_control_msgs/share/node_control_msgs/cmake/export_node_control_msgs__rosidl_generator_cExport-noconfig.cmake\n'}
[1.308629] (node_control_msgs) StdoutLine: {'line': b'-- Up-to-date: /data/rl_deploy/install/node_control_msgs/share/node_control_msgs/cmake/export_node_control_msgs__rosidl_typesupport_fastrtps_cExport.cmake\n'}
[1.308771] (node_control_msgs) StdoutLine: {'line': b'-- Up-to-date: /data/rl_deploy/install/node_control_msgs/share/node_control_msgs/cmake/export_node_control_msgs__rosidl_typesupport_fastrtps_cExport-noconfig.cmake\n'}
[1.308885] (node_control_msgs) StdoutLine: {'line': b'-- Up-to-date: /data/rl_deploy/install/node_control_msgs/share/node_control_msgs/cmake/node_control_msgs__rosidl_typesupport_introspection_cExport.cmake\n'}
[1.308991] (node_control_msgs) StdoutLine: {'line': b'-- Up-to-date: /data/rl_deploy/install/node_control_msgs/share/node_control_msgs/cmake/node_control_msgs__rosidl_typesupport_introspection_cExport-noconfig.cmake\n'}
[1.309131] (node_control_msgs) StdoutLine: {'line': b'-- Up-to-date: /data/rl_deploy/install/node_control_msgs/share/node_control_msgs/cmake/node_control_msgs__rosidl_typesupport_cExport.cmake\n'}
[1.309235] (node_control_msgs) StdoutLine: {'line': b'-- Up-to-date: /data/rl_deploy/install/node_control_msgs/share/node_control_msgs/cmake/node_control_msgs__rosidl_typesupport_cExport-noconfig.cmake\n'}
[1.309350] (node_control_msgs) StdoutLine: {'line': b'-- Up-to-date: /data/rl_deploy/install/node_control_msgs/share/node_control_msgs/cmake/export_node_control_msgs__rosidl_generator_cppExport.cmake\n'}
[1.309455] (node_control_msgs) StdoutLine: {'line': b'-- Up-to-date: /data/rl_deploy/install/node_control_msgs/share/node_control_msgs/cmake/export_node_control_msgs__rosidl_typesupport_fastrtps_cppExport.cmake\n'}
[1.309558] (node_control_msgs) StdoutLine: {'line': b'-- Up-to-date: /data/rl_deploy/install/node_control_msgs/share/node_control_msgs/cmake/export_node_control_msgs__rosidl_typesupport_fastrtps_cppExport-noconfig.cmake\n'}
[1.309672] (node_control_msgs) StdoutLine: {'line': b'-- Up-to-date: /data/rl_deploy/install/node_control_msgs/share/node_control_msgs/cmake/node_control_msgs__rosidl_typesupport_introspection_cppExport.cmake\n'}
[1.309772] (node_control_msgs) StdoutLine: {'line': b'-- Up-to-date: /data/rl_deploy/install/node_control_msgs/share/node_control_msgs/cmake/node_control_msgs__rosidl_typesupport_introspection_cppExport-noconfig.cmake\n'}
[1.310135] (node_control_msgs) StdoutLine: {'line': b'-- Up-to-date: /data/rl_deploy/install/node_control_msgs/share/node_control_msgs/cmake/node_control_msgs__rosidl_typesupport_cppExport.cmake\n'}
[1.310344] (node_control_msgs) StdoutLine: {'line': b'-- Up-to-date: /data/rl_deploy/install/node_control_msgs/share/node_control_msgs/cmake/node_control_msgs__rosidl_typesupport_cppExport-noconfig.cmake\n'}
[1.311207] (node_control_msgs) StdoutLine: {'line': b'-- Up-to-date: /data/rl_deploy/install/node_control_msgs/share/node_control_msgs/cmake/export_node_control_msgs__rosidl_generator_pyExport.cmake\n'}
[1.311532] (node_control_msgs) StdoutLine: {'line': b'-- Up-to-date: /data/rl_deploy/install/node_control_msgs/share/node_control_msgs/cmake/export_node_control_msgs__rosidl_generator_pyExport-noconfig.cmake\n'}
[1.311666] (node_control_msgs) StdoutLine: {'line': b'-- Up-to-date: /data/rl_deploy/install/node_control_msgs/share/node_control_msgs/cmake/rosidl_cmake-extras.cmake\n'}
[1.311786] (node_control_msgs) StdoutLine: {'line': b'-- Up-to-date: /data/rl_deploy/install/node_control_msgs/share/node_control_msgs/cmake/ament_cmake_export_dependencies-extras.cmake\n'}
[1.312356] (node_control_msgs) StdoutLine: {'line': b'-- Up-to-date: /data/rl_deploy/install/node_control_msgs/share/node_control_msgs/cmake/ament_cmake_export_include_directories-extras.cmake\n'}
[1.312562] (node_control_msgs) StdoutLine: {'line': b'-- Up-to-date: /data/rl_deploy/install/node_control_msgs/share/node_control_msgs/cmake/ament_cmake_export_libraries-extras.cmake\n'}
[1.312682] (node_control_msgs) StdoutLine: {'line': b'-- Up-to-date: /data/rl_deploy/install/node_control_msgs/share/node_control_msgs/cmake/ament_cmake_export_targets-extras.cmake\n'}
[1.312863] (node_control_msgs) StdoutLine: {'line': b'-- Up-to-date: /data/rl_deploy/install/node_control_msgs/share/node_control_msgs/cmake/rosidl_cmake_export_typesupport_targets-extras.cmake\n'}
[1.313010] (node_control_msgs) StdoutLine: {'line': b'-- Up-to-date: /data/rl_deploy/install/node_control_msgs/share/node_control_msgs/cmake/rosidl_cmake_export_typesupport_libraries-extras.cmake\n'}
[1.313186] (node_control_msgs) StdoutLine: {'line': b'-- Up-to-date: /data/rl_deploy/install/node_control_msgs/share/node_control_msgs/cmake/node_control_msgsConfig.cmake\n'}
[1.313547] (node_control_msgs) StdoutLine: {'line': b'-- Up-to-date: /data/rl_deploy/install/node_control_msgs/share/node_control_msgs/cmake/node_control_msgsConfig-version.cmake\n'}
[1.314488] (node_control_msgs) StdoutLine: {'line': b'-- Up-to-date: /data/rl_deploy/install/node_control_msgs/share/node_control_msgs/package.xml\n'}
[1.347359] (node_driver_msgs) JobEnded: {'identifier': 'node_driver_msgs', 'rc': 0}
[1.350296] (node_control_msgs) CommandEnded: {'returncode': 0}
[1.392995] (node_control_msgs) JobEnded: {'identifier': 'node_control_msgs', 'rc': 0}
[1.396308] (robot_msgs) JobStarted: {'identifier': 'robot_msgs'}
[1.401306] (node_app_msgs) JobStarted: {'identifier': 'node_app_msgs'}
[1.402869] (-) TimerEvent: {}
[1.410967] (robot_msgs) JobProgress: {'identifier': 'robot_msgs', 'progress': 'cmake'}
[1.412508] (robot_msgs) JobProgress: {'identifier': 'robot_msgs', 'progress': 'build'}
[1.413152] (robot_msgs) Command: {'cmd': ['/usr/local/bin/cmake', '--build', '/data/rl_deploy/build/robot_msgs', '--', '-j8', '-l8'], 'cwd': '/data/rl_deploy/build/robot_msgs', 'env': OrderedDict([('LESSOPEN', '| /usr/bin/lesspipe %s'), ('USER', 'root'), ('SSH_CLIENT', '192.168.8.113 50272 22'), ('LC_TIME', 'zh_CN.UTF-8'), ('XDG_SESSION_TYPE', 'tty'), ('GIT_ASKPASS', '/root/.vscode-server/cli/servers/Stable-61b3d0ab13be7dda2389f1d3e60a119c7f660cc3/server/extensions/git/dist/askpass.sh'), ('SHLVL', '2'), ('LD_LIBRARY_PATH', '/data/rl_deploy/install/node_control_msgs/lib:/opt/ros/humble/lib/aarch64-linux-gnu:/opt/ros/humble/lib:/app/lib:/app/lib:/usr/local/cuda-12/lib64:/usr/local/cuda-12/lib64:/usr/local/cuda-12/lib64'), ('BROWSER', '/root/.vscode-server/cli/servers/Stable-61b3d0ab13be7dda2389f1d3e60a119c7f660cc3/server/bin/helpers/browser.sh'), ('LYOS_LOCALHOST_ONLY', '1'), ('MOTD_SHOWN', 'pam'), ('HOME', '/root'), ('OLDPWD', '/root/.vscode-server'), ('TERM_PROGRAM_VERSION', '1.110.1'), ('VSCODE_IPC_HOOK_CLI', '/run/user/0/vscode-ipc-2d12e5c4-ef4a-4996-a4ea-3ebfab8c4620.sock'), ('JETSON_L4T', '36.4.4'), ('ROS_PYTHON_VERSION', '3'), ('JETSON_MODEL', 'NVIDIA Jetson Orin NX Engineering Reference Developer Kit Super'), ('VSCODE_GIT_ASKPASS_MAIN', '/root/.vscode-server/cli/servers/Stable-61b3d0ab13be7dda2389f1d3e60a119c7f660cc3/server/extensions/git/dist/askpass-main.js'), ('LC_MONETARY', 'zh_CN.UTF-8'), ('VSCODE_GIT_ASKPASS_NODE', '/root/.vscode-server/cli/servers/Stable-61b3d0ab13be7dda2389f1d3e60a119c7f660cc3/server/node'), ('VSCODE_PYTHON_AUTOACTIVATE_GUARD', '1'), ('DBUS_SESSION_BUS_ADDRESS', 'unix:path=/run/user/0/bus'), ('COLORTERM', 'truecolor'), ('LYOS_DOMAIN_ID', '18:45:b3:02:00:08'), ('DEBUGINFOD_URLS', ''), ('ROS_DISTRO', 'humble'), ('LOGNAME', 'root'), ('JETSON_MODULE', 'NVIDIA Jetson Orin NX (16GB ram)'), ('JETSON_SERIAL_NUMBER', 'DummySN'), ('_', '/usr/bin/colcon'), ('ROS_VERSION', '2'), ('XDG_SESSION_CLASS', 'user'), ('TERM', 'xterm-256color'), ('XDG_SESSION_ID', '5'), ('ROS_LOCALHOST_ONLY', '1'), ('PATH', '/root/.vscode-server/cli/servers/Stable-61b3d0ab13be7dda2389f1d3e60a119c7f660cc3/server/bin/remote-cli:/opt/ros/humble/bin:/usr/local/sbin:/usr/local/bin:/usr/sbin:/usr/bin:/sbin:/bin:/usr/games:/usr/local/games:/snap/bin:/app/bin:/app/bin:/usr/local/cuda-12/bin:/usr/local/cuda-12/bin:/usr/local/cuda-12/bin'), ('LC_ADDRESS', 'zh_CN.UTF-8'), ('XDG_RUNTIME_DIR', '/run/user/0'), ('LANG', 'en_US.UTF-8'), ('LC_TELEPHONE', 'zh_CN.UTF-8'), ('LS_COLORS', 'rs=0:di=01;34:ln=01;36:mh=00:pi=40;33:so=01;35:do=01;35:bd=40;33;01:cd=40;33;01:or=40;31;01:mi=00:su=37;41:sg=30;43:ca=30;41:tw=30;42:ow=34;42:st=37;44:ex=01;32:*.tar=01;31:*.tgz=01;31:*.arc=01;31:*.arj=01;31:*.taz=01;31:*.lha=01;31:*.lz4=01;31:*.lzh=01;31:*.lzma=01;31:*.tlz=01;31:*.txz=01;31:*.tzo=01;31:*.t7z=01;31:*.zip=01;31:*.z=01;31:*.dz=01;31:*.gz=01;31:*.lrz=01;31:*.lz=01;31:*.lzo=01;31:*.xz=01;31:*.zst=01;31:*.tzst=01;31:*.bz2=01;31:*.bz=01;31:*.tbz=01;31:*.tbz2=01;31:*.tz=01;31:*.deb=01;31:*.rpm=01;31:*.jar=01;31:*.war=01;31:*.ear=01;31:*.sar=01;31:*.rar=01;31:*.alz=01;31:*.ace=01;31:*.zoo=01;31:*.cpio=01;31:*.7z=01;31:*.rz=01;31:*.cab=01;31:*.wim=01;31:*.swm=01;31:*.dwm=01;31:*.esd=01;31:*.jpg=01;35:*.jpeg=01;35:*.mjpg=01;35:*.mjpeg=01;35:*.gif=01;35:*.bmp=01;35:*.pbm=01;35:*.pgm=01;35:*.ppm=01;35:*.tga=01;35:*.xbm=01;35:*.xpm=01;35:*.tif=01;35:*.tiff=01;35:*.png=01;35:*.svg=01;35:*.svgz=01;35:*.mng=01;35:*.pcx=01;35:*.mov=01;35:*.mpg=01;35:*.mpeg=01;35:*.m2v=01;35:*.mkv=01;35:*.webm=01;35:*.webp=01;35:*.ogm=01;35:*.mp4=01;35:*.m4v=01;35:*.mp4v=01;35:*.vob=01;35:*.qt=01;35:*.nuv=01;35:*.wmv=01;35:*.asf=01;35:*.rm=01;35:*.rmvb=01;35:*.flc=01;35:*.avi=01;35:*.fli=01;35:*.flv=01;35:*.gl=01;35:*.dl=01;35:*.xcf=01;35:*.xwd=01;35:*.yuv=01;35:*.cgm=01;35:*.emf=01;35:*.ogv=01;35:*.ogx=01;35:*.aac=00;36:*.au=00;36:*.flac=00;36:*.m4a=00;36:*.mid=00;36:*.midi=00;36:*.mka=00;36:*.mp3=00;36:*.mpc=00;36:*.ogg=00;36:*.ra=00;36:*.wav=00;36:*.oga=00;36:*.opus=00;36:*.spx=00;36:*.xspf=00;36:'), ('JETSON_SOC', 'tegra234'), ('VSCODE_GIT_IPC_HANDLE', '/run/user/0/vscode-git-994ffc2805.sock'), ('TERM_PROGRAM', 'vscode'), ('ROSDISTRO_INDEX_URL', 'https://mirrors.tuna.tsinghua.edu.cn/rosdistro/index_v4.yaml'), ('ROS_DOMAIN_ID', '193'), ('AMENT_PREFIX_PATH', '/data/rl_deploy/install/node_control_msgs:/opt/ros/humble'), ('SHELL', '/bin/bash'), ('LC_NAME', 'zh_CN.UTF-8'), ('LESSCLOSE', '/usr/bin/lesspipe %s %s'), ('LC_MEASUREMENT', 'zh_CN.UTF-8'), ('LC_IDENTIFICATION', 'zh_CN.UTF-8'), ('VSCODE_GIT_ASKPASS_EXTRA_ARGS', ''), ('JETSON_CUDA_ARCH_BIN', '8.7'), ('PWD', '/data/rl_deploy/build/robot_msgs'), ('LC_ALL', 'en_US.UTF-8'), ('SSH_CONNECTION', '192.168.8.113 50272 192.168.8.111 22'), ('XDG_DATA_DIRS', '/usr/share/gnome:/usr/local/share:/usr/share:/var/lib/snapd/desktop'), ('PYTHONPATH', '/data/rl_deploy/install/node_control_msgs/local/lib/python3.10/dist-packages:/opt/ros/humble/lib/python3.10/site-packages:/opt/ros/humble/local/lib/python3.10/dist-packages'), ('LC_NUMERIC', 'zh_CN.UTF-8'), ('LC_PAPER', 'zh_CN.UTF-8'), ('COLCON', '1'), ('JETSON_JETPACK', '6.2.1'), ('JETSON_P_NUMBER', 'p3767-0000'), ('CMAKE_PREFIX_PATH', '/data/rl_deploy/install/node_control_msgs:/opt/ros/humble')]), 'shell': False}
[1.420929] (node_app_msgs) JobProgress: {'identifier': 'node_app_msgs', 'progress': 'cmake'}
[1.422853] (node_app_msgs) JobProgress: {'identifier': 'node_app_msgs', 'progress': 'build'}
[1.423781] (node_app_msgs) Command: {'cmd': ['/usr/local/bin/cmake', '--build', '/data/rl_deploy/build/node_app_msgs', '--', '-j8', '-l8'], 'cwd': '/data/rl_deploy/build/node_app_msgs', 'env': OrderedDict([('LESSOPEN', '| /usr/bin/lesspipe %s'), ('USER', 'root'), ('SSH_CLIENT', '192.168.8.113 50272 22'), ('LC_TIME', 'zh_CN.UTF-8'), ('XDG_SESSION_TYPE', 'tty'), ('GIT_ASKPASS', '/root/.vscode-server/cli/servers/Stable-61b3d0ab13be7dda2389f1d3e60a119c7f660cc3/server/extensions/git/dist/askpass.sh'), ('SHLVL', '2'), ('LD_LIBRARY_PATH', '/data/rl_deploy/install/node_control_msgs/lib:/opt/ros/humble/lib/aarch64-linux-gnu:/opt/ros/humble/lib:/app/lib:/app/lib:/usr/local/cuda-12/lib64:/usr/local/cuda-12/lib64:/usr/local/cuda-12/lib64'), ('BROWSER', '/root/.vscode-server/cli/servers/Stable-61b3d0ab13be7dda2389f1d3e60a119c7f660cc3/server/bin/helpers/browser.sh'), ('LYOS_LOCALHOST_ONLY', '1'), ('MOTD_SHOWN', 'pam'), ('HOME', '/root'), ('OLDPWD', '/root/.vscode-server'), ('TERM_PROGRAM_VERSION', '1.110.1'), ('VSCODE_IPC_HOOK_CLI', '/run/user/0/vscode-ipc-2d12e5c4-ef4a-4996-a4ea-3ebfab8c4620.sock'), ('JETSON_L4T', '36.4.4'), ('ROS_PYTHON_VERSION', '3'), ('JETSON_MODEL', 'NVIDIA Jetson Orin NX Engineering Reference Developer Kit Super'), ('VSCODE_GIT_ASKPASS_MAIN', '/root/.vscode-server/cli/servers/Stable-61b3d0ab13be7dda2389f1d3e60a119c7f660cc3/server/extensions/git/dist/askpass-main.js'), ('LC_MONETARY', 'zh_CN.UTF-8'), ('VSCODE_GIT_ASKPASS_NODE', '/root/.vscode-server/cli/servers/Stable-61b3d0ab13be7dda2389f1d3e60a119c7f660cc3/server/node'), ('VSCODE_PYTHON_AUTOACTIVATE_GUARD', '1'), ('DBUS_SESSION_BUS_ADDRESS', 'unix:path=/run/user/0/bus'), ('COLORTERM', 'truecolor'), ('LYOS_DOMAIN_ID', '18:45:b3:02:00:08'), ('DEBUGINFOD_URLS', ''), ('ROS_DISTRO', 'humble'), ('LOGNAME', 'root'), ('JETSON_MODULE', 'NVIDIA Jetson Orin NX (16GB ram)'), ('JETSON_SERIAL_NUMBER', 'DummySN'), ('_', '/usr/bin/colcon'), ('ROS_VERSION', '2'), ('XDG_SESSION_CLASS', 'user'), ('TERM', 'xterm-256color'), ('XDG_SESSION_ID', '5'), ('ROS_LOCALHOST_ONLY', '1'), ('PATH', '/root/.vscode-server/cli/servers/Stable-61b3d0ab13be7dda2389f1d3e60a119c7f660cc3/server/bin/remote-cli:/opt/ros/humble/bin:/usr/local/sbin:/usr/local/bin:/usr/sbin:/usr/bin:/sbin:/bin:/usr/games:/usr/local/games:/snap/bin:/app/bin:/app/bin:/usr/local/cuda-12/bin:/usr/local/cuda-12/bin:/usr/local/cuda-12/bin'), ('LC_ADDRESS', 'zh_CN.UTF-8'), ('XDG_RUNTIME_DIR', '/run/user/0'), ('LANG', 'en_US.UTF-8'), ('LC_TELEPHONE', 'zh_CN.UTF-8'), ('LS_COLORS', 'rs=0:di=01;34:ln=01;36:mh=00:pi=40;33:so=01;35:do=01;35:bd=40;33;01:cd=40;33;01:or=40;31;01:mi=00:su=37;41:sg=30;43:ca=30;41:tw=30;42:ow=34;42:st=37;44:ex=01;32:*.tar=01;31:*.tgz=01;31:*.arc=01;31:*.arj=01;31:*.taz=01;31:*.lha=01;31:*.lz4=01;31:*.lzh=01;31:*.lzma=01;31:*.tlz=01;31:*.txz=01;31:*.tzo=01;31:*.t7z=01;31:*.zip=01;31:*.z=01;31:*.dz=01;31:*.gz=01;31:*.lrz=01;31:*.lz=01;31:*.lzo=01;31:*.xz=01;31:*.zst=01;31:*.tzst=01;31:*.bz2=01;31:*.bz=01;31:*.tbz=01;31:*.tbz2=01;31:*.tz=01;31:*.deb=01;31:*.rpm=01;31:*.jar=01;31:*.war=01;31:*.ear=01;31:*.sar=01;31:*.rar=01;31:*.alz=01;31:*.ace=01;31:*.zoo=01;31:*.cpio=01;31:*.7z=01;31:*.rz=01;31:*.cab=01;31:*.wim=01;31:*.swm=01;31:*.dwm=01;31:*.esd=01;31:*.jpg=01;35:*.jpeg=01;35:*.mjpg=01;35:*.mjpeg=01;35:*.gif=01;35:*.bmp=01;35:*.pbm=01;35:*.pgm=01;35:*.ppm=01;35:*.tga=01;35:*.xbm=01;35:*.xpm=01;35:*.tif=01;35:*.tiff=01;35:*.png=01;35:*.svg=01;35:*.svgz=01;35:*.mng=01;35:*.pcx=01;35:*.mov=01;35:*.mpg=01;35:*.mpeg=01;35:*.m2v=01;35:*.mkv=01;35:*.webm=01;35:*.webp=01;35:*.ogm=01;35:*.mp4=01;35:*.m4v=01;35:*.mp4v=01;35:*.vob=01;35:*.qt=01;35:*.nuv=01;35:*.wmv=01;35:*.asf=01;35:*.rm=01;35:*.rmvb=01;35:*.flc=01;35:*.avi=01;35:*.fli=01;35:*.flv=01;35:*.gl=01;35:*.dl=01;35:*.xcf=01;35:*.xwd=01;35:*.yuv=01;35:*.cgm=01;35:*.emf=01;35:*.ogv=01;35:*.ogx=01;35:*.aac=00;36:*.au=00;36:*.flac=00;36:*.m4a=00;36:*.mid=00;36:*.midi=00;36:*.mka=00;36:*.mp3=00;36:*.mpc=00;36:*.ogg=00;36:*.ra=00;36:*.wav=00;36:*.oga=00;36:*.opus=00;36:*.spx=00;36:*.xspf=00;36:'), ('JETSON_SOC', 'tegra234'), ('VSCODE_GIT_IPC_HANDLE', '/run/user/0/vscode-git-994ffc2805.sock'), ('TERM_PROGRAM', 'vscode'), ('ROSDISTRO_INDEX_URL', 'https://mirrors.tuna.tsinghua.edu.cn/rosdistro/index_v4.yaml'), ('ROS_DOMAIN_ID', '193'), ('AMENT_PREFIX_PATH', '/data/rl_deploy/install/node_control_msgs:/opt/ros/humble'), ('SHELL', '/bin/bash'), ('LC_NAME', 'zh_CN.UTF-8'), ('LESSCLOSE', '/usr/bin/lesspipe %s %s'), ('LC_MEASUREMENT', 'zh_CN.UTF-8'), ('LC_IDENTIFICATION', 'zh_CN.UTF-8'), ('VSCODE_GIT_ASKPASS_EXTRA_ARGS', ''), ('JETSON_CUDA_ARCH_BIN', '8.7'), ('PWD', '/data/rl_deploy/build/node_app_msgs'), ('LC_ALL', 'en_US.UTF-8'), ('SSH_CONNECTION', '192.168.8.113 50272 192.168.8.111 22'), ('XDG_DATA_DIRS', '/usr/share/gnome:/usr/local/share:/usr/share:/var/lib/snapd/desktop'), ('PYTHONPATH', '/data/rl_deploy/install/node_control_msgs/local/lib/python3.10/dist-packages:/opt/ros/humble/lib/python3.10/site-packages:/opt/ros/humble/local/lib/python3.10/dist-packages'), ('LC_NUMERIC', 'zh_CN.UTF-8'), ('LC_PAPER', 'zh_CN.UTF-8'), ('COLCON', '1'), ('JETSON_JETPACK', '6.2.1'), ('JETSON_P_NUMBER', 'p3767-0000'), ('CMAKE_PREFIX_PATH', '/data/rl_deploy/install/node_control_msgs:/opt/ros/humble')]), 'shell': False}
[1.503012] (-) TimerEvent: {}
[1.603547] (-) TimerEvent: {}
[1.607924] (robot_msgs) StdoutLine: {'line': b'[  9%] Built target robot_msgs__rosidl_generator_c\n'}
[1.609011] (robot_msgs) StdoutLine: {'line': b'[ 12%] Built target robot_msgs__rs\n'}
[1.619953] (node_app_msgs) StdoutLine: {'line': b'[  1%] Built target node_app_msgs__cpp\n'}
[1.623862] (node_app_msgs) StdoutLine: {'line': b'[ 12%] Built target node_app_msgs__rosidl_generator_c\n'}
[1.637909] (robot_msgs) StdoutLine: {'line': b'[ 12%] Built target ament_cmake_python_copy_robot_msgs\n'}
[1.644308] (robot_msgs) StdoutLine: {'line': b'[ 21%] Built target robot_msgs__rosidl_typesupport_c\n'}
[1.652443] (node_app_msgs) StdoutLine: {'line': b'[ 12%] Built target ament_cmake_python_copy_node_app_msgs\n'}
[1.664045] (robot_msgs) StdoutLine: {'line': b'[ 31%] Built target robot_msgs__rosidl_typesupport_fastrtps_c\n'}
[1.684777] (node_app_msgs) StdoutLine: {'line': b'[ 23%] Built target node_app_msgs__rosidl_typesupport_fastrtps_c\n'}
[1.693318] (robot_msgs) StdoutLine: {'line': b'[ 40%] Built target robot_msgs__rosidl_typesupport_introspection_c\n'}
[1.695266] (node_app_msgs) StdoutLine: {'line': b'[ 34%] Built target node_app_msgs__rosidl_typesupport_introspection_cpp\n'}
[1.703697] (-) TimerEvent: {}
[1.719599] (robot_msgs) StdoutLine: {'line': b'[ 43%] Built target robot_msgs__cpp\n'}
[1.722875] (node_app_msgs) StdoutLine: {'line': b'[ 45%] Built target node_app_msgs__rosidl_typesupport_c\n'}
[1.749185] (robot_msgs) StdoutLine: {'line': b'[ 53%] Built target robot_msgs__rosidl_typesupport_introspection_cpp\n'}
[1.760469] (node_app_msgs) StdoutLine: {'line': b'[ 56%] Built target node_app_msgs__rosidl_typesupport_introspection_c\n'}
[1.790609] (node_app_msgs) StdoutLine: {'line': b'[ 68%] Built target node_app_msgs__rosidl_typesupport_fastrtps_cpp\n'}
[1.803876] (-) TimerEvent: {}
[1.821596] (node_app_msgs) StdoutLine: {'line': b'[ 79%] Built target node_app_msgs__rosidl_typesupport_cpp\n'}
[1.826261] (robot_msgs) StdoutLine: {'line': b'[ 62%] Built target robot_msgs__rosidl_typesupport_fastrtps_cpp\n'}
[1.844055] (node_app_msgs) StdoutLine: {'line': b'[ 80%] Built target node_app_msgs__rs\n'}
[1.853723] (robot_msgs) StdoutLine: {'line': b'[ 71%] Built target robot_msgs__rosidl_typesupport_cpp\n'}
[1.864182] (node_app_msgs) StdoutLine: {'line': b'[ 80%] Built target node_app_msgs\n'}
[1.874620] (robot_msgs) StdoutLine: {'line': b'[ 71%] Built target robot_msgs\n'}
[1.888888] (node_app_msgs) StdoutLine: {'line': b'[ 81%] Built target node_app_msgs__py\n'}
[1.896402] (robot_msgs) StdoutLine: {'line': b'[ 75%] Built target robot_msgs__py\n'}
[1.903960] (-) TimerEvent: {}
[1.920881] (node_app_msgs) StdoutLine: {'line': b'[ 91%] Built target node_app_msgs__rosidl_generator_py\n'}
[1.946617] (robot_msgs) StdoutLine: {'line': b'[ 81%] Built target robot_msgs__rosidl_generator_py\n'}
[1.947322] (node_app_msgs) StdoutLine: {'line': b'[ 94%] Built target node_app_msgs__rosidl_typesupport_fastrtps_c__pyext\n'}
[1.977058] (node_app_msgs) StdoutLine: {'line': b'[ 97%] Built target node_app_msgs__rosidl_typesupport_c__pyext\n'}
[1.980294] (robot_msgs) StdoutLine: {'line': b'[ 87%] Built target robot_msgs__rosidl_typesupport_fastrtps_c__pyext\n'}
[2.004100] (-) TimerEvent: {}
[2.010038] (node_app_msgs) StdoutLine: {'line': b'[100%] Built target node_app_msgs__rosidl_typesupport_introspection_c__pyext\n'}
[2.018623] (robot_msgs) StdoutLine: {'line': b'[ 93%] Built target robot_msgs__rosidl_typesupport_c__pyext\n'}
[2.045161] (robot_msgs) StdoutLine: {'line': b'[100%] Built target robot_msgs__rosidl_typesupport_introspection_c__pyext\n'}
[2.104294] (-) TimerEvent: {}
[2.154930] (node_app_msgs) StdoutLine: {'line': b'running egg_info\n'}
[2.157587] (node_app_msgs) StdoutLine: {'line': b'writing node_app_msgs.egg-info/PKG-INFO\n'}
[2.157896] (node_app_msgs) StdoutLine: {'line': b'writing dependency_links to node_app_msgs.egg-info/dependency_links.txt\n'}
[2.158041] (node_app_msgs) StdoutLine: {'line': b'writing top-level names to node_app_msgs.egg-info/top_level.txt\n'}
[2.161611] (node_app_msgs) StdoutLine: {'line': b"reading manifest file 'node_app_msgs.egg-info/SOURCES.txt'\n"}
[2.162900] (node_app_msgs) StdoutLine: {'line': b"writing manifest file 'node_app_msgs.egg-info/SOURCES.txt'\n"}
[2.176493] (robot_msgs) StdoutLine: {'line': b'running egg_info\n'}
[2.178606] (robot_msgs) StdoutLine: {'line': b'writing robot_msgs.egg-info/PKG-INFO\n'}
[2.179504] (robot_msgs) StdoutLine: {'line': b'writing dependency_links to robot_msgs.egg-info/dependency_links.txt\n'}
[2.179921] (robot_msgs) StdoutLine: {'line': b'writing top-level names to robot_msgs.egg-info/top_level.txt\n'}
[2.185665] (robot_msgs) StdoutLine: {'line': b"reading manifest file 'robot_msgs.egg-info/SOURCES.txt'\n"}
[2.186974] (robot_msgs) StdoutLine: {'line': b"writing manifest file 'robot_msgs.egg-info/SOURCES.txt'\n"}
[2.204638] (-) TimerEvent: {}
[2.218653] (node_app_msgs) StdoutLine: {'line': b'[100%] Built target ament_cmake_python_build_node_app_msgs_egg\n'}
[2.233388] (node_app_msgs) CommandEnded: {'returncode': 0}
[2.255952] (node_app_msgs) JobProgress: {'identifier': 'node_app_msgs', 'progress': 'install'}
[2.256170] (node_app_msgs) Command: {'cmd': ['/usr/local/bin/cmake', '--install', '/data/rl_deploy/build/node_app_msgs'], 'cwd': '/data/rl_deploy/build/node_app_msgs', 'env': OrderedDict([('LESSOPEN', '| /usr/bin/lesspipe %s'), ('USER', 'root'), ('SSH_CLIENT', '192.168.8.113 50272 22'), ('LC_TIME', 'zh_CN.UTF-8'), ('XDG_SESSION_TYPE', 'tty'), ('GIT_ASKPASS', '/root/.vscode-server/cli/servers/Stable-61b3d0ab13be7dda2389f1d3e60a119c7f660cc3/server/extensions/git/dist/askpass.sh'), ('SHLVL', '2'), ('LD_LIBRARY_PATH', '/data/rl_deploy/install/node_control_msgs/lib:/opt/ros/humble/lib/aarch64-linux-gnu:/opt/ros/humble/lib:/app/lib:/app/lib:/usr/local/cuda-12/lib64:/usr/local/cuda-12/lib64:/usr/local/cuda-12/lib64'), ('BROWSER', '/root/.vscode-server/cli/servers/Stable-61b3d0ab13be7dda2389f1d3e60a119c7f660cc3/server/bin/helpers/browser.sh'), ('LYOS_LOCALHOST_ONLY', '1'), ('MOTD_SHOWN', 'pam'), ('HOME', '/root'), ('OLDPWD', '/root/.vscode-server'), ('TERM_PROGRAM_VERSION', '1.110.1'), ('VSCODE_IPC_HOOK_CLI', '/run/user/0/vscode-ipc-2d12e5c4-ef4a-4996-a4ea-3ebfab8c4620.sock'), ('JETSON_L4T', '36.4.4'), ('ROS_PYTHON_VERSION', '3'), ('JETSON_MODEL', 'NVIDIA Jetson Orin NX Engineering Reference Developer Kit Super'), ('VSCODE_GIT_ASKPASS_MAIN', '/root/.vscode-server/cli/servers/Stable-61b3d0ab13be7dda2389f1d3e60a119c7f660cc3/server/extensions/git/dist/askpass-main.js'), ('LC_MONETARY', 'zh_CN.UTF-8'), ('VSCODE_GIT_ASKPASS_NODE', '/root/.vscode-server/cli/servers/Stable-61b3d0ab13be7dda2389f1d3e60a119c7f660cc3/server/node'), ('VSCODE_PYTHON_AUTOACTIVATE_GUARD', '1'), ('DBUS_SESSION_BUS_ADDRESS', 'unix:path=/run/user/0/bus'), ('COLORTERM', 'truecolor'), ('LYOS_DOMAIN_ID', '18:45:b3:02:00:08'), ('DEBUGINFOD_URLS', ''), ('ROS_DISTRO', 'humble'), ('LOGNAME', 'root'), ('JETSON_MODULE', 'NVIDIA Jetson Orin NX (16GB ram)'), ('JETSON_SERIAL_NUMBER', 'DummySN'), ('_', '/usr/bin/colcon'), ('ROS_VERSION', '2'), ('XDG_SESSION_CLASS', 'user'), ('TERM', 'xterm-256color'), ('XDG_SESSION_ID', '5'), ('ROS_LOCALHOST_ONLY', '1'), ('PATH', '/root/.vscode-server/cli/servers/Stable-61b3d0ab13be7dda2389f1d3e60a119c7f660cc3/server/bin/remote-cli:/opt/ros/humble/bin:/usr/local/sbin:/usr/local/bin:/usr/sbin:/usr/bin:/sbin:/bin:/usr/games:/usr/local/games:/snap/bin:/app/bin:/app/bin:/usr/local/cuda-12/bin:/usr/local/cuda-12/bin:/usr/local/cuda-12/bin'), ('LC_ADDRESS', 'zh_CN.UTF-8'), ('XDG_RUNTIME_DIR', '/run/user/0'), ('LANG', 'en_US.UTF-8'), ('LC_TELEPHONE', 'zh_CN.UTF-8'), ('LS_COLORS', 'rs=0:di=01;34:ln=01;36:mh=00:pi=40;33:so=01;35:do=01;35:bd=40;33;01:cd=40;33;01:or=40;31;01:mi=00:su=37;41:sg=30;43:ca=30;41:tw=30;42:ow=34;42:st=37;44:ex=01;32:*.tar=01;31:*.tgz=01;31:*.arc=01;31:*.arj=01;31:*.taz=01;31:*.lha=01;31:*.lz4=01;31:*.lzh=01;31:*.lzma=01;31:*.tlz=01;31:*.txz=01;31:*.tzo=01;31:*.t7z=01;31:*.zip=01;31:*.z=01;31:*.dz=01;31:*.gz=01;31:*.lrz=01;31:*.lz=01;31:*.lzo=01;31:*.xz=01;31:*.zst=01;31:*.tzst=01;31:*.bz2=01;31:*.bz=01;31:*.tbz=01;31:*.tbz2=01;31:*.tz=01;31:*.deb=01;31:*.rpm=01;31:*.jar=01;31:*.war=01;31:*.ear=01;31:*.sar=01;31:*.rar=01;31:*.alz=01;31:*.ace=01;31:*.zoo=01;31:*.cpio=01;31:*.7z=01;31:*.rz=01;31:*.cab=01;31:*.wim=01;31:*.swm=01;31:*.dwm=01;31:*.esd=01;31:*.jpg=01;35:*.jpeg=01;35:*.mjpg=01;35:*.mjpeg=01;35:*.gif=01;35:*.bmp=01;35:*.pbm=01;35:*.pgm=01;35:*.ppm=01;35:*.tga=01;35:*.xbm=01;35:*.xpm=01;35:*.tif=01;35:*.tiff=01;35:*.png=01;35:*.svg=01;35:*.svgz=01;35:*.mng=01;35:*.pcx=01;35:*.mov=01;35:*.mpg=01;35:*.mpeg=01;35:*.m2v=01;35:*.mkv=01;35:*.webm=01;35:*.webp=01;35:*.ogm=01;35:*.mp4=01;35:*.m4v=01;35:*.mp4v=01;35:*.vob=01;35:*.qt=01;35:*.nuv=01;35:*.wmv=01;35:*.asf=01;35:*.rm=01;35:*.rmvb=01;35:*.flc=01;35:*.avi=01;35:*.fli=01;35:*.flv=01;35:*.gl=01;35:*.dl=01;35:*.xcf=01;35:*.xwd=01;35:*.yuv=01;35:*.cgm=01;35:*.emf=01;35:*.ogv=01;35:*.ogx=01;35:*.aac=00;36:*.au=00;36:*.flac=00;36:*.m4a=00;36:*.mid=00;36:*.midi=00;36:*.mka=00;36:*.mp3=00;36:*.mpc=00;36:*.ogg=00;36:*.ra=00;36:*.wav=00;36:*.oga=00;36:*.opus=00;36:*.spx=00;36:*.xspf=00;36:'), ('JETSON_SOC', 'tegra234'), ('VSCODE_GIT_IPC_HANDLE', '/run/user/0/vscode-git-994ffc2805.sock'), ('TERM_PROGRAM', 'vscode'), ('ROSDISTRO_INDEX_URL', 'https://mirrors.tuna.tsinghua.edu.cn/rosdistro/index_v4.yaml'), ('ROS_DOMAIN_ID', '193'), ('AMENT_PREFIX_PATH', '/data/rl_deploy/install/node_control_msgs:/opt/ros/humble'), ('SHELL', '/bin/bash'), ('LC_NAME', 'zh_CN.UTF-8'), ('LESSCLOSE', '/usr/bin/lesspipe %s %s'), ('LC_MEASUREMENT', 'zh_CN.UTF-8'), ('LC_IDENTIFICATION', 'zh_CN.UTF-8'), ('VSCODE_GIT_ASKPASS_EXTRA_ARGS', ''), ('JETSON_CUDA_ARCH_BIN', '8.7'), ('PWD', '/data/rl_deploy/build/node_app_msgs'), ('LC_ALL', 'en_US.UTF-8'), ('SSH_CONNECTION', '192.168.8.113 50272 192.168.8.111 22'), ('XDG_DATA_DIRS', '/usr/share/gnome:/usr/local/share:/usr/share:/var/lib/snapd/desktop'), ('PYTHONPATH', '/data/rl_deploy/install/node_control_msgs/local/lib/python3.10/dist-packages:/opt/ros/humble/lib/python3.10/site-packages:/opt/ros/humble/local/lib/python3.10/dist-packages'), ('LC_NUMERIC', 'zh_CN.UTF-8'), ('LC_PAPER', 'zh_CN.UTF-8'), ('COLCON', '1'), ('JETSON_JETPACK', '6.2.1'), ('JETSON_P_NUMBER', 'p3767-0000'), ('CMAKE_PREFIX_PATH', '/data/rl_deploy/install/node_control_msgs:/opt/ros/humble')]), 'shell': False}
[2.259117] (robot_msgs) StdoutLine: {'line': b'[100%] Built target ament_cmake_python_build_robot_msgs_egg\n'}
[2.282938] (robot_msgs) CommandEnded: {'returncode': 0}
[2.287295] (robot_msgs) JobProgress: {'identifier': 'robot_msgs', 'progress': 'install'}
[2.287478] (robot_msgs) Command: {'cmd': ['/usr/local/bin/cmake', '--install', '/data/rl_deploy/build/robot_msgs'], 'cwd': '/data/rl_deploy/build/robot_msgs', 'env': OrderedDict([('LESSOPEN', '| /usr/bin/lesspipe %s'), ('USER', 'root'), ('SSH_CLIENT', '192.168.8.113 50272 22'), ('LC_TIME', 'zh_CN.UTF-8'), ('XDG_SESSION_TYPE', 'tty'), ('GIT_ASKPASS', '/root/.vscode-server/cli/servers/Stable-61b3d0ab13be7dda2389f1d3e60a119c7f660cc3/server/extensions/git/dist/askpass.sh'), ('SHLVL', '2'), ('LD_LIBRARY_PATH', '/data/rl_deploy/install/node_control_msgs/lib:/opt/ros/humble/lib/aarch64-linux-gnu:/opt/ros/humble/lib:/app/lib:/app/lib:/usr/local/cuda-12/lib64:/usr/local/cuda-12/lib64:/usr/local/cuda-12/lib64'), ('BROWSER', '/root/.vscode-server/cli/servers/Stable-61b3d0ab13be7dda2389f1d3e60a119c7f660cc3/server/bin/helpers/browser.sh'), ('LYOS_LOCALHOST_ONLY', '1'), ('MOTD_SHOWN', 'pam'), ('HOME', '/root'), ('OLDPWD', '/root/.vscode-server'), ('TERM_PROGRAM_VERSION', '1.110.1'), ('VSCODE_IPC_HOOK_CLI', '/run/user/0/vscode-ipc-2d12e5c4-ef4a-4996-a4ea-3ebfab8c4620.sock'), ('JETSON_L4T', '36.4.4'), ('ROS_PYTHON_VERSION', '3'), ('JETSON_MODEL', 'NVIDIA Jetson Orin NX Engineering Reference Developer Kit Super'), ('VSCODE_GIT_ASKPASS_MAIN', '/root/.vscode-server/cli/servers/Stable-61b3d0ab13be7dda2389f1d3e60a119c7f660cc3/server/extensions/git/dist/askpass-main.js'), ('LC_MONETARY', 'zh_CN.UTF-8'), ('VSCODE_GIT_ASKPASS_NODE', '/root/.vscode-server/cli/servers/Stable-61b3d0ab13be7dda2389f1d3e60a119c7f660cc3/server/node'), ('VSCODE_PYTHON_AUTOACTIVATE_GUARD', '1'), ('DBUS_SESSION_BUS_ADDRESS', 'unix:path=/run/user/0/bus'), ('COLORTERM', 'truecolor'), ('LYOS_DOMAIN_ID', '18:45:b3:02:00:08'), ('DEBUGINFOD_URLS', ''), ('ROS_DISTRO', 'humble'), ('LOGNAME', 'root'), ('JETSON_MODULE', 'NVIDIA Jetson Orin NX (16GB ram)'), ('JETSON_SERIAL_NUMBER', 'DummySN'), ('_', '/usr/bin/colcon'), ('ROS_VERSION', '2'), ('XDG_SESSION_CLASS', 'user'), ('TERM', 'xterm-256color'), ('XDG_SESSION_ID', '5'), ('ROS_LOCALHOST_ONLY', '1'), ('PATH', '/root/.vscode-server/cli/servers/Stable-61b3d0ab13be7dda2389f1d3e60a119c7f660cc3/server/bin/remote-cli:/opt/ros/humble/bin:/usr/local/sbin:/usr/local/bin:/usr/sbin:/usr/bin:/sbin:/bin:/usr/games:/usr/local/games:/snap/bin:/app/bin:/app/bin:/usr/local/cuda-12/bin:/usr/local/cuda-12/bin:/usr/local/cuda-12/bin'), ('LC_ADDRESS', 'zh_CN.UTF-8'), ('XDG_RUNTIME_DIR', '/run/user/0'), ('LANG', 'en_US.UTF-8'), ('LC_TELEPHONE', 'zh_CN.UTF-8'), ('LS_COLORS', 'rs=0:di=01;34:ln=01;36:mh=00:pi=40;33:so=01;35:do=01;35:bd=40;33;01:cd=40;33;01:or=40;31;01:mi=00:su=37;41:sg=30;43:ca=30;41:tw=30;42:ow=34;42:st=37;44:ex=01;32:*.tar=01;31:*.tgz=01;31:*.arc=01;31:*.arj=01;31:*.taz=01;31:*.lha=01;31:*.lz4=01;31:*.lzh=01;31:*.lzma=01;31:*.tlz=01;31:*.txz=01;31:*.tzo=01;31:*.t7z=01;31:*.zip=01;31:*.z=01;31:*.dz=01;31:*.gz=01;31:*.lrz=01;31:*.lz=01;31:*.lzo=01;31:*.xz=01;31:*.zst=01;31:*.tzst=01;31:*.bz2=01;31:*.bz=01;31:*.tbz=01;31:*.tbz2=01;31:*.tz=01;31:*.deb=01;31:*.rpm=01;31:*.jar=01;31:*.war=01;31:*.ear=01;31:*.sar=01;31:*.rar=01;31:*.alz=01;31:*.ace=01;31:*.zoo=01;31:*.cpio=01;31:*.7z=01;31:*.rz=01;31:*.cab=01;31:*.wim=01;31:*.swm=01;31:*.dwm=01;31:*.esd=01;31:*.jpg=01;35:*.jpeg=01;35:*.mjpg=01;35:*.mjpeg=01;35:*.gif=01;35:*.bmp=01;35:*.pbm=01;35:*.pgm=01;35:*.ppm=01;35:*.tga=01;35:*.xbm=01;35:*.xpm=01;35:*.tif=01;35:*.tiff=01;35:*.png=01;35:*.svg=01;35:*.svgz=01;35:*.mng=01;35:*.pcx=01;35:*.mov=01;35:*.mpg=01;35:*.mpeg=01;35:*.m2v=01;35:*.mkv=01;35:*.webm=01;35:*.webp=01;35:*.ogm=01;35:*.mp4=01;35:*.m4v=01;35:*.mp4v=01;35:*.vob=01;35:*.qt=01;35:*.nuv=01;35:*.wmv=01;35:*.asf=01;35:*.rm=01;35:*.rmvb=01;35:*.flc=01;35:*.avi=01;35:*.fli=01;35:*.flv=01;35:*.gl=01;35:*.dl=01;35:*.xcf=01;35:*.xwd=01;35:*.yuv=01;35:*.cgm=01;35:*.emf=01;35:*.ogv=01;35:*.ogx=01;35:*.aac=00;36:*.au=00;36:*.flac=00;36:*.m4a=00;36:*.mid=00;36:*.midi=00;36:*.mka=00;36:*.mp3=00;36:*.mpc=00;36:*.ogg=00;36:*.ra=00;36:*.wav=00;36:*.oga=00;36:*.opus=00;36:*.spx=00;36:*.xspf=00;36:'), ('JETSON_SOC', 'tegra234'), ('VSCODE_GIT_IPC_HANDLE', '/run/user/0/vscode-git-994ffc2805.sock'), ('TERM_PROGRAM', 'vscode'), ('ROSDISTRO_INDEX_URL', 'https://mirrors.tuna.tsinghua.edu.cn/rosdistro/index_v4.yaml'), ('ROS_DOMAIN_ID', '193'), ('AMENT_PREFIX_PATH', '/data/rl_deploy/install/node_control_msgs:/opt/ros/humble'), ('SHELL', '/bin/bash'), ('LC_NAME', 'zh_CN.UTF-8'), ('LESSCLOSE', '/usr/bin/lesspipe %s %s'), ('LC_MEASUREMENT', 'zh_CN.UTF-8'), ('LC_IDENTIFICATION', 'zh_CN.UTF-8'), ('VSCODE_GIT_ASKPASS_EXTRA_ARGS', ''), ('JETSON_CUDA_ARCH_BIN', '8.7'), ('PWD', '/data/rl_deploy/build/robot_msgs'), ('LC_ALL', 'en_US.UTF-8'), ('SSH_CONNECTION', '192.168.8.113 50272 192.168.8.111 22'), ('XDG_DATA_DIRS', '/usr/share/gnome:/usr/local/share:/usr/share:/var/lib/snapd/desktop'), ('PYTHONPATH', '/data/rl_deploy/install/node_control_msgs/local/lib/python3.10/dist-packages:/opt/ros/humble/lib/python3.10/site-packages:/opt/ros/humble/local/lib/python3.10/dist-packages'), ('LC_NUMERIC', 'zh_CN.UTF-8'), ('LC_PAPER', 'zh_CN.UTF-8'), ('COLCON', '1'), ('JETSON_JETPACK', '6.2.1'), ('JETSON_P_NUMBER', 'p3767-0000'), ('CMAKE_PREFIX_PATH', '/data/rl_deploy/install/node_control_msgs:/opt/ros/humble')]), 'shell': False}
[2.304805] (-) TimerEvent: {}
[2.395989] (node_app_msgs) StdoutLine: {'line': b'-- Install configuration: ""\n'}
[2.397548] (node_app_msgs) StdoutLine: {'line': b'-- Up-to-date: /data/rl_deploy/install/node_app_msgs/share/ament_index/resource_index/rosidl_interfaces/node_app_msgs\n'}
[2.397798] (node_app_msgs) StdoutLine: {'line': b'-- Up-to-date: /data/rl_deploy/install/node_app_msgs/include/node_app_msgs/node_app_msgs\n'}
[2.397934] (node_app_msgs) StdoutLine: {'line': b'-- Up-to-date: /data/rl_deploy/install/node_app_msgs/include/node_app_msgs/node_app_msgs/msg\n'}
[2.398051] (node_app_msgs) StdoutLine: {'line': b'-- Up-to-date: /data/rl_deploy/install/node_app_msgs/include/node_app_msgs/node_app_msgs/msg/lrs_cmd_state_feedback.h\n'}
[2.398160] (node_app_msgs) StdoutLine: {'line': b'-- Up-to-date: /data/rl_deploy/install/node_app_msgs/include/node_app_msgs/node_app_msgs/msg/lrs_cmd_action.h\n'}
[2.398390] (node_app_msgs) StdoutLine: {'line': b'-- Up-to-date: /data/rl_deploy/install/node_app_msgs/include/node_app_msgs/node_app_msgs/msg/iot_cmd_msg.h\n'}
[2.398519] (node_app_msgs) StdoutLine: {'line': b'-- Up-to-date: /data/rl_deploy/install/node_app_msgs/include/node_app_msgs/node_app_msgs/msg/lrs_cmd_state.h\n'}
[2.398660] (node_app_msgs) StdoutLine: {'line': b'-- Up-to-date: /data/rl_deploy/install/node_app_msgs/include/node_app_msgs/node_app_msgs/msg/detail\n'}
[2.398765] (node_app_msgs) StdoutLine: {'line': b'-- Up-to-date: /data/rl_deploy/install/node_app_msgs/include/node_app_msgs/node_app_msgs/msg/detail/lrs_state__functions.h\n'}
[2.398867] (node_app_msgs) StdoutLine: {'line': b'-- Up-to-date: /data/rl_deploy/install/node_app_msgs/include/node_app_msgs/node_app_msgs/msg/detail/lrs_cmd_state__type_support.h\n'}
[2.398968] (node_app_msgs) StdoutLine: {'line': b'-- Up-to-date: /data/rl_deploy/install/node_app_msgs/include/node_app_msgs/node_app_msgs/msg/detail/lrs_cmd_state_feedback__functions.c\n'}
[2.399068] (node_app_msgs) StdoutLine: {'line': b'-- Up-to-date: /data/rl_deploy/install/node_app_msgs/include/node_app_msgs/node_app_msgs/msg/detail/lrs_cmd_action_feedback__functions.h\n'}
[2.399168] (node_app_msgs) StdoutLine: {'line': b'-- Up-to-date: /data/rl_deploy/install/node_app_msgs/include/node_app_msgs/node_app_msgs/msg/detail/lrs_cmd_state_feedback__struct.h\n'}
[2.399671] (node_app_msgs) StdoutLine: {'line': b'-- Up-to-date: /data/rl_deploy/install/node_app_msgs/include/node_app_msgs/node_app_msgs/msg/detail/lrs_cmd_state_feedback__functions.h\n'}
[2.399962] (node_app_msgs) StdoutLine: {'line': b'-- Up-to-date: /data/rl_deploy/install/node_app_msgs/include/node_app_msgs/node_app_msgs/msg/detail/iot_cmd_msg__functions.c\n'}
[2.400113] (node_app_msgs) StdoutLine: {'line': b'-- Up-to-date: /data/rl_deploy/install/node_app_msgs/include/node_app_msgs/node_app_msgs/msg/detail/lrs_state__functions.c\n'}
[2.400272] (node_app_msgs) StdoutLine: {'line': b'-- Up-to-date: /data/rl_deploy/install/node_app_msgs/include/node_app_msgs/node_app_msgs/msg/detail/lrs_cmd_state__functions.c\n'}
[2.400680] (node_app_msgs) StdoutLine: {'line': b'-- Up-to-date: /data/rl_deploy/install/node_app_msgs/include/node_app_msgs/node_app_msgs/msg/detail/lrs_cmd_action__functions.c\n'}
[2.401033] (node_app_msgs) StdoutLine: {'line': b'-- Up-to-date: /data/rl_deploy/install/node_app_msgs/include/node_app_msgs/node_app_msgs/msg/detail/lrs_state__type_support.h\n'}
[2.401368] (node_app_msgs) StdoutLine: {'line': b'-- Up-to-date: /data/rl_deploy/install/node_app_msgs/include/node_app_msgs/node_app_msgs/msg/detail/lrs_cmd_state_feedback__type_support.h\n'}
[2.401858] (node_app_msgs) StdoutLine: {'line': b'-- Up-to-date: /data/rl_deploy/install/node_app_msgs/include/node_app_msgs/node_app_msgs/msg/detail/lrs_cmd_action__functions.h\n'}
[2.402083] (node_app_msgs) StdoutLine: {'line': b'-- Up-to-date: /data/rl_deploy/install/node_app_msgs/include/node_app_msgs/node_app_msgs/msg/detail/lrs_cmd_action__struct.h\n'}
[2.402224] (node_app_msgs) StdoutLine: {'line': b'-- Up-to-date: /data/rl_deploy/install/node_app_msgs/include/node_app_msgs/node_app_msgs/msg/detail/lrs_cmd_action__type_support.h\n'}
[2.402456] (node_app_msgs) StdoutLine: {'line': b'-- Up-to-date: /data/rl_deploy/install/node_app_msgs/include/node_app_msgs/node_app_msgs/msg/detail/lrs_cmd_action_feedback__type_support.h\n'}
[2.402737] (node_app_msgs) StdoutLine: {'line': b'-- Up-to-date: /data/rl_deploy/install/node_app_msgs/include/node_app_msgs/node_app_msgs/msg/detail/iot_cmd_msg__functions.h\n'}
[2.402859] (node_app_msgs) StdoutLine: {'line': b'-- Up-to-date: /data/rl_deploy/install/node_app_msgs/include/node_app_msgs/node_app_msgs/msg/detail/lrs_state__struct.h\n'}
[2.402970] (node_app_msgs) StdoutLine: {'line': b'-- Up-to-date: /data/rl_deploy/install/node_app_msgs/include/node_app_msgs/node_app_msgs/msg/detail/lrs_cmd_action_feedback__struct.h\n'}
[2.403078] (node_app_msgs) StdoutLine: {'line': b'-- Up-to-date: /data/rl_deploy/install/node_app_msgs/include/node_app_msgs/node_app_msgs/msg/detail/lrs_cmd_action_feedback__functions.c\n'}
[2.403182] (node_app_msgs) StdoutLine: {'line': b'-- Up-to-date: /data/rl_deploy/install/node_app_msgs/include/node_app_msgs/node_app_msgs/msg/detail/lrs_cmd_state__functions.h\n'}
[2.403285] (node_app_msgs) StdoutLine: {'line': b'-- Up-to-date: /data/rl_deploy/install/node_app_msgs/include/node_app_msgs/node_app_msgs/msg/detail/iot_cmd_msg__struct.h\n'}
[2.403612] (node_app_msgs) StdoutLine: {'line': b'-- Up-to-date: /data/rl_deploy/install/node_app_msgs/include/node_app_msgs/node_app_msgs/msg/detail/iot_cmd_msg__type_support.h\n'}
[2.403743] (node_app_msgs) StdoutLine: {'line': b'-- Up-to-date: /data/rl_deploy/install/node_app_msgs/include/node_app_msgs/node_app_msgs/msg/detail/lrs_cmd_state__struct.h\n'}
[2.403937] (node_app_msgs) StdoutLine: {'line': b'-- Up-to-date: /data/rl_deploy/install/node_app_msgs/include/node_app_msgs/node_app_msgs/msg/lrs_cmd_action_feedback.h\n'}
[2.404164] (node_app_msgs) StdoutLine: {'line': b'-- Up-to-date: /data/rl_deploy/install/node_app_msgs/include/node_app_msgs/node_app_msgs/msg/rosidl_generator_c__visibility_control.h\n'}
[2.404301] (node_app_msgs) StdoutLine: {'line': b'-- Up-to-date: /data/rl_deploy/install/node_app_msgs/include/node_app_msgs/node_app_msgs/msg/lrs_state.h\n'}
[2.404495] (node_app_msgs) StdoutLine: {'line': b'-- Up-to-date: /data/rl_deploy/install/node_app_msgs/share/node_app_msgs/environment/library_path.sh\n'}
[2.404734] (node_app_msgs) StdoutLine: {'line': b'-- Up-to-date: /data/rl_deploy/install/node_app_msgs/share/node_app_msgs/environment/library_path.dsv\n'}
[2.405072] (-) TimerEvent: {}
[2.405343] (node_app_msgs) StdoutLine: {'line': b'-- Up-to-date: /data/rl_deploy/install/node_app_msgs/lib/libnode_app_msgs__rosidl_generator_c.so\n'}
[2.405758] (node_app_msgs) StdoutLine: {'line': b'-- Up-to-date: /data/rl_deploy/install/node_app_msgs/include/node_app_msgs/node_app_msgs\n'}
[2.405944] (node_app_msgs) StdoutLine: {'line': b'-- Up-to-date: /data/rl_deploy/install/node_app_msgs/include/node_app_msgs/node_app_msgs/msg\n'}
[2.406074] (node_app_msgs) StdoutLine: {'line': b'-- Up-to-date: /data/rl_deploy/install/node_app_msgs/include/node_app_msgs/node_app_msgs/msg/detail\n'}
[2.406449] (node_app_msgs) StdoutLine: {'line': b'-- Up-to-date: /data/rl_deploy/install/node_app_msgs/include/node_app_msgs/node_app_msgs/msg/detail/lrs_cmd_action_feedback__rosidl_typesupport_fastrtps_c.h\n'}
[2.406878] (node_app_msgs) StdoutLine: {'line': b'-- Up-to-date: /data/rl_deploy/install/node_app_msgs/include/node_app_msgs/node_app_msgs/msg/detail/lrs_state__rosidl_typesupport_fastrtps_c.h\n'}
[2.407265] (node_app_msgs) StdoutLine: {'line': b'-- Up-to-date: /data/rl_deploy/install/node_app_msgs/include/node_app_msgs/node_app_msgs/msg/detail/lrs_cmd_action__rosidl_typesupport_fastrtps_c.h\n'}
[2.407451] (node_app_msgs) StdoutLine: {'line': b'-- Up-to-date: /data/rl_deploy/install/node_app_msgs/include/node_app_msgs/node_app_msgs/msg/detail/iot_cmd_msg__rosidl_typesupport_fastrtps_c.h\n'}
[2.407579] (node_app_msgs) StdoutLine: {'line': b'-- Up-to-date: /data/rl_deploy/install/node_app_msgs/include/node_app_msgs/node_app_msgs/msg/detail/lrs_cmd_state_feedback__rosidl_typesupport_fastrtps_c.h\n'}
[2.407700] (node_app_msgs) StdoutLine: {'line': b'-- Up-to-date: /data/rl_deploy/install/node_app_msgs/include/node_app_msgs/node_app_msgs/msg/detail/lrs_cmd_state__rosidl_typesupport_fastrtps_c.h\n'}
[2.407810] (node_app_msgs) StdoutLine: {'line': b'-- Up-to-date: /data/rl_deploy/install/node_app_msgs/include/node_app_msgs/node_app_msgs/msg/rosidl_typesupport_fastrtps_c__visibility_control.h\n'}
[2.407915] (node_app_msgs) StdoutLine: {'line': b'-- Up-to-date: /data/rl_deploy/install/node_app_msgs/lib/libnode_app_msgs__rosidl_typesupport_fastrtps_c.so\n'}
[2.408251] (node_app_msgs) StdoutLine: {'line': b'-- Up-to-date: /data/rl_deploy/install/node_app_msgs/include/node_app_msgs/node_app_msgs\n'}
[2.408413] (node_app_msgs) StdoutLine: {'line': b'-- Up-to-date: /data/rl_deploy/install/node_app_msgs/include/node_app_msgs/node_app_msgs/msg\n'}
[2.408530] (node_app_msgs) StdoutLine: {'line': b'-- Up-to-date: /data/rl_deploy/install/node_app_msgs/include/node_app_msgs/node_app_msgs/msg/detail\n'}
[2.408636] (node_app_msgs) StdoutLine: {'line': b'-- Up-to-date: /data/rl_deploy/install/node_app_msgs/include/node_app_msgs/node_app_msgs/msg/detail/lrs_cmd_state_feedback__type_support.c\n'}
[2.408742] (node_app_msgs) StdoutLine: {'line': b'-- Up-to-date: /data/rl_deploy/install/node_app_msgs/include/node_app_msgs/node_app_msgs/msg/detail/lrs_cmd_action_feedback__rosidl_typesupport_introspection_c.h\n'}
[2.408849] (node_app_msgs) StdoutLine: {'line': b'-- Up-to-date: /data/rl_deploy/install/node_app_msgs/include/node_app_msgs/node_app_msgs/msg/detail/lrs_cmd_action__rosidl_typesupport_introspection_c.h\n'}
[2.408951] (node_app_msgs) StdoutLine: {'line': b'-- Up-to-date: /data/rl_deploy/install/node_app_msgs/include/node_app_msgs/node_app_msgs/msg/detail/iot_cmd_msg__type_support.c\n'}
[2.409091] (node_app_msgs) StdoutLine: {'line': b'-- Up-to-date: /data/rl_deploy/install/node_app_msgs/include/node_app_msgs/node_app_msgs/msg/detail/lrs_cmd_state__type_support.c\n'}
[2.409275] (node_app_msgs) StdoutLine: {'line': b'-- Up-to-date: /data/rl_deploy/install/node_app_msgs/include/node_app_msgs/node_app_msgs/msg/detail/lrs_cmd_state_feedback__rosidl_typesupport_introspection_c.h\n'}
[2.409412] (node_app_msgs) StdoutLine: {'line': b'-- Up-to-date: /data/rl_deploy/install/node_app_msgs/include/node_app_msgs/node_app_msgs/msg/detail/lrs_state__rosidl_typesupport_introspection_c.h\n'}
[2.409538] (node_app_msgs) StdoutLine: {'line': b'-- Up-to-date: /data/rl_deploy/install/node_app_msgs/include/node_app_msgs/node_app_msgs/msg/detail/lrs_cmd_action__type_support.c\n'}
[2.409644] (node_app_msgs) StdoutLine: {'line': b'-- Up-to-date: /data/rl_deploy/install/node_app_msgs/include/node_app_msgs/node_app_msgs/msg/detail/lrs_state__type_support.c\n'}
[2.409823] (node_app_msgs) StdoutLine: {'line': b'-- Up-to-date: /data/rl_deploy/install/node_app_msgs/include/node_app_msgs/node_app_msgs/msg/detail/lrs_cmd_action_feedback__type_support.c\n'}
[2.409939] (node_app_msgs) StdoutLine: {'line': b'-- Up-to-date: /data/rl_deploy/install/node_app_msgs/include/node_app_msgs/node_app_msgs/msg/detail/iot_cmd_msg__rosidl_typesupport_introspection_c.h\n'}
[2.410044] (node_app_msgs) StdoutLine: {'line': b'-- Up-to-date: /data/rl_deploy/install/node_app_msgs/include/node_app_msgs/node_app_msgs/msg/detail/lrs_cmd_state__rosidl_typesupport_introspection_c.h\n'}
[2.410144] (node_app_msgs) StdoutLine: {'line': b'-- Up-to-date: /data/rl_deploy/install/node_app_msgs/include/node_app_msgs/node_app_msgs/msg/rosidl_typesupport_introspection_c__visibility_control.h\n'}
[2.410356] (node_app_msgs) StdoutLine: {'line': b'-- Up-to-date: /data/rl_deploy/install/node_app_msgs/lib/libnode_app_msgs__rosidl_typesupport_introspection_c.so\n'}
[2.410477] (node_app_msgs) StdoutLine: {'line': b'-- Up-to-date: /data/rl_deploy/install/node_app_msgs/lib/libnode_app_msgs__rosidl_typesupport_c.so\n'}
[2.410605] (node_app_msgs) StdoutLine: {'line': b'-- Up-to-date: /data/rl_deploy/install/node_app_msgs/include/node_app_msgs/node_app_msgs\n'}
[2.410715] (node_app_msgs) StdoutLine: {'line': b'-- Up-to-date: /data/rl_deploy/install/node_app_msgs/include/node_app_msgs/node_app_msgs/msg\n'}
[2.410818] (node_app_msgs) StdoutLine: {'line': b'-- Up-to-date: /data/rl_deploy/install/node_app_msgs/include/node_app_msgs/node_app_msgs/msg/lrs_cmd_state.hpp\n'}
[2.410921] (node_app_msgs) StdoutLine: {'line': b'-- Up-to-date: /data/rl_deploy/install/node_app_msgs/include/node_app_msgs/node_app_msgs/msg/iot_cmd_msg.hpp\n'}
[2.411021] (node_app_msgs) StdoutLine: {'line': b'-- Up-to-date: /data/rl_deploy/install/node_app_msgs/include/node_app_msgs/node_app_msgs/msg/lrs_cmd_action.hpp\n'}
[2.411121] (node_app_msgs) StdoutLine: {'line': b'-- Up-to-date: /data/rl_deploy/install/node_app_msgs/include/node_app_msgs/node_app_msgs/msg/lrs_state.hpp\n'}
[2.411327] (node_app_msgs) StdoutLine: {'line': b'-- Up-to-date: /data/rl_deploy/install/node_app_msgs/include/node_app_msgs/node_app_msgs/msg/detail\n'}
[2.411468] (node_app_msgs) StdoutLine: {'line': b'-- Up-to-date: /data/rl_deploy/install/node_app_msgs/include/node_app_msgs/node_app_msgs/msg/detail/lrs_cmd_action__builder.hpp\n'}
[2.411578] (node_app_msgs) StdoutLine: {'line': b'-- Up-to-date: /data/rl_deploy/install/node_app_msgs/include/node_app_msgs/node_app_msgs/msg/detail/lrs_cmd_state__builder.hpp\n'}
[2.411682] (node_app_msgs) StdoutLine: {'line': b'-- Up-to-date: /data/rl_deploy/install/node_app_msgs/include/node_app_msgs/node_app_msgs/msg/detail/iot_cmd_msg__struct.hpp\n'}
[2.411857] (node_app_msgs) StdoutLine: {'line': b'-- Up-to-date: /data/rl_deploy/install/node_app_msgs/include/node_app_msgs/node_app_msgs/msg/detail/lrs_state__struct.hpp\n'}
[2.411978] (node_app_msgs) StdoutLine: {'line': b'-- Up-to-date: /data/rl_deploy/install/node_app_msgs/include/node_app_msgs/node_app_msgs/msg/detail/lrs_cmd_state__struct.hpp\n'}
[2.412084] (node_app_msgs) StdoutLine: {'line': b'-- Up-to-date: /data/rl_deploy/install/node_app_msgs/include/node_app_msgs/node_app_msgs/msg/detail/lrs_state__builder.hpp\n'}
[2.412270] (node_app_msgs) StdoutLine: {'line': b'-- Up-to-date: /data/rl_deploy/install/node_app_msgs/include/node_app_msgs/node_app_msgs/msg/detail/iot_cmd_msg__type_support.hpp\n'}
[2.412417] (node_app_msgs) StdoutLine: {'line': b'-- Up-to-date: /data/rl_deploy/install/node_app_msgs/include/node_app_msgs/node_app_msgs/msg/detail/lrs_cmd_action_feedback__struct.hpp\n'}
[2.412548] (node_app_msgs) StdoutLine: {'line': b'-- Up-to-date: /data/rl_deploy/install/node_app_msgs/include/node_app_msgs/node_app_msgs/msg/detail/lrs_cmd_action_feedback__traits.hpp\n'}
[2.412656] (node_app_msgs) StdoutLine: {'line': b'-- Up-to-date: /data/rl_deploy/install/node_app_msgs/include/node_app_msgs/node_app_msgs/msg/detail/lrs_cmd_state_feedback__type_support.hpp\n'}
[2.412758] (node_app_msgs) StdoutLine: {'line': b'-- Up-to-date: /data/rl_deploy/install/node_app_msgs/include/node_app_msgs/node_app_msgs/msg/detail/lrs_cmd_state_feedback__builder.hpp\n'}
[2.412860] (node_app_msgs) StdoutLine: {'line': b'-- Up-to-date: /data/rl_deploy/install/node_app_msgs/include/node_app_msgs/node_app_msgs/msg/detail/lrs_cmd_action__traits.hpp\n'}
[2.412962] (node_app_msgs) StdoutLine: {'line': b'-- Up-to-date: /data/rl_deploy/install/node_app_msgs/include/node_app_msgs/node_app_msgs/msg/detail/lrs_state__traits.hpp\n'}
[2.413062] (node_app_msgs) StdoutLine: {'line': b'-- Up-to-date: /data/rl_deploy/install/node_app_msgs/include/node_app_msgs/node_app_msgs/msg/detail/lrs_cmd_state_feedback__struct.hpp\n'}
[2.413160] (node_app_msgs) StdoutLine: {'line': b'-- Up-to-date: /data/rl_deploy/install/node_app_msgs/include/node_app_msgs/node_app_msgs/msg/detail/lrs_cmd_state__type_support.hpp\n'}
[2.413405] (node_app_msgs) StdoutLine: {'line': b'-- Up-to-date: /data/rl_deploy/install/node_app_msgs/include/node_app_msgs/node_app_msgs/msg/detail/lrs_cmd_action__struct.hpp\n'}
[2.413550] (node_app_msgs) StdoutLine: {'line': b'-- Up-to-date: /data/rl_deploy/install/node_app_msgs/include/node_app_msgs/node_app_msgs/msg/detail/iot_cmd_msg__traits.hpp\n'}
[2.413727] (node_app_msgs) StdoutLine: {'line': b'-- Up-to-date: /data/rl_deploy/install/node_app_msgs/include/node_app_msgs/node_app_msgs/msg/detail/lrs_cmd_action_feedback__type_support.hpp\n'}
[2.413849] (node_app_msgs) StdoutLine: {'line': b'-- Up-to-date: /data/rl_deploy/install/node_app_msgs/include/node_app_msgs/node_app_msgs/msg/detail/lrs_cmd_state__traits.hpp\n'}
[2.413956] (node_app_msgs) StdoutLine: {'line': b'-- Up-to-date: /data/rl_deploy/install/node_app_msgs/include/node_app_msgs/node_app_msgs/msg/detail/lrs_cmd_state_feedback__traits.hpp\n'}
[2.414062] (node_app_msgs) StdoutLine: {'line': b'-- Up-to-date: /data/rl_deploy/install/node_app_msgs/include/node_app_msgs/node_app_msgs/msg/detail/lrs_cmd_action__type_support.hpp\n'}
[2.414162] (node_app_msgs) StdoutLine: {'line': b'-- Up-to-date: /data/rl_deploy/install/node_app_msgs/include/node_app_msgs/node_app_msgs/msg/detail/lrs_cmd_action_feedback__builder.hpp\n'}
[2.414384] (node_app_msgs) StdoutLine: {'line': b'-- Up-to-date: /data/rl_deploy/install/node_app_msgs/include/node_app_msgs/node_app_msgs/msg/detail/iot_cmd_msg__builder.hpp\n'}
[2.414500] (node_app_msgs) StdoutLine: {'line': b'-- Up-to-date: /data/rl_deploy/install/node_app_msgs/include/node_app_msgs/node_app_msgs/msg/detail/lrs_state__type_support.hpp\n'}
[2.414624] (node_app_msgs) StdoutLine: {'line': b'-- Up-to-date: /data/rl_deploy/install/node_app_msgs/include/node_app_msgs/node_app_msgs/msg/lrs_cmd_state_feedback.hpp\n'}
[2.414730] (node_app_msgs) StdoutLine: {'line': b'-- Up-to-date: /data/rl_deploy/install/node_app_msgs/include/node_app_msgs/node_app_msgs/msg/rosidl_generator_cpp__visibility_control.hpp\n'}
[2.414834] (node_app_msgs) StdoutLine: {'line': b'-- Up-to-date: /data/rl_deploy/install/node_app_msgs/include/node_app_msgs/node_app_msgs/msg/lrs_cmd_action_feedback.hpp\n'}
[2.414933] (node_app_msgs) StdoutLine: {'line': b'-- Up-to-date: /data/rl_deploy/install/node_app_msgs/include/node_app_msgs/node_app_msgs\n'}
[2.415032] (node_app_msgs) StdoutLine: {'line': b'-- Up-to-date: /data/rl_deploy/install/node_app_msgs/include/node_app_msgs/node_app_msgs/msg\n'}
[2.415129] (node_app_msgs) StdoutLine: {'line': b'-- Up-to-date: /data/rl_deploy/install/node_app_msgs/include/node_app_msgs/node_app_msgs/msg/rosidl_typesupport_fastrtps_cpp__visibility_control.h\n'}
[2.415367] (node_app_msgs) StdoutLine: {'line': b'-- Up-to-date: /data/rl_deploy/install/node_app_msgs/include/node_app_msgs/node_app_msgs/msg/detail\n'}
[2.415532] (node_app_msgs) StdoutLine: {'line': b'-- Up-to-date: /data/rl_deploy/install/node_app_msgs/include/node_app_msgs/node_app_msgs/msg/detail/iot_cmd_msg__rosidl_typesupport_fastrtps_cpp.hpp\n'}
[2.415677] (node_app_msgs) StdoutLine: {'line': b'-- Up-to-date: /data/rl_deploy/install/node_app_msgs/include/node_app_msgs/node_app_msgs/msg/detail/lrs_cmd_action__rosidl_typesupport_fastrtps_cpp.hpp\n'}
[2.415789] (node_app_msgs) StdoutLine: {'line': b'-- Up-to-date: /data/rl_deploy/install/node_app_msgs/include/node_app_msgs/node_app_msgs/msg/detail/lrs_cmd_action_feedback__rosidl_typesupport_fastrtps_cpp.hpp\n'}
[2.415896] (node_app_msgs) StdoutLine: {'line': b'-- Up-to-date: /data/rl_deploy/install/node_app_msgs/include/node_app_msgs/node_app_msgs/msg/detail/dds_fastrtps\n'}
[2.415997] (node_app_msgs) StdoutLine: {'line': b'-- Up-to-date: /data/rl_deploy/install/node_app_msgs/include/node_app_msgs/node_app_msgs/msg/detail/lrs_state__rosidl_typesupport_fastrtps_cpp.hpp\n'}
[2.416097] (node_app_msgs) StdoutLine: {'line': b'-- Up-to-date: /data/rl_deploy/install/node_app_msgs/include/node_app_msgs/node_app_msgs/msg/detail/lrs_cmd_state_feedback__rosidl_typesupport_fastrtps_cpp.hpp\n'}
[2.416308] (node_app_msgs) StdoutLine: {'line': b'-- Up-to-date: /data/rl_deploy/install/node_app_msgs/include/node_app_msgs/node_app_msgs/msg/detail/lrs_cmd_state__rosidl_typesupport_fastrtps_cpp.hpp\n'}
[2.416438] (node_app_msgs) StdoutLine: {'line': b'-- Up-to-date: /data/rl_deploy/install/node_app_msgs/lib/libnode_app_msgs__rosidl_typesupport_fastrtps_cpp.so\n'}
[2.416547] (node_app_msgs) StdoutLine: {'line': b'-- Up-to-date: /data/rl_deploy/install/node_app_msgs/include/node_app_msgs/node_app_msgs\n'}
[2.416649] (node_app_msgs) StdoutLine: {'line': b'-- Up-to-date: /data/rl_deploy/install/node_app_msgs/include/node_app_msgs/node_app_msgs/msg\n'}
[2.416749] (node_app_msgs) StdoutLine: {'line': b'-- Up-to-date: /data/rl_deploy/install/node_app_msgs/include/node_app_msgs/node_app_msgs/msg/detail\n'}
[2.416847] (node_app_msgs) StdoutLine: {'line': b'-- Up-to-date: /data/rl_deploy/install/node_app_msgs/include/node_app_msgs/node_app_msgs/msg/detail/lrs_cmd_state__type_support.cpp\n'}
[2.416945] (node_app_msgs) StdoutLine: {'line': b'-- Up-to-date: /data/rl_deploy/install/node_app_msgs/include/node_app_msgs/node_app_msgs/msg/detail/lrs_cmd_state__rosidl_typesupport_introspection_cpp.hpp\n'}
[2.417042] (node_app_msgs) StdoutLine: {'line': b'-- Up-to-date: /data/rl_deploy/install/node_app_msgs/include/node_app_msgs/node_app_msgs/msg/detail/iot_cmd_msg__type_support.cpp\n'}
[2.417147] (node_app_msgs) StdoutLine: {'line': b'-- Up-to-date: /data/rl_deploy/install/node_app_msgs/include/node_app_msgs/node_app_msgs/msg/detail/iot_cmd_msg__rosidl_typesupport_introspection_cpp.hpp\n'}
[2.417353] (node_app_msgs) StdoutLine: {'line': b'-- Up-to-date: /data/rl_deploy/install/node_app_msgs/include/node_app_msgs/node_app_msgs/msg/detail/lrs_cmd_action__type_support.cpp\n'}
[2.417505] (node_app_msgs) StdoutLine: {'line': b'-- Up-to-date: /data/rl_deploy/install/node_app_msgs/include/node_app_msgs/node_app_msgs/msg/detail/lrs_cmd_action__rosidl_typesupport_introspection_cpp.hpp\n'}
[2.417615] (node_app_msgs) StdoutLine: {'line': b'-- Up-to-date: /data/rl_deploy/install/node_app_msgs/include/node_app_msgs/node_app_msgs/msg/detail/lrs_cmd_action_feedback__type_support.cpp\n'}
[2.417798] (node_app_msgs) StdoutLine: {'line': b'-- Up-to-date: /data/rl_deploy/install/node_app_msgs/include/node_app_msgs/node_app_msgs/msg/detail/lrs_cmd_action_feedback__rosidl_typesupport_introspection_cpp.hpp\n'}
[2.417911] (node_app_msgs) StdoutLine: {'line': b'-- Up-to-date: /data/rl_deploy/install/node_app_msgs/include/node_app_msgs/node_app_msgs/msg/detail/lrs_state__type_support.cpp\n'}
[2.418014] (node_app_msgs) StdoutLine: {'line': b'-- Up-to-date: /data/rl_deploy/install/node_app_msgs/include/node_app_msgs/node_app_msgs/msg/detail/lrs_state__rosidl_typesupport_introspection_cpp.hpp\n'}
[2.418132] (node_app_msgs) StdoutLine: {'line': b'-- Up-to-date: /data/rl_deploy/install/node_app_msgs/include/node_app_msgs/node_app_msgs/msg/detail/lrs_cmd_state_feedback__rosidl_typesupport_introspection_cpp.hpp\n'}
[2.418367] (node_app_msgs) StdoutLine: {'line': b'-- Up-to-date: /data/rl_deploy/install/node_app_msgs/include/node_app_msgs/node_app_msgs/msg/detail/lrs_cmd_state_feedback__type_support.cpp\n'}
[2.418489] (node_app_msgs) StdoutLine: {'line': b'-- Up-to-date: /data/rl_deploy/install/node_app_msgs/lib/libnode_app_msgs__rosidl_typesupport_introspection_cpp.so\n'}
[2.418597] (node_app_msgs) StdoutLine: {'line': b'-- Up-to-date: /data/rl_deploy/install/node_app_msgs/lib/libnode_app_msgs__rosidl_typesupport_cpp.so\n'}
[2.418700] (node_app_msgs) StdoutLine: {'line': b'-- Up-to-date: /data/rl_deploy/install/node_app_msgs/share/node_app_msgs/environment/pythonpath.sh\n'}
[2.418800] (node_app_msgs) StdoutLine: {'line': b'-- Up-to-date: /data/rl_deploy/install/node_app_msgs/share/node_app_msgs/environment/pythonpath.dsv\n'}
[2.418901] (node_app_msgs) StdoutLine: {'line': b'-- Up-to-date: /data/rl_deploy/install/node_app_msgs/local/lib/python3.10/dist-packages/node_app_msgs-0.0.0-py3.10.egg-info\n'}
[2.419000] (node_app_msgs) StdoutLine: {'line': b'-- Installing: /data/rl_deploy/install/node_app_msgs/local/lib/python3.10/dist-packages/node_app_msgs-0.0.0-py3.10.egg-info/top_level.txt\n'}
[2.419098] (node_app_msgs) StdoutLine: {'line': b'-- Installing: /data/rl_deploy/install/node_app_msgs/local/lib/python3.10/dist-packages/node_app_msgs-0.0.0-py3.10.egg-info/PKG-INFO\n'}
[2.419305] (node_app_msgs) StdoutLine: {'line': b'-- Installing: /data/rl_deploy/install/node_app_msgs/local/lib/python3.10/dist-packages/node_app_msgs-0.0.0-py3.10.egg-info/SOURCES.txt\n'}
[2.419455] (node_app_msgs) StdoutLine: {'line': b'-- Installing: /data/rl_deploy/install/node_app_msgs/local/lib/python3.10/dist-packages/node_app_msgs-0.0.0-py3.10.egg-info/dependency_links.txt\n'}
[2.419567] (node_app_msgs) StdoutLine: {'line': b'-- Up-to-date: /data/rl_deploy/install/node_app_msgs/local/lib/python3.10/dist-packages/node_app_msgs\n'}
[2.419669] (node_app_msgs) StdoutLine: {'line': b'-- Up-to-date: /data/rl_deploy/install/node_app_msgs/local/lib/python3.10/dist-packages/node_app_msgs/libnode_app_msgs__rosidl_generator_py.so\n'}
[2.419818] (node_app_msgs) StdoutLine: {'line': b'-- Up-to-date: /data/rl_deploy/install/node_app_msgs/local/lib/python3.10/dist-packages/node_app_msgs/node_app_msgs_s__rosidl_typesupport_introspection_c.cpython-310-aarch64-linux-gnu.so\n'}
[2.419963] (node_app_msgs) StdoutLine: {'line': b'-- Up-to-date: /data/rl_deploy/install/node_app_msgs/local/lib/python3.10/dist-packages/node_app_msgs/_node_app_msgs_s.ep.rosidl_typesupport_introspection_c.c\n'}
[2.420076] (node_app_msgs) StdoutLine: {'line': b'-- Up-to-date: /data/rl_deploy/install/node_app_msgs/local/lib/python3.10/dist-packages/node_app_msgs/_node_app_msgs_s.ep.rosidl_typesupport_c.c\n'}
[2.420260] (node_app_msgs) StdoutLine: {'line': b'-- Up-to-date: /data/rl_deploy/install/node_app_msgs/local/lib/python3.10/dist-packages/node_app_msgs/node_app_msgs_s__rosidl_typesupport_c.cpython-310-aarch64-linux-gnu.so\n'}
[2.420415] (node_app_msgs) StdoutLine: {'line': b'-- Up-to-date: /data/rl_deploy/install/node_app_msgs/local/lib/python3.10/dist-packages/node_app_msgs/__init__.py\n'}
[2.420527] (node_app_msgs) StdoutLine: {'line': b'-- Up-to-date: /data/rl_deploy/install/node_app_msgs/local/lib/python3.10/dist-packages/node_app_msgs/_node_app_msgs_s.ep.rosidl_typesupport_fastrtps_c.c\n'}
[2.420631] (node_app_msgs) StdoutLine: {'line': b'-- Up-to-date: /data/rl_deploy/install/node_app_msgs/local/lib/python3.10/dist-packages/node_app_msgs/msg\n'}
[2.420733] (node_app_msgs) StdoutLine: {'line': b'-- Up-to-date: /data/rl_deploy/install/node_app_msgs/local/lib/python3.10/dist-packages/node_app_msgs/msg/_lrs_state_s.c\n'}
[2.420834] (node_app_msgs) StdoutLine: {'line': b'-- Up-to-date: /data/rl_deploy/install/node_app_msgs/local/lib/python3.10/dist-packages/node_app_msgs/msg/_lrs_cmd_action_feedback.py\n'}
[2.420953] (node_app_msgs) StdoutLine: {'line': b'-- Up-to-date: /data/rl_deploy/install/node_app_msgs/local/lib/python3.10/dist-packages/node_app_msgs/msg/_lrs_cmd_state.py\n'}
[2.421052] (node_app_msgs) StdoutLine: {'line': b'-- Up-to-date: /data/rl_deploy/install/node_app_msgs/local/lib/python3.10/dist-packages/node_app_msgs/msg/_iot_cmd_msg.py\n'}
[2.421150] (node_app_msgs) StdoutLine: {'line': b'-- Up-to-date: /data/rl_deploy/install/node_app_msgs/local/lib/python3.10/dist-packages/node_app_msgs/msg/_lrs_cmd_action_feedback_s.c\n'}
[2.421454] (node_app_msgs) StdoutLine: {'line': b'-- Up-to-date: /data/rl_deploy/install/node_app_msgs/local/lib/python3.10/dist-packages/node_app_msgs/msg/_lrs_cmd_action_s.c\n'}
[2.421579] (node_app_msgs) StdoutLine: {'line': b'-- Up-to-date: /data/rl_deploy/install/node_app_msgs/local/lib/python3.10/dist-packages/node_app_msgs/msg/_lrs_state.py\n'}
[2.421687] (node_app_msgs) StdoutLine: {'line': b'-- Up-to-date: /data/rl_deploy/install/node_app_msgs/local/lib/python3.10/dist-packages/node_app_msgs/msg/_iot_cmd_msg_s.c\n'}
[2.421790] (node_app_msgs) StdoutLine: {'line': b'-- Up-to-date: /data/rl_deploy/install/node_app_msgs/local/lib/python3.10/dist-packages/node_app_msgs/msg/__init__.py\n'}
[2.421892] (node_app_msgs) StdoutLine: {'line': b'-- Up-to-date: /data/rl_deploy/install/node_app_msgs/local/lib/python3.10/dist-packages/node_app_msgs/msg/_lrs_cmd_state_feedback_s.c\n'}
[2.422008] (node_app_msgs) StdoutLine: {'line': b'-- Up-to-date: /data/rl_deploy/install/node_app_msgs/local/lib/python3.10/dist-packages/node_app_msgs/msg/_lrs_cmd_action.py\n'}
[2.422109] (node_app_msgs) StdoutLine: {'line': b'-- Up-to-date: /data/rl_deploy/install/node_app_msgs/local/lib/python3.10/dist-packages/node_app_msgs/msg/_lrs_cmd_state_feedback.py\n'}
[2.422315] (node_app_msgs) StdoutLine: {'line': b'-- Up-to-date: /data/rl_deploy/install/node_app_msgs/local/lib/python3.10/dist-packages/node_app_msgs/msg/_lrs_cmd_state_s.c\n'}
[2.422452] (node_app_msgs) StdoutLine: {'line': b'-- Up-to-date: /data/rl_deploy/install/node_app_msgs/local/lib/python3.10/dist-packages/node_app_msgs/node_app_msgs_s__rosidl_typesupport_fastrtps_c.cpython-310-aarch64-linux-gnu.so\n'}
[2.434646] (robot_msgs) StdoutLine: {'line': b'-- Install configuration: ""\n'}
[2.435456] (robot_msgs) StdoutLine: {'line': b'-- Up-to-date: /data/rl_deploy/install/robot_msgs/share/ament_index/resource_index/rosidl_interfaces/robot_msgs\n'}
[2.436300] (robot_msgs) StdoutLine: {'line': b'-- Up-to-date: /data/rl_deploy/install/robot_msgs/include/robot_msgs/robot_msgs\n'}
[2.436487] (robot_msgs) StdoutLine: {'line': b'-- Up-to-date: /data/rl_deploy/install/robot_msgs/include/robot_msgs/robot_msgs/msg\n'}
[2.436616] (robot_msgs) StdoutLine: {'line': b'-- Up-to-date: /data/rl_deploy/install/robot_msgs/include/robot_msgs/robot_msgs/msg/robot_state.h\n'}
[2.436734] (robot_msgs) StdoutLine: {'line': b'-- Up-to-date: /data/rl_deploy/install/robot_msgs/include/robot_msgs/robot_msgs/msg/detail\n'}
[2.437474] (robot_msgs) StdoutLine: {'line': b'-- Up-to-date: /data/rl_deploy/install/robot_msgs/include/robot_msgs/robot_msgs/msg/detail/robot_state__functions.c\n'}
[2.438096] (robot_msgs) StdoutLine: {'line': b'-- Up-to-date: /data/rl_deploy/install/robot_msgs/include/robot_msgs/robot_msgs/msg/detail/robot_state__struct.h\n'}
[2.438377] (robot_msgs) StdoutLine: {'line': b'-- Up-to-date: /data/rl_deploy/install/robot_msgs/include/robot_msgs/robot_msgs/msg/detail/robot_state__type_support.h\n'}
[2.438545] (robot_msgs) StdoutLine: {'line': b'-- Up-to-date: /data/rl_deploy/install/robot_msgs/include/robot_msgs/robot_msgs/msg/detail/robot_state__functions.h\n'}
[2.439230] (robot_msgs) StdoutLine: {'line': b'-- Up-to-date: /data/rl_deploy/install/robot_msgs/include/robot_msgs/robot_msgs/msg/rosidl_generator_c__visibility_control.h\n'}
[2.439503] (robot_msgs) StdoutLine: {'line': b'-- Up-to-date: /data/rl_deploy/install/robot_msgs/share/robot_msgs/environment/library_path.sh\n'}
[2.439676] (robot_msgs) StdoutLine: {'line': b'-- Up-to-date: /data/rl_deploy/install/robot_msgs/share/robot_msgs/environment/library_path.dsv\n'}
[2.439792] (robot_msgs) StdoutLine: {'line': b'-- Up-to-date: /data/rl_deploy/install/robot_msgs/lib/librobot_msgs__rosidl_generator_c.so\n'}
[2.440405] (robot_msgs) StdoutLine: {'line': b'-- Up-to-date: /data/rl_deploy/install/robot_msgs/include/robot_msgs/robot_msgs\n'}
[2.440532] (robot_msgs) StdoutLine: {'line': b'-- Up-to-date: /data/rl_deploy/install/robot_msgs/include/robot_msgs/robot_msgs/msg\n'}
[2.440643] (robot_msgs) StdoutLine: {'line': b'-- Up-to-date: /data/rl_deploy/install/robot_msgs/include/robot_msgs/robot_msgs/msg/detail\n'}
[2.440751] (robot_msgs) StdoutLine: {'line': b'-- Up-to-date: /data/rl_deploy/install/robot_msgs/include/robot_msgs/robot_msgs/msg/detail/robot_state__rosidl_typesupport_fastrtps_c.h\n'}
[2.441370] (robot_msgs) StdoutLine: {'line': b'-- Up-to-date: /data/rl_deploy/install/robot_msgs/include/robot_msgs/robot_msgs/msg/rosidl_typesupport_fastrtps_c__visibility_control.h\n'}
[2.441568] (robot_msgs) StdoutLine: {'line': b'-- Up-to-date: /data/rl_deploy/install/robot_msgs/lib/librobot_msgs__rosidl_typesupport_fastrtps_c.so\n'}
[2.442096] (robot_msgs) StdoutLine: {'line': b'-- Up-to-date: /data/rl_deploy/install/robot_msgs/include/robot_msgs/robot_msgs\n'}
[2.442377] (robot_msgs) StdoutLine: {'line': b'-- Up-to-date: /data/rl_deploy/install/robot_msgs/include/robot_msgs/robot_msgs/msg\n'}
[2.442503] (robot_msgs) StdoutLine: {'line': b'-- Up-to-date: /data/rl_deploy/install/robot_msgs/include/robot_msgs/robot_msgs/msg/robot_state.hpp\n'}
[2.443060] (robot_msgs) StdoutLine: {'line': b'-- Up-to-date: /data/rl_deploy/install/robot_msgs/include/robot_msgs/robot_msgs/msg/detail\n'}
[2.443359] (robot_msgs) StdoutLine: {'line': b'-- Up-to-date: /data/rl_deploy/install/robot_msgs/include/robot_msgs/robot_msgs/msg/detail/robot_state__builder.hpp\n'}
[2.443497] (robot_msgs) StdoutLine: {'line': b'-- Up-to-date: /data/rl_deploy/install/robot_msgs/include/robot_msgs/robot_msgs/msg/detail/robot_state__struct.hpp\n'}
[2.444311] (robot_msgs) StdoutLine: {'line': b'-- Up-to-date: /data/rl_deploy/install/robot_msgs/include/robot_msgs/robot_msgs/msg/detail/robot_state__traits.hpp\n'}
[2.444472] (robot_msgs) StdoutLine: {'line': b'-- Up-to-date: /data/rl_deploy/install/robot_msgs/include/robot_msgs/robot_msgs/msg/detail/robot_state__type_support.hpp\n'}
[2.444592] (robot_msgs) StdoutLine: {'line': b'-- Up-to-date: /data/rl_deploy/install/robot_msgs/include/robot_msgs/robot_msgs/msg/rosidl_generator_cpp__visibility_control.hpp\n'}
[2.444745] (robot_msgs) StdoutLine: {'line': b'-- Up-to-date: /data/rl_deploy/install/robot_msgs/include/robot_msgs/robot_msgs\n'}
[2.444853] (robot_msgs) StdoutLine: {'line': b'-- Up-to-date: /data/rl_deploy/install/robot_msgs/include/robot_msgs/robot_msgs/msg\n'}
[2.444956] (robot_msgs) StdoutLine: {'line': b'-- Up-to-date: /data/rl_deploy/install/robot_msgs/include/robot_msgs/robot_msgs/msg/rosidl_typesupport_fastrtps_cpp__visibility_control.h\n'}
[2.445058] (robot_msgs) StdoutLine: {'line': b'-- Up-to-date: /data/rl_deploy/install/robot_msgs/include/robot_msgs/robot_msgs/msg/detail\n'}
[2.445160] (robot_msgs) StdoutLine: {'line': b'-- Up-to-date: /data/rl_deploy/install/robot_msgs/include/robot_msgs/robot_msgs/msg/detail/dds_fastrtps\n'}
[2.446478] (robot_msgs) StdoutLine: {'line': b'-- Up-to-date: /data/rl_deploy/install/robot_msgs/include/robot_msgs/robot_msgs/msg/detail/robot_state__rosidl_typesupport_fastrtps_cpp.hpp\n'}
[2.446616] (robot_msgs) StdoutLine: {'line': b'-- Up-to-date: /data/rl_deploy/install/robot_msgs/lib/librobot_msgs__rosidl_typesupport_fastrtps_cpp.so\n'}
[2.446727] (robot_msgs) StdoutLine: {'line': b'-- Up-to-date: /data/rl_deploy/install/robot_msgs/include/robot_msgs/robot_msgs\n'}
[2.446839] (robot_msgs) StdoutLine: {'line': b'-- Up-to-date: /data/rl_deploy/install/robot_msgs/include/robot_msgs/robot_msgs/msg\n'}
[2.446945] (robot_msgs) StdoutLine: {'line': b'-- Up-to-date: /data/rl_deploy/install/robot_msgs/include/robot_msgs/robot_msgs/msg/detail\n'}
[2.447069] (robot_msgs) StdoutLine: {'line': b'-- Up-to-date: /data/rl_deploy/install/robot_msgs/include/robot_msgs/robot_msgs/msg/detail/robot_state__type_support.c\n'}
[2.448287] (robot_msgs) StdoutLine: {'line': b'-- Up-to-date: /data/rl_deploy/install/robot_msgs/include/robot_msgs/robot_msgs/msg/detail/robot_state__rosidl_typesupport_introspection_c.h\n'}
[2.448532] (robot_msgs) StdoutLine: {'line': b'-- Up-to-date: /data/rl_deploy/install/robot_msgs/include/robot_msgs/robot_msgs/msg/rosidl_typesupport_introspection_c__visibility_control.h\n'}
[2.448664] (robot_msgs) StdoutLine: {'line': b'-- Up-to-date: /data/rl_deploy/install/robot_msgs/lib/librobot_msgs__rosidl_typesupport_introspection_c.so\n'}
[2.448778] (robot_msgs) StdoutLine: {'line': b'-- Up-to-date: /data/rl_deploy/install/robot_msgs/lib/librobot_msgs__rosidl_typesupport_c.so\n'}
[2.448910] (robot_msgs) StdoutLine: {'line': b'-- Up-to-date: /data/rl_deploy/install/robot_msgs/include/robot_msgs/robot_msgs\n'}
[2.449015] (robot_msgs) StdoutLine: {'line': b'-- Up-to-date: /data/rl_deploy/install/robot_msgs/include/robot_msgs/robot_msgs/msg\n'}
[2.449116] (robot_msgs) StdoutLine: {'line': b'-- Up-to-date: /data/rl_deploy/install/robot_msgs/include/robot_msgs/robot_msgs/msg/detail\n'}
[2.450388] (robot_msgs) StdoutLine: {'line': b'-- Up-to-date: /data/rl_deploy/install/robot_msgs/include/robot_msgs/robot_msgs/msg/detail/robot_state__type_support.cpp\n'}
[2.450552] (robot_msgs) StdoutLine: {'line': b'-- Up-to-date: /data/rl_deploy/install/robot_msgs/include/robot_msgs/robot_msgs/msg/detail/robot_state__rosidl_typesupport_introspection_cpp.hpp\n'}
[2.450671] (robot_msgs) StdoutLine: {'line': b'-- Up-to-date: /data/rl_deploy/install/robot_msgs/lib/librobot_msgs__rosidl_typesupport_introspection_cpp.so\n'}
[2.450777] (robot_msgs) StdoutLine: {'line': b'-- Up-to-date: /data/rl_deploy/install/robot_msgs/lib/librobot_msgs__rosidl_typesupport_cpp.so\n'}
[2.450882] (robot_msgs) StdoutLine: {'line': b'-- Up-to-date: /data/rl_deploy/install/robot_msgs/share/robot_msgs/environment/pythonpath.sh\n'}
[2.450986] (robot_msgs) StdoutLine: {'line': b'-- Up-to-date: /data/rl_deploy/install/robot_msgs/share/robot_msgs/environment/pythonpath.dsv\n'}
[2.451086] (robot_msgs) StdoutLine: {'line': b'-- Up-to-date: /data/rl_deploy/install/robot_msgs/local/lib/python3.10/dist-packages/robot_msgs-0.0.0-py3.10.egg-info\n'}
[2.452296] (robot_msgs) StdoutLine: {'line': b'-- Installing: /data/rl_deploy/install/robot_msgs/local/lib/python3.10/dist-packages/robot_msgs-0.0.0-py3.10.egg-info/top_level.txt\n'}
[2.452515] (robot_msgs) StdoutLine: {'line': b'-- Installing: /data/rl_deploy/install/robot_msgs/local/lib/python3.10/dist-packages/robot_msgs-0.0.0-py3.10.egg-info/PKG-INFO\n'}
[2.452649] (robot_msgs) StdoutLine: {'line': b'-- Installing: /data/rl_deploy/install/robot_msgs/local/lib/python3.10/dist-packages/robot_msgs-0.0.0-py3.10.egg-info/SOURCES.txt\n'}
[2.452761] (robot_msgs) StdoutLine: {'line': b'-- Installing: /data/rl_deploy/install/robot_msgs/local/lib/python3.10/dist-packages/robot_msgs-0.0.0-py3.10.egg-info/dependency_links.txt\n'}
[2.452866] (robot_msgs) StdoutLine: {'line': b'-- Up-to-date: /data/rl_deploy/install/robot_msgs/local/lib/python3.10/dist-packages/robot_msgs\n'}
[2.452973] (robot_msgs) StdoutLine: {'line': b'-- Up-to-date: /data/rl_deploy/install/robot_msgs/local/lib/python3.10/dist-packages/robot_msgs/_robot_msgs_s.ep.rosidl_typesupport_introspection_c.c\n'}
[2.453076] (robot_msgs) StdoutLine: {'line': b'-- Up-to-date: /data/rl_deploy/install/robot_msgs/local/lib/python3.10/dist-packages/robot_msgs/_robot_msgs_s.ep.rosidl_typesupport_c.c\n'}
[2.454271] (robot_msgs) StdoutLine: {'line': b'-- Up-to-date: /data/rl_deploy/install/robot_msgs/local/lib/python3.10/dist-packages/robot_msgs/robot_msgs_s__rosidl_typesupport_introspection_c.cpython-310-aarch64-linux-gnu.so\n'}
[2.454497] (robot_msgs) StdoutLine: {'line': b'-- Up-to-date: /data/rl_deploy/install/robot_msgs/local/lib/python3.10/dist-packages/robot_msgs/robot_msgs_s__rosidl_typesupport_fastrtps_c.cpython-310-aarch64-linux-gnu.so\n'}
[2.454666] (robot_msgs) StdoutLine: {'line': b'-- Up-to-date: /data/rl_deploy/install/robot_msgs/local/lib/python3.10/dist-packages/robot_msgs/__init__.py\n'}
[2.454780] (robot_msgs) StdoutLine: {'line': b'-- Up-to-date: /data/rl_deploy/install/robot_msgs/local/lib/python3.10/dist-packages/robot_msgs/_robot_msgs_s.ep.rosidl_typesupport_fastrtps_c.c\n'}
[2.454929] (robot_msgs) StdoutLine: {'line': b'-- Up-to-date: /data/rl_deploy/install/robot_msgs/local/lib/python3.10/dist-packages/robot_msgs/librobot_msgs__rosidl_generator_py.so\n'}
[2.455035] (robot_msgs) StdoutLine: {'line': b'-- Up-to-date: /data/rl_deploy/install/robot_msgs/local/lib/python3.10/dist-packages/robot_msgs/robot_msgs_s__rosidl_typesupport_c.cpython-310-aarch64-linux-gnu.so\n'}
[2.455141] (robot_msgs) StdoutLine: {'line': b'-- Up-to-date: /data/rl_deploy/install/robot_msgs/local/lib/python3.10/dist-packages/robot_msgs/msg\n'}
[2.456498] (robot_msgs) StdoutLine: {'line': b'-- Up-to-date: /data/rl_deploy/install/robot_msgs/local/lib/python3.10/dist-packages/robot_msgs/msg/_robot_state_s.c\n'}
[2.456661] (robot_msgs) StdoutLine: {'line': b'-- Up-to-date: /data/rl_deploy/install/robot_msgs/local/lib/python3.10/dist-packages/robot_msgs/msg/_robot_state.py\n'}
[2.456778] (robot_msgs) StdoutLine: {'line': b'-- Up-to-date: /data/rl_deploy/install/robot_msgs/local/lib/python3.10/dist-packages/robot_msgs/msg/__init__.py\n'}
[2.484322] (node_app_msgs) StdoutLine: {'line': b"Listing '/data/rl_deploy/install/node_app_msgs/local/lib/python3.10/dist-packages/node_app_msgs'...\n"}
[2.484907] (node_app_msgs) StdoutLine: {'line': b"Listing '/data/rl_deploy/install/node_app_msgs/local/lib/python3.10/dist-packages/node_app_msgs/msg'...\n"}
[2.498743] (node_app_msgs) StdoutLine: {'line': b'-- Up-to-date: /data/rl_deploy/install/node_app_msgs/local/lib/python3.10/dist-packages/node_app_msgs/node_app_msgs_s__rosidl_typesupport_fastrtps_c.cpython-310-aarch64-linux-gnu.so\n'}
[2.499250] (node_app_msgs) StdoutLine: {'line': b'-- Up-to-date: /data/rl_deploy/install/node_app_msgs/local/lib/python3.10/dist-packages/node_app_msgs/node_app_msgs_s__rosidl_typesupport_introspection_c.cpython-310-aarch64-linux-gnu.so\n'}
[2.499753] (node_app_msgs) StdoutLine: {'line': b'-- Up-to-date: /data/rl_deploy/install/node_app_msgs/local/lib/python3.10/dist-packages/node_app_msgs/node_app_msgs_s__rosidl_typesupport_c.cpython-310-aarch64-linux-gnu.so\n'}
[2.500029] (node_app_msgs) StdoutLine: {'line': b'-- Up-to-date: /data/rl_deploy/install/node_app_msgs/lib/libnode_app_msgs__rosidl_generator_py.so\n'}
[2.500257] (node_app_msgs) StdoutLine: {'line': b'-- Up-to-date: /data/rl_deploy/install/node_app_msgs/share/ament_index/resource_index/rust_packages/node_app_msgs\n'}
[2.500478] (node_app_msgs) StdoutLine: {'line': b'-- Up-to-date: /data/rl_deploy/install/node_app_msgs/share/node_app_msgs/rust\n'}
[2.500654] (node_app_msgs) StdoutLine: {'line': b'-- Up-to-date: /data/rl_deploy/install/node_app_msgs/share/node_app_msgs/rust/Cargo.toml\n'}
[2.500863] (node_app_msgs) StdoutLine: {'line': b'-- Up-to-date: /data/rl_deploy/install/node_app_msgs/share/node_app_msgs/rust/src\n'}
[2.501681] (node_app_msgs) StdoutLine: {'line': b'-- Up-to-date: /data/rl_deploy/install/node_app_msgs/share/node_app_msgs/rust/src/lib.rs\n'}
[2.501981] (node_app_msgs) StdoutLine: {'line': b'-- Up-to-date: /data/rl_deploy/install/node_app_msgs/share/node_app_msgs/rust/src/msg.rs\n'}
[2.502122] (node_app_msgs) StdoutLine: {'line': b'-- Up-to-date: /data/rl_deploy/install/node_app_msgs/share/node_app_msgs/rust/src/msg\n'}
[2.502239] (node_app_msgs) StdoutLine: {'line': b'-- Up-to-date: /data/rl_deploy/install/node_app_msgs/share/node_app_msgs/rust/src/msg/rmw.rs\n'}
[2.502348] (node_app_msgs) StdoutLine: {'line': b'-- Up-to-date: /data/rl_deploy/install/node_app_msgs/share/node_app_msgs/rust/build.rs\n'}
[2.502452] (node_app_msgs) StdoutLine: {'line': b'-- Up-to-date: /data/rl_deploy/install/node_app_msgs/share/node_app_msgs/msg/IotCmdMsg.idl\n'}
[2.502553] (node_app_msgs) StdoutLine: {'line': b'-- Up-to-date: /data/rl_deploy/install/node_app_msgs/share/node_app_msgs/msg/LrsCmdAction.idl\n'}
[2.502696] (node_app_msgs) StdoutLine: {'line': b'-- Up-to-date: /data/rl_deploy/install/node_app_msgs/share/node_app_msgs/msg/LrsCmdActionFeedback.idl\n'}
[2.502802] (node_app_msgs) StdoutLine: {'line': b'-- Up-to-date: /data/rl_deploy/install/node_app_msgs/share/node_app_msgs/msg/LrsCmdState.idl\n'}
[2.502901] (node_app_msgs) StdoutLine: {'line': b'-- Up-to-date: /data/rl_deploy/install/node_app_msgs/share/node_app_msgs/msg/LrsCmdStateFeedback.idl\n'}
[2.502999] (node_app_msgs) StdoutLine: {'line': b'-- Up-to-date: /data/rl_deploy/install/node_app_msgs/share/node_app_msgs/msg/LrsState.idl\n'}
[2.503095] (node_app_msgs) StdoutLine: {'line': b'-- Up-to-date: /data/rl_deploy/install/node_app_msgs/share/node_app_msgs/msg/IotCmdMsg.msg\n'}
[2.503536] (node_app_msgs) StdoutLine: {'line': b'-- Up-to-date: /data/rl_deploy/install/node_app_msgs/share/node_app_msgs/msg/LrsCmdAction.msg\n'}
[2.503786] (node_app_msgs) StdoutLine: {'line': b'-- Up-to-date: /data/rl_deploy/install/node_app_msgs/share/node_app_msgs/msg/LrsCmdActionFeedback.msg\n'}
[2.503984] (node_app_msgs) StdoutLine: {'line': b'-- Up-to-date: /data/rl_deploy/install/node_app_msgs/share/node_app_msgs/msg/LrsCmdState.msg\n'}
[2.504133] (node_app_msgs) StdoutLine: {'line': b'-- Up-to-date: /data/rl_deploy/install/node_app_msgs/share/node_app_msgs/msg/LrsCmdStateFeedback.msg\n'}
[2.504311] (node_app_msgs) StdoutLine: {'line': b'-- Up-to-date: /data/rl_deploy/install/node_app_msgs/share/node_app_msgs/msg/LrsState.msg\n'}
[2.504538] (node_app_msgs) StdoutLine: {'line': b'-- Up-to-date: /data/rl_deploy/install/node_app_msgs/share/ament_index/resource_index/package_run_dependencies/node_app_msgs\n'}
[2.504702] (node_app_msgs) StdoutLine: {'line': b'-- Up-to-date: /data/rl_deploy/install/node_app_msgs/share/ament_index/resource_index/parent_prefix_path/node_app_msgs\n'}
[2.504818] (node_app_msgs) StdoutLine: {'line': b'-- Up-to-date: /data/rl_deploy/install/node_app_msgs/share/node_app_msgs/environment/ament_prefix_path.sh\n'}
[2.504925] (node_app_msgs) StdoutLine: {'line': b'-- Up-to-date: /data/rl_deploy/install/node_app_msgs/share/node_app_msgs/environment/ament_prefix_path.dsv\n'}
[2.505041] (node_app_msgs) StdoutLine: {'line': b'-- Up-to-date: /data/rl_deploy/install/node_app_msgs/share/node_app_msgs/environment/path.sh\n'}
[2.505155] (-) TimerEvent: {}
[2.505340] (node_app_msgs) StdoutLine: {'line': b'-- Up-to-date: /data/rl_deploy/install/node_app_msgs/share/node_app_msgs/environment/path.dsv\n'}
[2.505471] (node_app_msgs) StdoutLine: {'line': b'-- Up-to-date: /data/rl_deploy/install/node_app_msgs/share/node_app_msgs/local_setup.bash\n'}
[2.505581] (node_app_msgs) StdoutLine: {'line': b'-- Up-to-date: /data/rl_deploy/install/node_app_msgs/share/node_app_msgs/local_setup.sh\n'}
[2.505683] (node_app_msgs) StdoutLine: {'line': b'-- Up-to-date: /data/rl_deploy/install/node_app_msgs/share/node_app_msgs/local_setup.zsh\n'}
[2.506050] (node_app_msgs) StdoutLine: {'line': b'-- Up-to-date: /data/rl_deploy/install/node_app_msgs/share/node_app_msgs/local_setup.dsv\n'}
[2.506284] (node_app_msgs) StdoutLine: {'line': b'-- Installing: /data/rl_deploy/install/node_app_msgs/share/node_app_msgs/package.dsv\n'}
[2.506546] (node_app_msgs) StdoutLine: {'line': b'-- Up-to-date: /data/rl_deploy/install/node_app_msgs/share/ament_index/resource_index/packages/node_app_msgs\n'}
[2.506768] (node_app_msgs) StdoutLine: {'line': b'-- Up-to-date: /data/rl_deploy/install/node_app_msgs/share/node_app_msgs/cmake/export_node_app_msgs__rosidl_generator_cExport.cmake\n'}
[2.506921] (node_app_msgs) StdoutLine: {'line': b'-- Up-to-date: /data/rl_deploy/install/node_app_msgs/share/node_app_msgs/cmake/export_node_app_msgs__rosidl_generator_cExport-noconfig.cmake\n'}
[2.507054] (node_app_msgs) StdoutLine: {'line': b'-- Up-to-date: /data/rl_deploy/install/node_app_msgs/share/node_app_msgs/cmake/export_node_app_msgs__rosidl_typesupport_fastrtps_cExport.cmake\n'}
[2.507183] (node_app_msgs) StdoutLine: {'line': b'-- Up-to-date: /data/rl_deploy/install/node_app_msgs/share/node_app_msgs/cmake/export_node_app_msgs__rosidl_typesupport_fastrtps_cExport-noconfig.cmake\n'}
[2.507544] (node_app_msgs) StdoutLine: {'line': b'-- Up-to-date: /data/rl_deploy/install/node_app_msgs/share/node_app_msgs/cmake/node_app_msgs__rosidl_typesupport_introspection_cExport.cmake\n'}
[2.507828] (node_app_msgs) StdoutLine: {'line': b'-- Up-to-date: /data/rl_deploy/install/node_app_msgs/share/node_app_msgs/cmake/node_app_msgs__rosidl_typesupport_introspection_cExport-noconfig.cmake\n'}
[2.508040] (node_app_msgs) StdoutLine: {'line': b'-- Up-to-date: /data/rl_deploy/install/node_app_msgs/share/node_app_msgs/cmake/node_app_msgs__rosidl_typesupport_cExport.cmake\n'}
[2.508171] (node_app_msgs) StdoutLine: {'line': b'-- Up-to-date: /data/rl_deploy/install/node_app_msgs/share/node_app_msgs/cmake/node_app_msgs__rosidl_typesupport_cExport-noconfig.cmake\n'}
[2.508486] (robot_msgs) StdoutLine: {'line': b"Listing '/data/rl_deploy/install/robot_msgs/local/lib/python3.10/dist-packages/robot_msgs'...\n"}
[2.508637] (robot_msgs) StdoutLine: {'line': b"Listing '/data/rl_deploy/install/robot_msgs/local/lib/python3.10/dist-packages/robot_msgs/msg'...\n"}
[2.509078] (node_app_msgs) StdoutLine: {'line': b'-- Up-to-date: /data/rl_deploy/install/node_app_msgs/share/node_app_msgs/cmake/export_node_app_msgs__rosidl_generator_cppExport.cmake\n'}
[2.509401] (node_app_msgs) StdoutLine: {'line': b'-- Up-to-date: /data/rl_deploy/install/node_app_msgs/share/node_app_msgs/cmake/export_node_app_msgs__rosidl_typesupport_fastrtps_cppExport.cmake\n'}
[2.509657] (node_app_msgs) StdoutLine: {'line': b'-- Up-to-date: /data/rl_deploy/install/node_app_msgs/share/node_app_msgs/cmake/export_node_app_msgs__rosidl_typesupport_fastrtps_cppExport-noconfig.cmake\n'}
[2.509901] (node_app_msgs) StdoutLine: {'line': b'-- Up-to-date: /data/rl_deploy/install/node_app_msgs/share/node_app_msgs/cmake/node_app_msgs__rosidl_typesupport_introspection_cppExport.cmake\n'}
[2.510297] (node_app_msgs) StdoutLine: {'line': b'-- Up-to-date: /data/rl_deploy/install/node_app_msgs/share/node_app_msgs/cmake/node_app_msgs__rosidl_typesupport_introspection_cppExport-noconfig.cmake\n'}
[2.510522] (node_app_msgs) StdoutLine: {'line': b'-- Up-to-date: /data/rl_deploy/install/node_app_msgs/share/node_app_msgs/cmake/node_app_msgs__rosidl_typesupport_cppExport.cmake\n'}
[2.510657] (node_app_msgs) StdoutLine: {'line': b'-- Up-to-date: /data/rl_deploy/install/node_app_msgs/share/node_app_msgs/cmake/node_app_msgs__rosidl_typesupport_cppExport-noconfig.cmake\n'}
[2.510780] (node_app_msgs) StdoutLine: {'line': b'-- Up-to-date: /data/rl_deploy/install/node_app_msgs/share/node_app_msgs/cmake/export_node_app_msgs__rosidl_generator_pyExport.cmake\n'}
[2.510892] (node_app_msgs) StdoutLine: {'line': b'-- Up-to-date: /data/rl_deploy/install/node_app_msgs/share/node_app_msgs/cmake/export_node_app_msgs__rosidl_generator_pyExport-noconfig.cmake\n'}
[2.511069] (node_app_msgs) StdoutLine: {'line': b'-- Up-to-date: /data/rl_deploy/install/node_app_msgs/share/node_app_msgs/cmake/rosidl_cmake-extras.cmake\n'}
[2.511184] (node_app_msgs) StdoutLine: {'line': b'-- Up-to-date: /data/rl_deploy/install/node_app_msgs/share/node_app_msgs/cmake/ament_cmake_export_dependencies-extras.cmake\n'}
[2.511293] (node_app_msgs) StdoutLine: {'line': b'-- Up-to-date: /data/rl_deploy/install/node_app_msgs/share/node_app_msgs/cmake/ament_cmake_export_include_directories-extras.cmake\n'}
[2.511831] (node_app_msgs) StdoutLine: {'line': b'-- Up-to-date: /data/rl_deploy/install/node_app_msgs/share/node_app_msgs/cmake/ament_cmake_export_libraries-extras.cmake\n'}
[2.512126] (node_app_msgs) StdoutLine: {'line': b'-- Up-to-date: /data/rl_deploy/install/node_app_msgs/share/node_app_msgs/cmake/ament_cmake_export_targets-extras.cmake\n'}
[2.512366] (node_app_msgs) StdoutLine: {'line': b'-- Up-to-date: /data/rl_deploy/install/node_app_msgs/share/node_app_msgs/cmake/rosidl_cmake_export_typesupport_targets-extras.cmake\n'}
[2.512512] (node_app_msgs) StdoutLine: {'line': b'-- Up-to-date: /data/rl_deploy/install/node_app_msgs/share/node_app_msgs/cmake/rosidl_cmake_export_typesupport_libraries-extras.cmake\n'}
[2.512643] (node_app_msgs) StdoutLine: {'line': b'-- Up-to-date: /data/rl_deploy/install/node_app_msgs/share/node_app_msgs/cmake/node_app_msgsConfig.cmake\n'}
[2.512818] (node_app_msgs) StdoutLine: {'line': b'-- Up-to-date: /data/rl_deploy/install/node_app_msgs/share/node_app_msgs/cmake/node_app_msgsConfig-version.cmake\n'}
[2.512957] (node_app_msgs) StdoutLine: {'line': b'-- Up-to-date: /data/rl_deploy/install/node_app_msgs/share/node_app_msgs/package.xml\n'}
[2.521923] (node_app_msgs) CommandEnded: {'returncode': 0}
[2.523068] (robot_msgs) StdoutLine: {'line': b'-- Up-to-date: /data/rl_deploy/install/robot_msgs/local/lib/python3.10/dist-packages/robot_msgs/robot_msgs_s__rosidl_typesupport_fastrtps_c.cpython-310-aarch64-linux-gnu.so\n'}
[2.524175] (robot_msgs) StdoutLine: {'line': b'-- Up-to-date: /data/rl_deploy/install/robot_msgs/local/lib/python3.10/dist-packages/robot_msgs/robot_msgs_s__rosidl_typesupport_introspection_c.cpython-310-aarch64-linux-gnu.so\n'}
[2.525195] (robot_msgs) StdoutLine: {'line': b'-- Up-to-date: /data/rl_deploy/install/robot_msgs/local/lib/python3.10/dist-packages/robot_msgs/robot_msgs_s__rosidl_typesupport_c.cpython-310-aarch64-linux-gnu.so\n'}
[2.526086] (robot_msgs) StdoutLine: {'line': b'-- Up-to-date: /data/rl_deploy/install/robot_msgs/lib/librobot_msgs__rosidl_generator_py.so\n'}
[2.528154] (robot_msgs) StdoutLine: {'line': b'-- Up-to-date: /data/rl_deploy/install/robot_msgs/share/ament_index/resource_index/rust_packages/robot_msgs\n'}
[2.528439] (robot_msgs) StdoutLine: {'line': b'-- Up-to-date: /data/rl_deploy/install/robot_msgs/share/robot_msgs/rust\n'}
[2.528622] (robot_msgs) StdoutLine: {'line': b'-- Up-to-date: /data/rl_deploy/install/robot_msgs/share/robot_msgs/rust/Cargo.toml\n'}
[2.529149] (robot_msgs) StdoutLine: {'line': b'-- Up-to-date: /data/rl_deploy/install/robot_msgs/share/robot_msgs/rust/src\n'}
[2.529353] (robot_msgs) StdoutLine: {'line': b'-- Up-to-date: /data/rl_deploy/install/robot_msgs/share/robot_msgs/rust/src/lib.rs\n'}
[2.529497] (robot_msgs) StdoutLine: {'line': b'-- Up-to-date: /data/rl_deploy/install/robot_msgs/share/robot_msgs/rust/src/msg.rs\n'}
[2.529647] (robot_msgs) StdoutLine: {'line': b'-- Up-to-date: /data/rl_deploy/install/robot_msgs/share/robot_msgs/rust/src/msg\n'}
[2.529919] (robot_msgs) StdoutLine: {'line': b'-- Up-to-date: /data/rl_deploy/install/robot_msgs/share/robot_msgs/rust/src/msg/rmw.rs\n'}
[2.530553] (robot_msgs) StdoutLine: {'line': b'-- Up-to-date: /data/rl_deploy/install/robot_msgs/share/robot_msgs/rust/build.rs\n'}
[2.530904] (robot_msgs) StdoutLine: {'line': b'-- Up-to-date: /data/rl_deploy/install/robot_msgs/share/robot_msgs/msg/RobotState.idl\n'}
[2.531866] (robot_msgs) StdoutLine: {'line': b'-- Up-to-date: /data/rl_deploy/install/robot_msgs/share/robot_msgs/msg/RobotState.msg\n'}
[2.532064] (robot_msgs) StdoutLine: {'line': b'-- Up-to-date: /data/rl_deploy/install/robot_msgs/share/ament_index/resource_index/package_run_dependencies/robot_msgs\n'}
[2.532323] (robot_msgs) StdoutLine: {'line': b'-- Up-to-date: /data/rl_deploy/install/robot_msgs/share/ament_index/resource_index/parent_prefix_path/robot_msgs\n'}
[2.533487] (robot_msgs) StdoutLine: {'line': b'-- Up-to-date: /data/rl_deploy/install/robot_msgs/share/robot_msgs/environment/ament_prefix_path.sh\n'}
[2.535077] (robot_msgs) StdoutLine: {'line': b'-- Up-to-date: /data/rl_deploy/install/robot_msgs/share/robot_msgs/environment/ament_prefix_path.dsv\n'}
[2.535686] (robot_msgs) StdoutLine: {'line': b'-- Up-to-date: /data/rl_deploy/install/robot_msgs/share/robot_msgs/environment/path.sh\n'}
[2.536358] (robot_msgs) StdoutLine: {'line': b'-- Up-to-date: /data/rl_deploy/install/robot_msgs/share/robot_msgs/environment/path.dsv\n'}
[2.536545] (robot_msgs) StdoutLine: {'line': b'-- Up-to-date: /data/rl_deploy/install/robot_msgs/share/robot_msgs/local_setup.bash\n'}
[2.536677] (robot_msgs) StdoutLine: {'line': b'-- Up-to-date: /data/rl_deploy/install/robot_msgs/share/robot_msgs/local_setup.sh\n'}
[2.536876] (robot_msgs) StdoutLine: {'line': b'-- Up-to-date: /data/rl_deploy/install/robot_msgs/share/robot_msgs/local_setup.zsh\n'}
[2.537424] (robot_msgs) StdoutLine: {'line': b'-- Up-to-date: /data/rl_deploy/install/robot_msgs/share/robot_msgs/local_setup.dsv\n'}
[2.537697] (robot_msgs) StdoutLine: {'line': b'-- Installing: /data/rl_deploy/install/robot_msgs/share/robot_msgs/package.dsv\n'}
[2.538308] (robot_msgs) StdoutLine: {'line': b'-- Up-to-date: /data/rl_deploy/install/robot_msgs/share/ament_index/resource_index/packages/robot_msgs\n'}
[2.538478] (robot_msgs) StdoutLine: {'line': b'-- Up-to-date: /data/rl_deploy/install/robot_msgs/share/robot_msgs/cmake/export_robot_msgs__rosidl_generator_cExport.cmake\n'}
[2.538731] (robot_msgs) StdoutLine: {'line': b'-- Up-to-date: /data/rl_deploy/install/robot_msgs/share/robot_msgs/cmake/export_robot_msgs__rosidl_generator_cExport-noconfig.cmake\n'}
[2.539157] (robot_msgs) StdoutLine: {'line': b'-- Up-to-date: /data/rl_deploy/install/robot_msgs/share/robot_msgs/cmake/export_robot_msgs__rosidl_typesupport_fastrtps_cExport.cmake\n'}
[2.539548] (robot_msgs) StdoutLine: {'line': b'-- Up-to-date: /data/rl_deploy/install/robot_msgs/share/robot_msgs/cmake/export_robot_msgs__rosidl_typesupport_fastrtps_cExport-noconfig.cmake\n'}
[2.540191] (robot_msgs) StdoutLine: {'line': b'-- Up-to-date: /data/rl_deploy/install/robot_msgs/share/robot_msgs/cmake/export_robot_msgs__rosidl_generator_cppExport.cmake\n'}
[2.540385] (robot_msgs) StdoutLine: {'line': b'-- Up-to-date: /data/rl_deploy/install/robot_msgs/share/robot_msgs/cmake/export_robot_msgs__rosidl_typesupport_fastrtps_cppExport.cmake\n'}
[2.540584] (robot_msgs) StdoutLine: {'line': b'-- Up-to-date: /data/rl_deploy/install/robot_msgs/share/robot_msgs/cmake/export_robot_msgs__rosidl_typesupport_fastrtps_cppExport-noconfig.cmake\n'}
[2.540915] (robot_msgs) StdoutLine: {'line': b'-- Up-to-date: /data/rl_deploy/install/robot_msgs/share/robot_msgs/cmake/robot_msgs__rosidl_typesupport_introspection_cExport.cmake\n'}
[2.541184] (robot_msgs) StdoutLine: {'line': b'-- Up-to-date: /data/rl_deploy/install/robot_msgs/share/robot_msgs/cmake/robot_msgs__rosidl_typesupport_introspection_cExport-noconfig.cmake\n'}
[2.541494] (robot_msgs) StdoutLine: {'line': b'-- Up-to-date: /data/rl_deploy/install/robot_msgs/share/robot_msgs/cmake/robot_msgs__rosidl_typesupport_cExport.cmake\n'}
[2.542006] (robot_msgs) StdoutLine: {'line': b'-- Up-to-date: /data/rl_deploy/install/robot_msgs/share/robot_msgs/cmake/robot_msgs__rosidl_typesupport_cExport-noconfig.cmake\n'}
[2.542201] (robot_msgs) StdoutLine: {'line': b'-- Up-to-date: /data/rl_deploy/install/robot_msgs/share/robot_msgs/cmake/robot_msgs__rosidl_typesupport_introspection_cppExport.cmake\n'}
[2.542372] (robot_msgs) StdoutLine: {'line': b'-- Up-to-date: /data/rl_deploy/install/robot_msgs/share/robot_msgs/cmake/robot_msgs__rosidl_typesupport_introspection_cppExport-noconfig.cmake\n'}
[2.542545] (robot_msgs) StdoutLine: {'line': b'-- Up-to-date: /data/rl_deploy/install/robot_msgs/share/robot_msgs/cmake/robot_msgs__rosidl_typesupport_cppExport.cmake\n'}
[2.543018] (robot_msgs) StdoutLine: {'line': b'-- Up-to-date: /data/rl_deploy/install/robot_msgs/share/robot_msgs/cmake/robot_msgs__rosidl_typesupport_cppExport-noconfig.cmake\n'}
[2.543193] (robot_msgs) StdoutLine: {'line': b'-- Up-to-date: /data/rl_deploy/install/robot_msgs/share/robot_msgs/cmake/export_robot_msgs__rosidl_generator_pyExport.cmake\n'}
[2.543908] (robot_msgs) StdoutLine: {'line': b'-- Up-to-date: /data/rl_deploy/install/robot_msgs/share/robot_msgs/cmake/export_robot_msgs__rosidl_generator_pyExport-noconfig.cmake\n'}
[2.544083] (robot_msgs) StdoutLine: {'line': b'-- Up-to-date: /data/rl_deploy/install/robot_msgs/share/robot_msgs/cmake/rosidl_cmake-extras.cmake\n'}
[2.544513] (robot_msgs) StdoutLine: {'line': b'-- Up-to-date: /data/rl_deploy/install/robot_msgs/share/robot_msgs/cmake/ament_cmake_export_dependencies-extras.cmake\n'}
[2.544715] (robot_msgs) StdoutLine: {'line': b'-- Up-to-date: /data/rl_deploy/install/robot_msgs/share/robot_msgs/cmake/ament_cmake_export_include_directories-extras.cmake\n'}
[2.544906] (robot_msgs) StdoutLine: {'line': b'-- Up-to-date: /data/rl_deploy/install/robot_msgs/share/robot_msgs/cmake/ament_cmake_export_libraries-extras.cmake\n'}
[2.545402] (robot_msgs) StdoutLine: {'line': b'-- Up-to-date: /data/rl_deploy/install/robot_msgs/share/robot_msgs/cmake/ament_cmake_export_targets-extras.cmake\n'}
[2.545767] (robot_msgs) StdoutLine: {'line': b'-- Up-to-date: /data/rl_deploy/install/robot_msgs/share/robot_msgs/cmake/rosidl_cmake_export_typesupport_targets-extras.cmake\n'}
[2.546697] (robot_msgs) StdoutLine: {'line': b'-- Up-to-date: /data/rl_deploy/install/robot_msgs/share/robot_msgs/cmake/rosidl_cmake_export_typesupport_libraries-extras.cmake\n'}
[2.547774] (robot_msgs) StdoutLine: {'line': b'-- Up-to-date: /data/rl_deploy/install/robot_msgs/share/robot_msgs/cmake/robot_msgsConfig.cmake\n'}
[2.547929] (robot_msgs) StdoutLine: {'line': b'-- Up-to-date: /data/rl_deploy/install/robot_msgs/share/robot_msgs/cmake/robot_msgsConfig-version.cmake\n'}
[2.548679] (robot_msgs) StdoutLine: {'line': b'-- Up-to-date: /data/rl_deploy/install/robot_msgs/share/robot_msgs/package.xml\n'}
[2.564838] (node_app_msgs) JobEnded: {'identifier': 'node_app_msgs', 'rc': 0}
[2.568078] (robot_msgs) CommandEnded: {'returncode': 0}
[2.602576] (robot_msgs) JobEnded: {'identifier': 'robot_msgs', 'rc': 0}
[2.605103] (robot_rl_controller) JobStarted: {'identifier': 'robot_rl_controller'}
[2.605378] (-) TimerEvent: {}
[2.612100] (robot_state) JobStarted: {'identifier': 'robot_state'}
[2.725367] (-) TimerEvent: {}
[2.825864] (-) TimerEvent: {}
[2.926349] (-) TimerEvent: {}
[3.026883] (-) TimerEvent: {}
[3.102083] (robot_state) JobProgress: {'identifier': 'robot_state', 'progress': 'cmake'}
[3.103473] (robot_state) JobProgress: {'identifier': 'robot_state', 'progress': 'build'}
[3.104138] (robot_state) Command: {'cmd': ['/usr/local/bin/cmake', '--build', '/data/rl_deploy/build/robot_state', '--', '-j8', '-l8'], 'cwd': '/data/rl_deploy/build/robot_state', 'env': OrderedDict([('LESSOPEN', '| /usr/bin/lesspipe %s'), ('USER', 'root'), ('SSH_CLIENT', '192.168.8.113 50272 22'), ('LC_TIME', 'zh_CN.UTF-8'), ('XDG_SESSION_TYPE', 'tty'), ('GIT_ASKPASS', '/root/.vscode-server/cli/servers/Stable-61b3d0ab13be7dda2389f1d3e60a119c7f660cc3/server/extensions/git/dist/askpass.sh'), ('SHLVL', '2'), ('LD_LIBRARY_PATH', '/data/rl_deploy/install/robot_msgs/lib:/data/rl_deploy/install/node_control_msgs/lib:/opt/ros/humble/lib/aarch64-linux-gnu:/opt/ros/humble/lib:/app/lib:/app/lib:/usr/local/cuda-12/lib64:/usr/local/cuda-12/lib64:/usr/local/cuda-12/lib64'), ('BROWSER', '/root/.vscode-server/cli/servers/Stable-61b3d0ab13be7dda2389f1d3e60a119c7f660cc3/server/bin/helpers/browser.sh'), ('LYOS_LOCALHOST_ONLY', '1'), ('MOTD_SHOWN', 'pam'), ('HOME', '/root'), ('OLDPWD', '/root/.vscode-server'), ('TERM_PROGRAM_VERSION', '1.110.1'), ('VSCODE_IPC_HOOK_CLI', '/run/user/0/vscode-ipc-2d12e5c4-ef4a-4996-a4ea-3ebfab8c4620.sock'), ('JETSON_L4T', '36.4.4'), ('ROS_PYTHON_VERSION', '3'), ('JETSON_MODEL', 'NVIDIA Jetson Orin NX Engineering Reference Developer Kit Super'), ('VSCODE_GIT_ASKPASS_MAIN', '/root/.vscode-server/cli/servers/Stable-61b3d0ab13be7dda2389f1d3e60a119c7f660cc3/server/extensions/git/dist/askpass-main.js'), ('LC_MONETARY', 'zh_CN.UTF-8'), ('VSCODE_GIT_ASKPASS_NODE', '/root/.vscode-server/cli/servers/Stable-61b3d0ab13be7dda2389f1d3e60a119c7f660cc3/server/node'), ('VSCODE_PYTHON_AUTOACTIVATE_GUARD', '1'), ('DBUS_SESSION_BUS_ADDRESS', 'unix:path=/run/user/0/bus'), ('COLORTERM', 'truecolor'), ('LYOS_DOMAIN_ID', '18:45:b3:02:00:08'), ('DEBUGINFOD_URLS', ''), ('ROS_DISTRO', 'humble'), ('LOGNAME', 'root'), ('JETSON_MODULE', 'NVIDIA Jetson Orin NX (16GB ram)'), ('JETSON_SERIAL_NUMBER', 'DummySN'), ('_', '/usr/bin/colcon'), ('ROS_VERSION', '2'), ('XDG_SESSION_CLASS', 'user'), ('TERM', 'xterm-256color'), ('XDG_SESSION_ID', '5'), ('ROS_LOCALHOST_ONLY', '1'), ('PATH', '/root/.vscode-server/cli/servers/Stable-61b3d0ab13be7dda2389f1d3e60a119c7f660cc3/server/bin/remote-cli:/opt/ros/humble/bin:/usr/local/sbin:/usr/local/bin:/usr/sbin:/usr/bin:/sbin:/bin:/usr/games:/usr/local/games:/snap/bin:/app/bin:/app/bin:/usr/local/cuda-12/bin:/usr/local/cuda-12/bin:/usr/local/cuda-12/bin'), ('LC_ADDRESS', 'zh_CN.UTF-8'), ('XDG_RUNTIME_DIR', '/run/user/0'), ('LANG', 'en_US.UTF-8'), ('LC_TELEPHONE', 'zh_CN.UTF-8'), ('LS_COLORS', 'rs=0:di=01;34:ln=01;36:mh=00:pi=40;33:so=01;35:do=01;35:bd=40;33;01:cd=40;33;01:or=40;31;01:mi=00:su=37;41:sg=30;43:ca=30;41:tw=30;42:ow=34;42:st=37;44:ex=01;32:*.tar=01;31:*.tgz=01;31:*.arc=01;31:*.arj=01;31:*.taz=01;31:*.lha=01;31:*.lz4=01;31:*.lzh=01;31:*.lzma=01;31:*.tlz=01;31:*.txz=01;31:*.tzo=01;31:*.t7z=01;31:*.zip=01;31:*.z=01;31:*.dz=01;31:*.gz=01;31:*.lrz=01;31:*.lz=01;31:*.lzo=01;31:*.xz=01;31:*.zst=01;31:*.tzst=01;31:*.bz2=01;31:*.bz=01;31:*.tbz=01;31:*.tbz2=01;31:*.tz=01;31:*.deb=01;31:*.rpm=01;31:*.jar=01;31:*.war=01;31:*.ear=01;31:*.sar=01;31:*.rar=01;31:*.alz=01;31:*.ace=01;31:*.zoo=01;31:*.cpio=01;31:*.7z=01;31:*.rz=01;31:*.cab=01;31:*.wim=01;31:*.swm=01;31:*.dwm=01;31:*.esd=01;31:*.jpg=01;35:*.jpeg=01;35:*.mjpg=01;35:*.mjpeg=01;35:*.gif=01;35:*.bmp=01;35:*.pbm=01;35:*.pgm=01;35:*.ppm=01;35:*.tga=01;35:*.xbm=01;35:*.xpm=01;35:*.tif=01;35:*.tiff=01;35:*.png=01;35:*.svg=01;35:*.svgz=01;35:*.mng=01;35:*.pcx=01;35:*.mov=01;35:*.mpg=01;35:*.mpeg=01;35:*.m2v=01;35:*.mkv=01;35:*.webm=01;35:*.webp=01;35:*.ogm=01;35:*.mp4=01;35:*.m4v=01;35:*.mp4v=01;35:*.vob=01;35:*.qt=01;35:*.nuv=01;35:*.wmv=01;35:*.asf=01;35:*.rm=01;35:*.rmvb=01;35:*.flc=01;35:*.avi=01;35:*.fli=01;35:*.flv=01;35:*.gl=01;35:*.dl=01;35:*.xcf=01;35:*.xwd=01;35:*.yuv=01;35:*.cgm=01;35:*.emf=01;35:*.ogv=01;35:*.ogx=01;35:*.aac=00;36:*.au=00;36:*.flac=00;36:*.m4a=00;36:*.mid=00;36:*.midi=00;36:*.mka=00;36:*.mp3=00;36:*.mpc=00;36:*.ogg=00;36:*.ra=00;36:*.wav=00;36:*.oga=00;36:*.opus=00;36:*.spx=00;36:*.xspf=00;36:'), ('JETSON_SOC', 'tegra234'), ('VSCODE_GIT_IPC_HANDLE', '/run/user/0/vscode-git-994ffc2805.sock'), ('TERM_PROGRAM', 'vscode'), ('ROSDISTRO_INDEX_URL', 'https://mirrors.tuna.tsinghua.edu.cn/rosdistro/index_v4.yaml'), ('ROS_DOMAIN_ID', '193'), ('AMENT_PREFIX_PATH', '/data/rl_deploy/install/robot_msgs:/data/rl_deploy/install/node_control_msgs:/opt/ros/humble'), ('SHELL', '/bin/bash'), ('LC_NAME', 'zh_CN.UTF-8'), ('LESSCLOSE', '/usr/bin/lesspipe %s %s'), ('LC_MEASUREMENT', 'zh_CN.UTF-8'), ('LC_IDENTIFICATION', 'zh_CN.UTF-8'), ('VSCODE_GIT_ASKPASS_EXTRA_ARGS', ''), ('JETSON_CUDA_ARCH_BIN', '8.7'), ('PWD', '/data/rl_deploy/build/robot_state'), ('LC_ALL', 'en_US.UTF-8'), ('SSH_CONNECTION', '192.168.8.113 50272 192.168.8.111 22'), ('XDG_DATA_DIRS', '/usr/share/gnome:/usr/local/share:/usr/share:/var/lib/snapd/desktop'), ('PYTHONPATH', '/data/rl_deploy/install/robot_msgs/local/lib/python3.10/dist-packages:/data/rl_deploy/install/node_control_msgs/local/lib/python3.10/dist-packages:/opt/ros/humble/lib/python3.10/site-packages:/opt/ros/humble/local/lib/python3.10/dist-packages'), ('LC_NUMERIC', 'zh_CN.UTF-8'), ('LC_PAPER', 'zh_CN.UTF-8'), ('COLCON', '1'), ('JETSON_JETPACK', '6.2.1'), ('JETSON_P_NUMBER', 'p3767-0000'), ('CMAKE_PREFIX_PATH', '/data/rl_deploy/install/robot_msgs:/data/rl_deploy/install/node_control_msgs:/opt/ros/humble')]), 'shell': False}
[3.127019] (-) TimerEvent: {}
[3.227573] (-) TimerEvent: {}
[3.295758] (robot_state) StdoutLine: {'line': b'[100%] Built target robot_state_node\n'}
[3.312032] (robot_state) CommandEnded: {'returncode': 0}
[3.313888] (robot_state) JobProgress: {'identifier': 'robot_state', 'progress': 'install'}
[3.313991] (robot_state) Command: {'cmd': ['/usr/local/bin/cmake', '--install', '/data/rl_deploy/build/robot_state'], 'cwd': '/data/rl_deploy/build/robot_state', 'env': OrderedDict([('LESSOPEN', '| /usr/bin/lesspipe %s'), ('USER', 'root'), ('SSH_CLIENT', '192.168.8.113 50272 22'), ('LC_TIME', 'zh_CN.UTF-8'), ('XDG_SESSION_TYPE', 'tty'), ('GIT_ASKPASS', '/root/.vscode-server/cli/servers/Stable-61b3d0ab13be7dda2389f1d3e60a119c7f660cc3/server/extensions/git/dist/askpass.sh'), ('SHLVL', '2'), ('LD_LIBRARY_PATH', '/data/rl_deploy/install/robot_msgs/lib:/data/rl_deploy/install/node_control_msgs/lib:/opt/ros/humble/lib/aarch64-linux-gnu:/opt/ros/humble/lib:/app/lib:/app/lib:/usr/local/cuda-12/lib64:/usr/local/cuda-12/lib64:/usr/local/cuda-12/lib64'), ('BROWSER', '/root/.vscode-server/cli/servers/Stable-61b3d0ab13be7dda2389f1d3e60a119c7f660cc3/server/bin/helpers/browser.sh'), ('LYOS_LOCALHOST_ONLY', '1'), ('MOTD_SHOWN', 'pam'), ('HOME', '/root'), ('OLDPWD', '/root/.vscode-server'), ('TERM_PROGRAM_VERSION', '1.110.1'), ('VSCODE_IPC_HOOK_CLI', '/run/user/0/vscode-ipc-2d12e5c4-ef4a-4996-a4ea-3ebfab8c4620.sock'), ('JETSON_L4T', '36.4.4'), ('ROS_PYTHON_VERSION', '3'), ('JETSON_MODEL', 'NVIDIA Jetson Orin NX Engineering Reference Developer Kit Super'), ('VSCODE_GIT_ASKPASS_MAIN', '/root/.vscode-server/cli/servers/Stable-61b3d0ab13be7dda2389f1d3e60a119c7f660cc3/server/extensions/git/dist/askpass-main.js'), ('LC_MONETARY', 'zh_CN.UTF-8'), ('VSCODE_GIT_ASKPASS_NODE', '/root/.vscode-server/cli/servers/Stable-61b3d0ab13be7dda2389f1d3e60a119c7f660cc3/server/node'), ('VSCODE_PYTHON_AUTOACTIVATE_GUARD', '1'), ('DBUS_SESSION_BUS_ADDRESS', 'unix:path=/run/user/0/bus'), ('COLORTERM', 'truecolor'), ('LYOS_DOMAIN_ID', '18:45:b3:02:00:08'), ('DEBUGINFOD_URLS', ''), ('ROS_DISTRO', 'humble'), ('LOGNAME', 'root'), ('JETSON_MODULE', 'NVIDIA Jetson Orin NX (16GB ram)'), ('JETSON_SERIAL_NUMBER', 'DummySN'), ('_', '/usr/bin/colcon'), ('ROS_VERSION', '2'), ('XDG_SESSION_CLASS', 'user'), ('TERM', 'xterm-256color'), ('XDG_SESSION_ID', '5'), ('ROS_LOCALHOST_ONLY', '1'), ('PATH', '/root/.vscode-server/cli/servers/Stable-61b3d0ab13be7dda2389f1d3e60a119c7f660cc3/server/bin/remote-cli:/opt/ros/humble/bin:/usr/local/sbin:/usr/local/bin:/usr/sbin:/usr/bin:/sbin:/bin:/usr/games:/usr/local/games:/snap/bin:/app/bin:/app/bin:/usr/local/cuda-12/bin:/usr/local/cuda-12/bin:/usr/local/cuda-12/bin'), ('LC_ADDRESS', 'zh_CN.UTF-8'), ('XDG_RUNTIME_DIR', '/run/user/0'), ('LANG', 'en_US.UTF-8'), ('LC_TELEPHONE', 'zh_CN.UTF-8'), ('LS_COLORS', 'rs=0:di=01;34:ln=01;36:mh=00:pi=40;33:so=01;35:do=01;35:bd=40;33;01:cd=40;33;01:or=40;31;01:mi=00:su=37;41:sg=30;43:ca=30;41:tw=30;42:ow=34;42:st=37;44:ex=01;32:*.tar=01;31:*.tgz=01;31:*.arc=01;31:*.arj=01;31:*.taz=01;31:*.lha=01;31:*.lz4=01;31:*.lzh=01;31:*.lzma=01;31:*.tlz=01;31:*.txz=01;31:*.tzo=01;31:*.t7z=01;31:*.zip=01;31:*.z=01;31:*.dz=01;31:*.gz=01;31:*.lrz=01;31:*.lz=01;31:*.lzo=01;31:*.xz=01;31:*.zst=01;31:*.tzst=01;31:*.bz2=01;31:*.bz=01;31:*.tbz=01;31:*.tbz2=01;31:*.tz=01;31:*.deb=01;31:*.rpm=01;31:*.jar=01;31:*.war=01;31:*.ear=01;31:*.sar=01;31:*.rar=01;31:*.alz=01;31:*.ace=01;31:*.zoo=01;31:*.cpio=01;31:*.7z=01;31:*.rz=01;31:*.cab=01;31:*.wim=01;31:*.swm=01;31:*.dwm=01;31:*.esd=01;31:*.jpg=01;35:*.jpeg=01;35:*.mjpg=01;35:*.mjpeg=01;35:*.gif=01;35:*.bmp=01;35:*.pbm=01;35:*.pgm=01;35:*.ppm=01;35:*.tga=01;35:*.xbm=01;35:*.xpm=01;35:*.tif=01;35:*.tiff=01;35:*.png=01;35:*.svg=01;35:*.svgz=01;35:*.mng=01;35:*.pcx=01;35:*.mov=01;35:*.mpg=01;35:*.mpeg=01;35:*.m2v=01;35:*.mkv=01;35:*.webm=01;35:*.webp=01;35:*.ogm=01;35:*.mp4=01;35:*.m4v=01;35:*.mp4v=01;35:*.vob=01;35:*.qt=01;35:*.nuv=01;35:*.wmv=01;35:*.asf=01;35:*.rm=01;35:*.rmvb=01;35:*.flc=01;35:*.avi=01;35:*.fli=01;35:*.flv=01;35:*.gl=01;35:*.dl=01;35:*.xcf=01;35:*.xwd=01;35:*.yuv=01;35:*.cgm=01;35:*.emf=01;35:*.ogv=01;35:*.ogx=01;35:*.aac=00;36:*.au=00;36:*.flac=00;36:*.m4a=00;36:*.mid=00;36:*.midi=00;36:*.mka=00;36:*.mp3=00;36:*.mpc=00;36:*.ogg=00;36:*.ra=00;36:*.wav=00;36:*.oga=00;36:*.opus=00;36:*.spx=00;36:*.xspf=00;36:'), ('JETSON_SOC', 'tegra234'), ('VSCODE_GIT_IPC_HANDLE', '/run/user/0/vscode-git-994ffc2805.sock'), ('TERM_PROGRAM', 'vscode'), ('ROSDISTRO_INDEX_URL', 'https://mirrors.tuna.tsinghua.edu.cn/rosdistro/index_v4.yaml'), ('ROS_DOMAIN_ID', '193'), ('AMENT_PREFIX_PATH', '/data/rl_deploy/install/robot_msgs:/data/rl_deploy/install/node_control_msgs:/opt/ros/humble'), ('SHELL', '/bin/bash'), ('LC_NAME', 'zh_CN.UTF-8'), ('LESSCLOSE', '/usr/bin/lesspipe %s %s'), ('LC_MEASUREMENT', 'zh_CN.UTF-8'), ('LC_IDENTIFICATION', 'zh_CN.UTF-8'), ('VSCODE_GIT_ASKPASS_EXTRA_ARGS', ''), ('JETSON_CUDA_ARCH_BIN', '8.7'), ('PWD', '/data/rl_deploy/build/robot_state'), ('LC_ALL', 'en_US.UTF-8'), ('SSH_CONNECTION', '192.168.8.113 50272 192.168.8.111 22'), ('XDG_DATA_DIRS', '/usr/share/gnome:/usr/local/share:/usr/share:/var/lib/snapd/desktop'), ('PYTHONPATH', '/data/rl_deploy/install/robot_msgs/local/lib/python3.10/dist-packages:/data/rl_deploy/install/node_control_msgs/local/lib/python3.10/dist-packages:/opt/ros/humble/lib/python3.10/site-packages:/opt/ros/humble/local/lib/python3.10/dist-packages'), ('LC_NUMERIC', 'zh_CN.UTF-8'), ('LC_PAPER', 'zh_CN.UTF-8'), ('COLCON', '1'), ('JETSON_JETPACK', '6.2.1'), ('JETSON_P_NUMBER', 'p3767-0000'), ('CMAKE_PREFIX_PATH', '/data/rl_deploy/install/robot_msgs:/data/rl_deploy/install/node_control_msgs:/opt/ros/humble')]), 'shell': False}
[3.327746] (-) TimerEvent: {}
[3.428256] (-) TimerEvent: {}
[3.440805] (robot_state) StdoutLine: {'line': b'-- Install configuration: ""\n'}
[3.441370] (robot_state) StdoutLine: {'line': b'-- Up-to-date: /data/rl_deploy/install/robot_state/lib/robot_state/robot_state_node\n'}
[3.441769] (robot_state) StdoutLine: {'line': b'-- Up-to-date: /data/rl_deploy/install/robot_state/share/ament_index/resource_index/package_run_dependencies/robot_state\n'}
[3.441959] (robot_state) StdoutLine: {'line': b'-- Up-to-date: /data/rl_deploy/install/robot_state/share/ament_index/resource_index/parent_prefix_path/robot_state\n'}
[3.442088] (robot_state) StdoutLine: {'line': b'-- Up-to-date: /data/rl_deploy/install/robot_state/share/robot_state/environment/ament_prefix_path.sh\n'}
[3.442202] (robot_state) StdoutLine: {'line': b'-- Up-to-date: /data/rl_deploy/install/robot_state/share/robot_state/environment/ament_prefix_path.dsv\n'}
[3.442397] (robot_state) StdoutLine: {'line': b'-- Up-to-date: /data/rl_deploy/install/robot_state/share/robot_state/environment/path.sh\n'}
[3.442797] (robot_state) StdoutLine: {'line': b'-- Up-to-date: /data/rl_deploy/install/robot_state/share/robot_state/environment/path.dsv\n'}
[3.442964] (robot_state) StdoutLine: {'line': b'-- Up-to-date: /data/rl_deploy/install/robot_state/share/robot_state/local_setup.bash\n'}
[3.443078] (robot_state) StdoutLine: {'line': b'-- Up-to-date: /data/rl_deploy/install/robot_state/share/robot_state/local_setup.sh\n'}
[3.443182] (robot_state) StdoutLine: {'line': b'-- Up-to-date: /data/rl_deploy/install/robot_state/share/robot_state/local_setup.zsh\n'}
[3.443354] (robot_state) StdoutLine: {'line': b'-- Up-to-date: /data/rl_deploy/install/robot_state/share/robot_state/local_setup.dsv\n'}
[3.443486] (robot_state) StdoutLine: {'line': b'-- Installing: /data/rl_deploy/install/robot_state/share/robot_state/package.dsv\n'}
[3.443594] (robot_state) StdoutLine: {'line': b'-- Up-to-date: /data/rl_deploy/install/robot_state/share/ament_index/resource_index/packages/robot_state\n'}
[3.443756] (robot_state) StdoutLine: {'line': b'-- Up-to-date: /data/rl_deploy/install/robot_state/share/robot_state/cmake/robot_stateConfig.cmake\n'}
[3.443900] (robot_state) StdoutLine: {'line': b'-- Up-to-date: /data/rl_deploy/install/robot_state/share/robot_state/cmake/robot_stateConfig-version.cmake\n'}
[3.444006] (robot_state) StdoutLine: {'line': b'-- Up-to-date: /data/rl_deploy/install/robot_state/share/robot_state/package.xml\n'}
[3.449145] (robot_state) CommandEnded: {'returncode': 0}
[3.471993] (robot_state) JobEnded: {'identifier': 'robot_state', 'rc': 0}
[3.528343] (-) TimerEvent: {}
[3.628804] (-) TimerEvent: {}
[3.733214] (-) TimerEvent: {}
[3.833712] (-) TimerEvent: {}
[3.883999] (robot_rl_controller) Command: {'cmd': ['/usr/bin/python3', '-W', 'ignore:setup.py install is deprecated', '-W', 'ignore:easy_install command is deprecated', 'setup.py', 'egg_info', '--egg-base', '../../build/robot_rl_controller', 'build', '--build-base', '/data/rl_deploy/build/robot_rl_controller/build', 'install', '--record', '/data/rl_deploy/build/robot_rl_controller/install.log', '--single-version-externally-managed', 'install_data'], 'cwd': '/data/rl_deploy/src/robot_rl_controller', 'env': {'LESSOPEN': '| /usr/bin/lesspipe %s', 'USER': 'root', 'SSH_CLIENT': '192.168.8.113 50272 22', 'LC_TIME': 'zh_CN.UTF-8', 'XDG_SESSION_TYPE': 'tty', 'GIT_ASKPASS': '/root/.vscode-server/cli/servers/Stable-61b3d0ab13be7dda2389f1d3e60a119c7f660cc3/server/extensions/git/dist/askpass.sh', 'SHLVL': '2', 'LD_LIBRARY_PATH': '/data/rl_deploy/install/robot_msgs/lib:/data/rl_deploy/install/node_app_msgs/lib:/data/rl_deploy/install/node_control_msgs/lib:/opt/ros/humble/lib/aarch64-linux-gnu:/opt/ros/humble/lib:/app/lib:/app/lib:/usr/local/cuda-12/lib64:/usr/local/cuda-12/lib64:/usr/local/cuda-12/lib64', 'BROWSER': '/root/.vscode-server/cli/servers/Stable-61b3d0ab13be7dda2389f1d3e60a119c7f660cc3/server/bin/helpers/browser.sh', 'LYOS_LOCALHOST_ONLY': '1', 'MOTD_SHOWN': 'pam', 'HOME': '/root', 'OLDPWD': '/root/.vscode-server', 'TERM_PROGRAM_VERSION': '1.110.1', 'VSCODE_IPC_HOOK_CLI': '/run/user/0/vscode-ipc-2d12e5c4-ef4a-4996-a4ea-3ebfab8c4620.sock', 'JETSON_L4T': '36.4.4', 'ROS_PYTHON_VERSION': '3', 'JETSON_MODEL': 'NVIDIA Jetson Orin NX Engineering Reference Developer Kit Super', 'VSCODE_GIT_ASKPASS_MAIN': '/root/.vscode-server/cli/servers/Stable-61b3d0ab13be7dda2389f1d3e60a119c7f660cc3/server/extensions/git/dist/askpass-main.js', 'LC_MONETARY': 'zh_CN.UTF-8', 'VSCODE_GIT_ASKPASS_NODE': '/root/.vscode-server/cli/servers/Stable-61b3d0ab13be7dda2389f1d3e60a119c7f660cc3/server/node', 'VSCODE_PYTHON_AUTOACTIVATE_GUARD': '1', 'DBUS_SESSION_BUS_ADDRESS': 'unix:path=/run/user/0/bus', 'COLORTERM': 'truecolor', 'LYOS_DOMAIN_ID': '18:45:b3:02:00:08', 'DEBUGINFOD_URLS': '', 'ROS_DISTRO': 'humble', 'LOGNAME': 'root', 'JETSON_MODULE': 'NVIDIA Jetson Orin NX (16GB ram)', 'JETSON_SERIAL_NUMBER': 'DummySN', '_': '/usr/bin/colcon', 'ROS_VERSION': '2', 'XDG_SESSION_CLASS': 'user', 'TERM': 'xterm-256color', 'XDG_SESSION_ID': '5', 'ROS_LOCALHOST_ONLY': '1', 'PATH': '/root/.vscode-server/cli/servers/Stable-61b3d0ab13be7dda2389f1d3e60a119c7f660cc3/server/bin/remote-cli:/opt/ros/humble/bin:/usr/local/sbin:/usr/local/bin:/usr/sbin:/usr/bin:/sbin:/bin:/usr/games:/usr/local/games:/snap/bin:/app/bin:/app/bin:/usr/local/cuda-12/bin:/usr/local/cuda-12/bin:/usr/local/cuda-12/bin', 'LC_ADDRESS': 'zh_CN.UTF-8', 'XDG_RUNTIME_DIR': '/run/user/0', 'LANG': 'en_US.UTF-8', 'LC_TELEPHONE': 'zh_CN.UTF-8', 'LS_COLORS': 'rs=0:di=01;34:ln=01;36:mh=00:pi=40;33:so=01;35:do=01;35:bd=40;33;01:cd=40;33;01:or=40;31;01:mi=00:su=37;41:sg=30;43:ca=30;41:tw=30;42:ow=34;42:st=37;44:ex=01;32:*.tar=01;31:*.tgz=01;31:*.arc=01;31:*.arj=01;31:*.taz=01;31:*.lha=01;31:*.lz4=01;31:*.lzh=01;31:*.lzma=01;31:*.tlz=01;31:*.txz=01;31:*.tzo=01;31:*.t7z=01;31:*.zip=01;31:*.z=01;31:*.dz=01;31:*.gz=01;31:*.lrz=01;31:*.lz=01;31:*.lzo=01;31:*.xz=01;31:*.zst=01;31:*.tzst=01;31:*.bz2=01;31:*.bz=01;31:*.tbz=01;31:*.tbz2=01;31:*.tz=01;31:*.deb=01;31:*.rpm=01;31:*.jar=01;31:*.war=01;31:*.ear=01;31:*.sar=01;31:*.rar=01;31:*.alz=01;31:*.ace=01;31:*.zoo=01;31:*.cpio=01;31:*.7z=01;31:*.rz=01;31:*.cab=01;31:*.wim=01;31:*.swm=01;31:*.dwm=01;31:*.esd=01;31:*.jpg=01;35:*.jpeg=01;35:*.mjpg=01;35:*.mjpeg=01;35:*.gif=01;35:*.bmp=01;35:*.pbm=01;35:*.pgm=01;35:*.ppm=01;35:*.tga=01;35:*.xbm=01;35:*.xpm=01;35:*.tif=01;35:*.tiff=01;35:*.png=01;35:*.svg=01;35:*.svgz=01;35:*.mng=01;35:*.pcx=01;35:*.mov=01;35:*.mpg=01;35:*.mpeg=01;35:*.m2v=01;35:*.mkv=01;35:*.webm=01;35:*.webp=01;35:*.ogm=01;35:*.mp4=01;35:*.m4v=01;35:*.mp4v=01;35:*.vob=01;35:*.qt=01;35:*.nuv=01;35:*.wmv=01;35:*.asf=01;35:*.rm=01;35:*.rmvb=01;35:*.flc=01;35:*.avi=01;35:*.fli=01;35:*.flv=01;35:*.gl=01;35:*.dl=01;35:*.xcf=01;35:*.xwd=01;35:*.yuv=01;35:*.cgm=01;35:*.emf=01;35:*.ogv=01;35:*.ogx=01;35:*.aac=00;36:*.au=00;36:*.flac=00;36:*.m4a=00;36:*.mid=00;36:*.midi=00;36:*.mka=00;36:*.mp3=00;36:*.mpc=00;36:*.ogg=00;36:*.ra=00;36:*.wav=00;36:*.oga=00;36:*.opus=00;36:*.spx=00;36:*.xspf=00;36:', 'JETSON_SOC': 'tegra234', 'VSCODE_GIT_IPC_HANDLE': '/run/user/0/vscode-git-994ffc2805.sock', 'TERM_PROGRAM': 'vscode', 'ROSDISTRO_INDEX_URL': 'https://mirrors.tuna.tsinghua.edu.cn/rosdistro/index_v4.yaml', 'ROS_DOMAIN_ID': '193', 'AMENT_PREFIX_PATH': '/data/rl_deploy/install/robot_msgs:/data/rl_deploy/install/node_app_msgs:/data/rl_deploy/install/node_control_msgs:/opt/ros/humble', 'SHELL': '/bin/bash', 'LC_NAME': 'zh_CN.UTF-8', 'LESSCLOSE': '/usr/bin/lesspipe %s %s', 'LC_MEASUREMENT': 'zh_CN.UTF-8', 'LC_IDENTIFICATION': 'zh_CN.UTF-8', 'VSCODE_GIT_ASKPASS_EXTRA_ARGS': '', 'JETSON_CUDA_ARCH_BIN': '8.7', 'PWD': '/data/rl_deploy/build/robot_rl_controller', 'LC_ALL': 'en_US.UTF-8', 'SSH_CONNECTION': '192.168.8.113 50272 192.168.8.111 22', 'XDG_DATA_DIRS': '/usr/share/gnome:/usr/local/share:/usr/share:/var/lib/snapd/desktop', 'PYTHONPATH': '/data/rl_deploy/build/robot_rl_controller/prefix_override:/usr/lib/python3/dist-packages/colcon_core/task/python/colcon_distutils_commands:/data/rl_deploy/install/robot_rl_controller/lib/python3.10/site-packages:/data/rl_deploy/install/robot_msgs/local/lib/python3.10/dist-packages:/data/rl_deploy/install/node_app_msgs/local/lib/python3.10/dist-packages:/data/rl_deploy/install/node_control_msgs/local/lib/python3.10/dist-packages:/opt/ros/humble/lib/python3.10/site-packages:/opt/ros/humble/local/lib/python3.10/dist-packages', 'LC_NUMERIC': 'zh_CN.UTF-8', 'LC_PAPER': 'zh_CN.UTF-8', 'COLCON': '1', 'JETSON_JETPACK': '6.2.1', 'JETSON_P_NUMBER': 'p3767-0000', 'CMAKE_PREFIX_PATH': '/data/rl_deploy/install/robot_msgs:/data/rl_deploy/install/node_app_msgs:/data/rl_deploy/install/node_control_msgs'}, 'shell': False}
[3.933832] (-) TimerEvent: {}
[4.034295] (-) TimerEvent: {}
[4.134766] (-) TimerEvent: {}
[4.235217] (-) TimerEvent: {}
[4.335674] (-) TimerEvent: {}
[4.363173] (robot_rl_controller) StdoutLine: {'line': b'running egg_info\n'}
[4.364704] (robot_rl_controller) StdoutLine: {'line': b'writing ../../build/robot_rl_controller/robot_rl_controller.egg-info/PKG-INFO\n'}
[4.365201] (robot_rl_controller) StdoutLine: {'line': b'writing dependency_links to ../../build/robot_rl_controller/robot_rl_controller.egg-info/dependency_links.txt\n'}
[4.365640] (robot_rl_controller) StdoutLine: {'line': b'writing entry points to ../../build/robot_rl_controller/robot_rl_controller.egg-info/entry_points.txt\n'}
[4.366022] (robot_rl_controller) StdoutLine: {'line': b'writing requirements to ../../build/robot_rl_controller/robot_rl_controller.egg-info/requires.txt\n'}
[4.366196] (robot_rl_controller) StdoutLine: {'line': b'writing top-level names to ../../build/robot_rl_controller/robot_rl_controller.egg-info/top_level.txt\n'}
[4.370173] (robot_rl_controller) StdoutLine: {'line': b"reading manifest file '../../build/robot_rl_controller/robot_rl_controller.egg-info/SOURCES.txt'\n"}
[4.372236] (robot_rl_controller) StdoutLine: {'line': b"writing manifest file '../../build/robot_rl_controller/robot_rl_controller.egg-info/SOURCES.txt'\n"}
[4.373339] (robot_rl_controller) StdoutLine: {'line': b'running build\n'}
[4.373747] (robot_rl_controller) StdoutLine: {'line': b'running build_py\n'}
[4.373919] (robot_rl_controller) StdoutLine: {'line': b'running install\n'}
[4.374138] (robot_rl_controller) StdoutLine: {'line': b'running install_lib\n'}
[4.377228] (robot_rl_controller) StdoutLine: {'line': b'running install_data\n'}
[4.378202] (robot_rl_controller) StdoutLine: {'line': b'running install_egg_info\n'}
[4.381999] (robot_rl_controller) StdoutLine: {'line': b"removing '/data/rl_deploy/install/robot_rl_controller/lib/python3.10/site-packages/robot_rl_controller-0.0.0-py3.10.egg-info' (and everything under it)\n"}
[4.382771] (robot_rl_controller) StdoutLine: {'line': b'Copying ../../build/robot_rl_controller/robot_rl_controller.egg-info to /data/rl_deploy/install/robot_rl_controller/lib/python3.10/site-packages/robot_rl_controller-0.0.0-py3.10.egg-info\n'}
[4.384877] (robot_rl_controller) StdoutLine: {'line': b'running install_scripts\n'}
[4.425894] (robot_rl_controller) StdoutLine: {'line': b'Installing action_robot_controller script to /data/rl_deploy/install/robot_rl_controller/lib/robot_rl_controller\n'}
[4.426373] (robot_rl_controller) StdoutLine: {'line': b'Installing dance_robot_controller script to /data/rl_deploy/install/robot_rl_controller/lib/robot_rl_controller\n'}
[4.426737] (robot_rl_controller) StdoutLine: {'line': b'Installing s_waist_15_action_robot_controller script to /data/rl_deploy/install/robot_rl_controller/lib/robot_rl_controller\n'}
[4.427062] (robot_rl_controller) StdoutLine: {'line': b'Installing waist_15_action_robot_controller script to /data/rl_deploy/install/robot_rl_controller/lib/robot_rl_controller\n'}
[4.427761] (robot_rl_controller) StdoutLine: {'line': b"writing list of installed files to '/data/rl_deploy/build/robot_rl_controller/install.log'\n"}
[4.435798] (-) TimerEvent: {}
[4.494503] (robot_rl_controller) CommandEnded: {'returncode': 0}
[4.510547] (robot_rl_controller) JobEnded: {'identifier': 'robot_rl_controller', 'rc': 0}
[4.512291] (-) EventReactorShutdown: {}
