[0.000000] (-) TimerEvent: {}
[0.000944] (node_control_msgs) JobQueued: {'identifier': 'node_control_msgs', 'dependencies': OrderedDict()}
[0.001189] (node_driver_msgs) JobQueued: {'identifier': 'node_driver_msgs', 'dependencies': OrderedDict()}
[0.001425] (node_app_msgs) JobQueued: {'identifier': 'node_app_msgs', 'dependencies': OrderedDict([('node_control_msgs', '/data/rl_deploy/install/node_control_msgs')])}
[0.001521] (robot_msgs) JobQueued: {'identifier': 'robot_msgs', 'dependencies': OrderedDict([('node_control_msgs', '/data/rl_deploy/install/node_control_msgs')])}
[0.001573] (robot_rl_controller) JobQueued: {'identifier': 'robot_rl_controller', 'dependencies': OrderedDict([('node_control_msgs', '/data/rl_deploy/install/node_control_msgs'), ('node_app_msgs', '/data/rl_deploy/install/node_app_msgs'), ('robot_msgs', '/data/rl_deploy/install/robot_msgs')])}
[0.001672] (robot_state) JobQueued: {'identifier': 'robot_state', 'dependencies': OrderedDict([('node_control_msgs', '/data/rl_deploy/install/node_control_msgs'), ('robot_msgs', '/data/rl_deploy/install/robot_msgs')])}
[0.001768] (node_control_msgs) JobStarted: {'identifier': 'node_control_msgs'}
[0.010067] (node_driver_msgs) JobStarted: {'identifier': 'node_driver_msgs'}
[0.016983] (node_control_msgs) JobProgress: {'identifier': 'node_control_msgs', 'progress': 'cmake'}
[0.018629] (node_control_msgs) JobProgress: {'identifier': 'node_control_msgs', 'progress': 'build'}
[0.020053] (node_control_msgs) Command: {'cmd': ['/usr/local/bin/cmake', '--build', '/data/rl_deploy/build/node_control_msgs', '--', '-j8', '-l8'], 'cwd': '/data/rl_deploy/build/node_control_msgs', 'env': OrderedDict([('LESSOPEN', '| /usr/bin/lesspipe %s'), ('USER', 'root'), ('SSH_CLIENT', '192.168.8.113 50272 22'), ('LC_TIME', 'zh_CN.UTF-8'), ('XDG_SESSION_TYPE', 'tty'), ('GIT_ASKPASS', '/root/.vscode-server/cli/servers/Stable-61b3d0ab13be7dda2389f1d3e60a119c7f660cc3/server/extensions/git/dist/askpass.sh'), ('SHLVL', '2'), ('LD_LIBRARY_PATH', '/opt/ros/humble/lib/aarch64-linux-gnu:/opt/ros/humble/lib::/app/lib:/app/lib:/usr/local/cuda-12/lib64:/usr/local/cuda-12/lib64:/usr/local/cuda-12/lib64'), ('BROWSER', '/root/.vscode-server/cli/servers/Stable-61b3d0ab13be7dda2389f1d3e60a119c7f660cc3/server/bin/helpers/browser.sh'), ('LYOS_LOCALHOST_ONLY', '1'), ('MOTD_SHOWN', 'pam'), ('HOME', '/root'), ('OLDPWD', '/root/.vscode-server'), ('TERM_PROGRAM_VERSION', '1.110.1'), ('VSCODE_IPC_HOOK_CLI', '/run/user/0/vscode-ipc-2d12e5c4-ef4a-4996-a4ea-3ebfab8c4620.sock'), ('JETSON_L4T', '36.4.4'), ('ROS_PYTHON_VERSION', '3'), ('JETSON_MODEL', 'NVIDIA Jetson Orin NX Engineering Reference Developer Kit Super'), ('VSCODE_GIT_ASKPASS_MAIN', '/root/.vscode-server/cli/servers/Stable-61b3d0ab13be7dda2389f1d3e60a119c7f660cc3/server/extensions/git/dist/askpass-main.js'), ('LC_MONETARY', 'zh_CN.UTF-8'), ('VSCODE_GIT_ASKPASS_NODE', '/root/.vscode-server/cli/servers/Stable-61b3d0ab13be7dda2389f1d3e60a119c7f660cc3/server/node'), ('VSCODE_PYTHON_AUTOACTIVATE_GUARD', '1'), ('DBUS_SESSION_BUS_ADDRESS', 'unix:path=/run/user/0/bus'), ('COLORTERM', 'truecolor'), ('LYOS_DOMAIN_ID', '18:45:b3:02:00:08'), ('DEBUGINFOD_URLS', ''), ('ROS_DISTRO', 'humble'), ('LOGNAME', 'root'), ('JETSON_MODULE', 'NVIDIA Jetson Orin NX (16GB ram)'), ('JETSON_SERIAL_NUMBER', 'DummySN'), ('_', '/usr/bin/colcon'), ('ROS_VERSION', '2'), ('XDG_SESSION_CLASS', 'user'), ('TERM', 'xterm-256color'), ('XDG_SESSION_ID', '5'), ('ROS_LOCALHOST_ONLY', '1'), ('PATH', '/root/.vscode-server/cli/servers/Stable-61b3d0ab13be7dda2389f1d3e60a119c7f660cc3/server/bin/remote-cli:/opt/ros/humble/bin:/usr/local/sbin:/usr/local/bin:/usr/sbin:/usr/bin:/sbin:/bin:/usr/games:/usr/local/games:/snap/bin:/app/bin:/app/bin:/usr/local/cuda-12/bin:/usr/local/cuda-12/bin:/usr/local/cuda-12/bin'), ('LC_ADDRESS', 'zh_CN.UTF-8'), ('XDG_RUNTIME_DIR', '/run/user/0'), ('LANG', 'en_US.UTF-8'), ('LC_TELEPHONE', 'zh_CN.UTF-8'), ('LS_COLORS', 'rs=0:di=01;34:ln=01;36:mh=00:pi=40;33:so=01;35:do=01;35:bd=40;33;01:cd=40;33;01:or=40;31;01:mi=00:su=37;41:sg=30;43:ca=30;41:tw=30;42:ow=34;42:st=37;44:ex=01;32:*.tar=01;31:*.tgz=01;31:*.arc=01;31:*.arj=01;31:*.taz=01;31:*.lha=01;31:*.lz4=01;31:*.lzh=01;31:*.lzma=01;31:*.tlz=01;31:*.txz=01;31:*.tzo=01;31:*.t7z=01;31:*.zip=01;31:*.z=01;31:*.dz=01;31:*.gz=01;31:*.lrz=01;31:*.lz=01;31:*.lzo=01;31:*.xz=01;31:*.zst=01;31:*.tzst=01;31:*.bz2=01;31:*.bz=01;31:*.tbz=01;31:*.tbz2=01;31:*.tz=01;31:*.deb=01;31:*.rpm=01;31:*.jar=01;31:*.war=01;31:*.ear=01;31:*.sar=01;31:*.rar=01;31:*.alz=01;31:*.ace=01;31:*.zoo=01;31:*.cpio=01;31:*.7z=01;31:*.rz=01;31:*.cab=01;31:*.wim=01;31:*.swm=01;31:*.dwm=01;31:*.esd=01;31:*.jpg=01;35:*.jpeg=01;35:*.mjpg=01;35:*.mjpeg=01;35:*.gif=01;35:*.bmp=01;35:*.pbm=01;35:*.pgm=01;35:*.ppm=01;35:*.tga=01;35:*.xbm=01;35:*.xpm=01;35:*.tif=01;35:*.tiff=01;35:*.png=01;35:*.svg=01;35:*.svgz=01;35:*.mng=01;35:*.pcx=01;35:*.mov=01;35:*.mpg=01;35:*.mpeg=01;35:*.m2v=01;35:*.mkv=01;35:*.webm=01;35:*.webp=01;35:*.ogm=01;35:*.mp4=01;35:*.m4v=01;35:*.mp4v=01;35:*.vob=01;35:*.qt=01;35:*.nuv=01;35:*.wmv=01;35:*.asf=01;35:*.rm=01;35:*.rmvb=01;35:*.flc=01;35:*.avi=01;35:*.fli=01;35:*.flv=01;35:*.gl=01;35:*.dl=01;35:*.xcf=01;35:*.xwd=01;35:*.yuv=01;35:*.cgm=01;35:*.emf=01;35:*.ogv=01;35:*.ogx=01;35:*.aac=00;36:*.au=00;36:*.flac=00;36:*.m4a=00;36:*.mid=00;36:*.midi=00;36:*.mka=00;36:*.mp3=00;36:*.mpc=00;36:*.ogg=00;36:*.ra=00;36:*.wav=00;36:*.oga=00;36:*.opus=00;36:*.spx=00;36:*.xspf=00;36:'), ('JETSON_SOC', 'tegra234'), ('VSCODE_GIT_IPC_HANDLE', '/run/user/0/vscode-git-994ffc2805.sock'), ('TERM_PROGRAM', 'vscode'), ('ROSDISTRO_INDEX_URL', 'https://mirrors.tuna.tsinghua.edu.cn/rosdistro/index_v4.yaml'), ('ROS_DOMAIN_ID', '193'), ('AMENT_PREFIX_PATH', '/opt/ros/humble'), ('SHELL', '/bin/bash'), ('LC_NAME', 'zh_CN.UTF-8'), ('LESSCLOSE', '/usr/bin/lesspipe %s %s'), ('LC_MEASUREMENT', 'zh_CN.UTF-8'), ('LC_IDENTIFICATION', 'zh_CN.UTF-8'), ('VSCODE_GIT_ASKPASS_EXTRA_ARGS', ''), ('JETSON_CUDA_ARCH_BIN', '8.7'), ('PWD', '/data/rl_deploy/build/node_control_msgs'), ('LC_ALL', 'en_US.UTF-8'), ('SSH_CONNECTION', '192.168.8.113 50272 192.168.8.111 22'), ('XDG_DATA_DIRS', '/usr/share/gnome:/usr/local/share:/usr/share:/var/lib/snapd/desktop'), ('PYTHONPATH', '/opt/ros/humble/lib/python3.10/site-packages:/opt/ros/humble/local/lib/python3.10/dist-packages'), ('LC_NUMERIC', 'zh_CN.UTF-8'), ('LC_PAPER', 'zh_CN.UTF-8'), ('COLCON', '1'), ('JETSON_JETPACK', '6.2.1'), ('JETSON_P_NUMBER', 'p3767-0000'), ('CMAKE_PREFIX_PATH', '/opt/ros/humble')]), 'shell': False}
[0.027132] (node_driver_msgs) JobProgress: {'identifier': 'node_driver_msgs', 'progress': 'cmake'}
[0.028544] (node_driver_msgs) JobProgress: {'identifier': 'node_driver_msgs', 'progress': 'build'}
[0.029121] (node_driver_msgs) Command: {'cmd': ['/usr/local/bin/cmake', '--build', '/data/rl_deploy/build/node_driver_msgs', '--', '-j8', '-l8'], 'cwd': '/data/rl_deploy/build/node_driver_msgs', 'env': OrderedDict([('LESSOPEN', '| /usr/bin/lesspipe %s'), ('USER', 'root'), ('SSH_CLIENT', '192.168.8.113 50272 22'), ('LC_TIME', 'zh_CN.UTF-8'), ('XDG_SESSION_TYPE', 'tty'), ('GIT_ASKPASS', '/root/.vscode-server/cli/servers/Stable-61b3d0ab13be7dda2389f1d3e60a119c7f660cc3/server/extensions/git/dist/askpass.sh'), ('SHLVL', '2'), ('LD_LIBRARY_PATH', '/opt/ros/humble/lib/aarch64-linux-gnu:/opt/ros/humble/lib::/app/lib:/app/lib:/usr/local/cuda-12/lib64:/usr/local/cuda-12/lib64:/usr/local/cuda-12/lib64'), ('BROWSER', '/root/.vscode-server/cli/servers/Stable-61b3d0ab13be7dda2389f1d3e60a119c7f660cc3/server/bin/helpers/browser.sh'), ('LYOS_LOCALHOST_ONLY', '1'), ('MOTD_SHOWN', 'pam'), ('HOME', '/root'), ('OLDPWD', '/root/.vscode-server'), ('TERM_PROGRAM_VERSION', '1.110.1'), ('VSCODE_IPC_HOOK_CLI', '/run/user/0/vscode-ipc-2d12e5c4-ef4a-4996-a4ea-3ebfab8c4620.sock'), ('JETSON_L4T', '36.4.4'), ('ROS_PYTHON_VERSION', '3'), ('JETSON_MODEL', 'NVIDIA Jetson Orin NX Engineering Reference Developer Kit Super'), ('VSCODE_GIT_ASKPASS_MAIN', '/root/.vscode-server/cli/servers/Stable-61b3d0ab13be7dda2389f1d3e60a119c7f660cc3/server/extensions/git/dist/askpass-main.js'), ('LC_MONETARY', 'zh_CN.UTF-8'), ('VSCODE_GIT_ASKPASS_NODE', '/root/.vscode-server/cli/servers/Stable-61b3d0ab13be7dda2389f1d3e60a119c7f660cc3/server/node'), ('VSCODE_PYTHON_AUTOACTIVATE_GUARD', '1'), ('DBUS_SESSION_BUS_ADDRESS', 'unix:path=/run/user/0/bus'), ('COLORTERM', 'truecolor'), ('LYOS_DOMAIN_ID', '18:45:b3:02:00:08'), ('DEBUGINFOD_URLS', ''), ('ROS_DISTRO', 'humble'), ('LOGNAME', 'root'), ('JETSON_MODULE', 'NVIDIA Jetson Orin NX (16GB ram)'), ('JETSON_SERIAL_NUMBER', 'DummySN'), ('_', '/usr/bin/colcon'), ('ROS_VERSION', '2'), ('XDG_SESSION_CLASS', 'user'), ('TERM', 'xterm-256color'), ('XDG_SESSION_ID', '5'), ('ROS_LOCALHOST_ONLY', '1'), ('PATH', '/root/.vscode-server/cli/servers/Stable-61b3d0ab13be7dda2389f1d3e60a119c7f660cc3/server/bin/remote-cli:/opt/ros/humble/bin:/usr/local/sbin:/usr/local/bin:/usr/sbin:/usr/bin:/sbin:/bin:/usr/games:/usr/local/games:/snap/bin:/app/bin:/app/bin:/usr/local/cuda-12/bin:/usr/local/cuda-12/bin:/usr/local/cuda-12/bin'), ('LC_ADDRESS', 'zh_CN.UTF-8'), ('XDG_RUNTIME_DIR', '/run/user/0'), ('LANG', 'en_US.UTF-8'), ('LC_TELEPHONE', 'zh_CN.UTF-8'), ('LS_COLORS', 'rs=0:di=01;34:ln=01;36:mh=00:pi=40;33:so=01;35:do=01;35:bd=40;33;01:cd=40;33;01:or=40;31;01:mi=00:su=37;41:sg=30;43:ca=30;41:tw=30;42:ow=34;42:st=37;44:ex=01;32:*.tar=01;31:*.tgz=01;31:*.arc=01;31:*.arj=01;31:*.taz=01;31:*.lha=01;31:*.lz4=01;31:*.lzh=01;31:*.lzma=01;31:*.tlz=01;31:*.txz=01;31:*.tzo=01;31:*.t7z=01;31:*.zip=01;31:*.z=01;31:*.dz=01;31:*.gz=01;31:*.lrz=01;31:*.lz=01;31:*.lzo=01;31:*.xz=01;31:*.zst=01;31:*.tzst=01;31:*.bz2=01;31:*.bz=01;31:*.tbz=01;31:*.tbz2=01;31:*.tz=01;31:*.deb=01;31:*.rpm=01;31:*.jar=01;31:*.war=01;31:*.ear=01;31:*.sar=01;31:*.rar=01;31:*.alz=01;31:*.ace=01;31:*.zoo=01;31:*.cpio=01;31:*.7z=01;31:*.rz=01;31:*.cab=01;31:*.wim=01;31:*.swm=01;31:*.dwm=01;31:*.esd=01;31:*.jpg=01;35:*.jpeg=01;35:*.mjpg=01;35:*.mjpeg=01;35:*.gif=01;35:*.bmp=01;35:*.pbm=01;35:*.pgm=01;35:*.ppm=01;35:*.tga=01;35:*.xbm=01;35:*.xpm=01;35:*.tif=01;35:*.tiff=01;35:*.png=01;35:*.svg=01;35:*.svgz=01;35:*.mng=01;35:*.pcx=01;35:*.mov=01;35:*.mpg=01;35:*.mpeg=01;35:*.m2v=01;35:*.mkv=01;35:*.webm=01;35:*.webp=01;35:*.ogm=01;35:*.mp4=01;35:*.m4v=01;35:*.mp4v=01;35:*.vob=01;35:*.qt=01;35:*.nuv=01;35:*.wmv=01;35:*.asf=01;35:*.rm=01;35:*.rmvb=01;35:*.flc=01;35:*.avi=01;35:*.fli=01;35:*.flv=01;35:*.gl=01;35:*.dl=01;35:*.xcf=01;35:*.xwd=01;35:*.yuv=01;35:*.cgm=01;35:*.emf=01;35:*.ogv=01;35:*.ogx=01;35:*.aac=00;36:*.au=00;36:*.flac=00;36:*.m4a=00;36:*.mid=00;36:*.midi=00;36:*.mka=00;36:*.mp3=00;36:*.mpc=00;36:*.ogg=00;36:*.ra=00;36:*.wav=00;36:*.oga=00;36:*.opus=00;36:*.spx=00;36:*.xspf=00;36:'), ('JETSON_SOC', 'tegra234'), ('VSCODE_GIT_IPC_HANDLE', '/run/user/0/vscode-git-994ffc2805.sock'), ('TERM_PROGRAM', 'vscode'), ('ROSDISTRO_INDEX_URL', 'https://mirrors.tuna.tsinghua.edu.cn/rosdistro/index_v4.yaml'), ('ROS_DOMAIN_ID', '193'), ('AMENT_PREFIX_PATH', '/opt/ros/humble'), ('SHELL', '/bin/bash'), ('LC_NAME', 'zh_CN.UTF-8'), ('LESSCLOSE', '/usr/bin/lesspipe %s %s'), ('LC_MEASUREMENT', 'zh_CN.UTF-8'), ('LC_IDENTIFICATION', 'zh_CN.UTF-8'), ('VSCODE_GIT_ASKPASS_EXTRA_ARGS', ''), ('JETSON_CUDA_ARCH_BIN', '8.7'), ('PWD', '/data/rl_deploy/build/node_driver_msgs'), ('LC_ALL', 'en_US.UTF-8'), ('SSH_CONNECTION', '192.168.8.113 50272 192.168.8.111 22'), ('XDG_DATA_DIRS', '/usr/share/gnome:/usr/local/share:/usr/share:/var/lib/snapd/desktop'), ('PYTHONPATH', '/opt/ros/humble/lib/python3.10/site-packages:/opt/ros/humble/local/lib/python3.10/dist-packages'), ('LC_NUMERIC', 'zh_CN.UTF-8'), ('LC_PAPER', 'zh_CN.UTF-8'), ('COLCON', '1'), ('JETSON_JETPACK', '6.2.1'), ('JETSON_P_NUMBER', 'p3767-0000'), ('CMAKE_PREFIX_PATH', '/opt/ros/humble')]), 'shell': False}
[0.099349] (-) TimerEvent: {}
[0.200042] (-) TimerEvent: {}
[0.204508] (node_control_msgs) StdoutLine: {'line': b'[  1%] Built target node_control_msgs__rs\n'}
[0.207120] (node_control_msgs) StdoutLine: {'line': b'[  1%] Built target node_control_msgs__cpp\n'}
[0.214187] (node_driver_msgs) StdoutLine: {'line': b'[  5%] Built target node_driver_msgs__cpp\n'}
[0.214888] (node_control_msgs) StdoutLine: {'line': b'[ 13%] Built target node_control_msgs__rosidl_generator_c\n'}
[0.215571] (node_driver_msgs) StdoutLine: {'line': b'[ 15%] Built target node_driver_msgs__rosidl_generator_c\n'}
[0.228108] (node_driver_msgs) StdoutLine: {'line': b'[ 15%] Built target node_driver_msgs__rs\n'}
[0.232199] (node_driver_msgs) StdoutLine: {'line': b'[ 15%] Built target ament_cmake_python_copy_node_driver_msgs\n'}
[0.240260] (node_control_msgs) StdoutLine: {'line': b'[ 13%] Built target ament_cmake_python_copy_node_control_msgs\n'}
[0.252712] (node_control_msgs) StdoutLine: {'line': b'[ 25%] Built target node_control_msgs__rosidl_typesupport_cpp\n'}
[0.261028] (node_driver_msgs) StdoutLine: {'line': b'[ 25%] Built target node_driver_msgs__rosidl_typesupport_fastrtps_cpp\n'}
[0.266962] (node_driver_msgs) StdoutLine: {'line': b'[ 35%] Built target node_driver_msgs__rosidl_typesupport_cpp\n'}
[0.275372] (node_driver_msgs) StdoutLine: {'line': b'[ 45%] Built target node_driver_msgs__rosidl_typesupport_introspection_cpp\n'}
[0.279507] (node_control_msgs) StdoutLine: {'line': b'[ 36%] Built target node_control_msgs__rosidl_typesupport_introspection_c\n'}
[0.284316] (node_driver_msgs) StdoutLine: {'line': b'[ 55%] Built target node_driver_msgs__rosidl_typesupport_introspection_c\n'}
[0.285114] (node_control_msgs) StdoutLine: {'line': b'[ 51%] Built target node_control_msgs__rosidl_typesupport_c\n'}
[0.287039] (node_control_msgs) StdoutLine: {'line': b'[ 63%] Built target node_control_msgs__rosidl_typesupport_fastrtps_cpp\n'}
[0.290498] (node_control_msgs) StdoutLine: {'line': b'[ 78%] Built target node_control_msgs__rosidl_typesupport_introspection_cpp\n'}
[0.293607] (node_control_msgs) StdoutLine: {'line': b'[ 82%] Built target node_control_msgs__rosidl_typesupport_fastrtps_c\n'}
[0.297381] (node_driver_msgs) StdoutLine: {'line': b'[ 65%] Built target node_driver_msgs__rosidl_typesupport_c\n'}
[0.300165] (-) TimerEvent: {}
[0.310569] (node_driver_msgs) StdoutLine: {'line': b'[ 75%] Built target node_driver_msgs__rosidl_typesupport_fastrtps_c\n'}
[0.315592] (node_control_msgs) StdoutLine: {'line': b'[ 82%] Built target node_control_msgs\n'}
[0.340117] (node_driver_msgs) StdoutLine: {'line': b'[ 75%] Built target node_driver_msgs\n'}
[0.340511] (node_control_msgs) StdoutLine: {'line': b'[ 83%] Built target node_control_msgs__py\n'}
[0.362679] (node_driver_msgs) StdoutLine: {'line': b'[ 77%] Built target node_driver_msgs__py\n'}
[0.373703] (node_control_msgs) StdoutLine: {'line': b'[ 94%] Built target node_control_msgs__rosidl_generator_py\n'}
[0.389614] (node_driver_msgs) StdoutLine: {'line': b'[ 85%] Built target node_driver_msgs__rosidl_generator_py\n'}
[0.400224] (node_control_msgs) StdoutLine: {'line': b'[ 96%] Built target node_control_msgs__rosidl_typesupport_introspection_c__pyext\n'}
[0.400681] (-) TimerEvent: {}
[0.403669] (node_control_msgs) StdoutLine: {'line': b'[ 98%] Built target node_control_msgs__rosidl_typesupport_c__pyext\n'}
[0.406298] (node_control_msgs) StdoutLine: {'line': b'[100%] Built target node_control_msgs__rosidl_typesupport_fastrtps_c__pyext\n'}
[0.416054] (node_driver_msgs) StdoutLine: {'line': b'[ 90%] Built target node_driver_msgs__rosidl_typesupport_fastrtps_c__pyext\n'}
[0.426280] (node_driver_msgs) StdoutLine: {'line': b'[ 95%] Built target node_driver_msgs__rosidl_typesupport_c__pyext\n'}
[0.428567] (node_driver_msgs) StdoutLine: {'line': b'[100%] Built target node_driver_msgs__rosidl_typesupport_introspection_c__pyext\n'}
[0.500832] (-) TimerEvent: {}
[0.601311] (-) TimerEvent: {}
[0.676416] (node_control_msgs) StdoutLine: {'line': b'running egg_info\n'}
[0.678054] (node_control_msgs) StdoutLine: {'line': b'writing node_control_msgs.egg-info/PKG-INFO\n'}
[0.678490] (node_control_msgs) StdoutLine: {'line': b'writing dependency_links to node_control_msgs.egg-info/dependency_links.txt\n'}
[0.678885] (node_control_msgs) StdoutLine: {'line': b'writing top-level names to node_control_msgs.egg-info/top_level.txt\n'}
[0.683517] (node_control_msgs) StdoutLine: {'line': b"reading manifest file 'node_control_msgs.egg-info/SOURCES.txt'\n"}
[0.684743] (node_control_msgs) StdoutLine: {'line': b"writing manifest file 'node_control_msgs.egg-info/SOURCES.txt'\n"}
[0.701431] (-) TimerEvent: {}
[0.741029] (node_control_msgs) StdoutLine: {'line': b'[100%] Built target ament_cmake_python_build_node_control_msgs_egg\n'}
[0.756576] (node_control_msgs) CommandEnded: {'returncode': 0}
[0.758892] (node_control_msgs) JobProgress: {'identifier': 'node_control_msgs', 'progress': 'install'}
[0.794906] (node_driver_msgs) StdoutLine: {'line': b'running egg_info\n'}
[0.796900] (node_driver_msgs) StdoutLine: {'line': b'writing node_driver_msgs.egg-info/PKG-INFO\n'}
[0.797837] (node_driver_msgs) StdoutLine: {'line': b'writing dependency_links to node_driver_msgs.egg-info/dependency_links.txt\n'}
[0.798176] (node_driver_msgs) StdoutLine: {'line': b'writing top-level names to node_driver_msgs.egg-info/top_level.txt\n'}
[0.801574] (-) TimerEvent: {}
[0.803644] (node_driver_msgs) StdoutLine: {'line': b"reading manifest file 'node_driver_msgs.egg-info/SOURCES.txt'\n"}
[0.804854] (node_driver_msgs) StdoutLine: {'line': b"writing manifest file 'node_driver_msgs.egg-info/SOURCES.txt'\n"}
[0.866863] (node_driver_msgs) StdoutLine: {'line': b'[100%] Built target ament_cmake_python_build_node_driver_msgs_egg\n'}
[0.901656] (-) TimerEvent: {}
[0.903578] (node_control_msgs) Command: {'cmd': ['/usr/local/bin/cmake', '--install', '/data/rl_deploy/build/node_control_msgs'], 'cwd': '/data/rl_deploy/build/node_control_msgs', 'env': OrderedDict([('LESSOPEN', '| /usr/bin/lesspipe %s'), ('USER', 'root'), ('SSH_CLIENT', '192.168.8.113 50272 22'), ('LC_TIME', 'zh_CN.UTF-8'), ('XDG_SESSION_TYPE', 'tty'), ('GIT_ASKPASS', '/root/.vscode-server/cli/servers/Stable-61b3d0ab13be7dda2389f1d3e60a119c7f660cc3/server/extensions/git/dist/askpass.sh'), ('SHLVL', '2'), ('LD_LIBRARY_PATH', '/opt/ros/humble/lib/aarch64-linux-gnu:/opt/ros/humble/lib::/app/lib:/app/lib:/usr/local/cuda-12/lib64:/usr/local/cuda-12/lib64:/usr/local/cuda-12/lib64'), ('BROWSER', '/root/.vscode-server/cli/servers/Stable-61b3d0ab13be7dda2389f1d3e60a119c7f660cc3/server/bin/helpers/browser.sh'), ('LYOS_LOCALHOST_ONLY', '1'), ('MOTD_SHOWN', 'pam'), ('HOME', '/root'), ('OLDPWD', '/root/.vscode-server'), ('TERM_PROGRAM_VERSION', '1.110.1'), ('VSCODE_IPC_HOOK_CLI', '/run/user/0/vscode-ipc-2d12e5c4-ef4a-4996-a4ea-3ebfab8c4620.sock'), ('JETSON_L4T', '36.4.4'), ('ROS_PYTHON_VERSION', '3'), ('JETSON_MODEL', 'NVIDIA Jetson Orin NX Engineering Reference Developer Kit Super'), ('VSCODE_GIT_ASKPASS_MAIN', '/root/.vscode-server/cli/servers/Stable-61b3d0ab13be7dda2389f1d3e60a119c7f660cc3/server/extensions/git/dist/askpass-main.js'), ('LC_MONETARY', 'zh_CN.UTF-8'), ('VSCODE_GIT_ASKPASS_NODE', '/root/.vscode-server/cli/servers/Stable-61b3d0ab13be7dda2389f1d3e60a119c7f660cc3/server/node'), ('VSCODE_PYTHON_AUTOACTIVATE_GUARD', '1'), ('DBUS_SESSION_BUS_ADDRESS', 'unix:path=/run/user/0/bus'), ('COLORTERM', 'truecolor'), ('LYOS_DOMAIN_ID', '18:45:b3:02:00:08'), ('DEBUGINFOD_URLS', ''), ('ROS_DISTRO', 'humble'), ('LOGNAME', 'root'), ('JETSON_MODULE', 'NVIDIA Jetson Orin NX (16GB ram)'), ('JETSON_SERIAL_NUMBER', 'DummySN'), ('_', '/usr/bin/colcon'), ('ROS_VERSION', '2'), ('XDG_SESSION_CLASS', 'user'), ('TERM', 'xterm-256color'), ('XDG_SESSION_ID', '5'), ('ROS_LOCALHOST_ONLY', '1'), ('PATH', '/root/.vscode-server/cli/servers/Stable-61b3d0ab13be7dda2389f1d3e60a119c7f660cc3/server/bin/remote-cli:/opt/ros/humble/bin:/usr/local/sbin:/usr/local/bin:/usr/sbin:/usr/bin:/sbin:/bin:/usr/games:/usr/local/games:/snap/bin:/app/bin:/app/bin:/usr/local/cuda-12/bin:/usr/local/cuda-12/bin:/usr/local/cuda-12/bin'), ('LC_ADDRESS', 'zh_CN.UTF-8'), ('XDG_RUNTIME_DIR', '/run/user/0'), ('LANG', 'en_US.UTF-8'), ('LC_TELEPHONE', 'zh_CN.UTF-8'), ('LS_COLORS', 'rs=0:di=01;34:ln=01;36:mh=00:pi=40;33:so=01;35:do=01;35:bd=40;33;01:cd=40;33;01:or=40;31;01:mi=00:su=37;41:sg=30;43:ca=30;41:tw=30;42:ow=34;42:st=37;44:ex=01;32:*.tar=01;31:*.tgz=01;31:*.arc=01;31:*.arj=01;31:*.taz=01;31:*.lha=01;31:*.lz4=01;31:*.lzh=01;31:*.lzma=01;31:*.tlz=01;31:*.txz=01;31:*.tzo=01;31:*.t7z=01;31:*.zip=01;31:*.z=01;31:*.dz=01;31:*.gz=01;31:*.lrz=01;31:*.lz=01;31:*.lzo=01;31:*.xz=01;31:*.zst=01;31:*.tzst=01;31:*.bz2=01;31:*.bz=01;31:*.tbz=01;31:*.tbz2=01;31:*.tz=01;31:*.deb=01;31:*.rpm=01;31:*.jar=01;31:*.war=01;31:*.ear=01;31:*.sar=01;31:*.rar=01;31:*.alz=01;31:*.ace=01;31:*.zoo=01;31:*.cpio=01;31:*.7z=01;31:*.rz=01;31:*.cab=01;31:*.wim=01;31:*.swm=01;31:*.dwm=01;31:*.esd=01;31:*.jpg=01;35:*.jpeg=01;35:*.mjpg=01;35:*.mjpeg=01;35:*.gif=01;35:*.bmp=01;35:*.pbm=01;35:*.pgm=01;35:*.ppm=01;35:*.tga=01;35:*.xbm=01;35:*.xpm=01;35:*.tif=01;35:*.tiff=01;35:*.png=01;35:*.svg=01;35:*.svgz=01;35:*.mng=01;35:*.pcx=01;35:*.mov=01;35:*.mpg=01;35:*.mpeg=01;35:*.m2v=01;35:*.mkv=01;35:*.webm=01;35:*.webp=01;35:*.ogm=01;35:*.mp4=01;35:*.m4v=01;35:*.mp4v=01;35:*.vob=01;35:*.qt=01;35:*.nuv=01;35:*.wmv=01;35:*.asf=01;35:*.rm=01;35:*.rmvb=01;35:*.flc=01;35:*.avi=01;35:*.fli=01;35:*.flv=01;35:*.gl=01;35:*.dl=01;35:*.xcf=01;35:*.xwd=01;35:*.yuv=01;35:*.cgm=01;35:*.emf=01;35:*.ogv=01;35:*.ogx=01;35:*.aac=00;36:*.au=00;36:*.flac=00;36:*.m4a=00;36:*.mid=00;36:*.midi=00;36:*.mka=00;36:*.mp3=00;36:*.mpc=00;36:*.ogg=00;36:*.ra=00;36:*.wav=00;36:*.oga=00;36:*.opus=00;36:*.spx=00;36:*.xspf=00;36:'), ('JETSON_SOC', 'tegra234'), ('VSCODE_GIT_IPC_HANDLE', '/run/user/0/vscode-git-994ffc2805.sock'), ('TERM_PROGRAM', 'vscode'), ('ROSDISTRO_INDEX_URL', 'https://mirrors.tuna.tsinghua.edu.cn/rosdistro/index_v4.yaml'), ('ROS_DOMAIN_ID', '193'), ('AMENT_PREFIX_PATH', '/opt/ros/humble'), ('SHELL', '/bin/bash'), ('LC_NAME', 'zh_CN.UTF-8'), ('LESSCLOSE', '/usr/bin/lesspipe %s %s'), ('LC_MEASUREMENT', 'zh_CN.UTF-8'), ('LC_IDENTIFICATION', 'zh_CN.UTF-8'), ('VSCODE_GIT_ASKPASS_EXTRA_ARGS', ''), ('JETSON_CUDA_ARCH_BIN', '8.7'), ('PWD', '/data/rl_deploy/build/node_control_msgs'), ('LC_ALL', 'en_US.UTF-8'), ('SSH_CONNECTION', '192.168.8.113 50272 192.168.8.111 22'), ('XDG_DATA_DIRS', '/usr/share/gnome:/usr/local/share:/usr/share:/var/lib/snapd/desktop'), ('PYTHONPATH', '/opt/ros/humble/lib/python3.10/site-packages:/opt/ros/humble/local/lib/python3.10/dist-packages'), ('LC_NUMERIC', 'zh_CN.UTF-8'), ('LC_PAPER', 'zh_CN.UTF-8'), ('COLCON', '1'), ('JETSON_JETPACK', '6.2.1'), ('JETSON_P_NUMBER', 'p3767-0000'), ('CMAKE_PREFIX_PATH', '/opt/ros/humble')]), 'shell': False}
[0.906048] (node_driver_msgs) CommandEnded: {'returncode': 0}
[0.907341] (node_driver_msgs) JobProgress: {'identifier': 'node_driver_msgs', 'progress': 'install'}
[0.907796] (node_driver_msgs) Command: {'cmd': ['/usr/local/bin/cmake', '--install', '/data/rl_deploy/build/node_driver_msgs'], 'cwd': '/data/rl_deploy/build/node_driver_msgs', 'env': OrderedDict([('LESSOPEN', '| /usr/bin/lesspipe %s'), ('USER', 'root'), ('SSH_CLIENT', '192.168.8.113 50272 22'), ('LC_TIME', 'zh_CN.UTF-8'), ('XDG_SESSION_TYPE', 'tty'), ('GIT_ASKPASS', '/root/.vscode-server/cli/servers/Stable-61b3d0ab13be7dda2389f1d3e60a119c7f660cc3/server/extensions/git/dist/askpass.sh'), ('SHLVL', '2'), ('LD_LIBRARY_PATH', '/opt/ros/humble/lib/aarch64-linux-gnu:/opt/ros/humble/lib::/app/lib:/app/lib:/usr/local/cuda-12/lib64:/usr/local/cuda-12/lib64:/usr/local/cuda-12/lib64'), ('BROWSER', '/root/.vscode-server/cli/servers/Stable-61b3d0ab13be7dda2389f1d3e60a119c7f660cc3/server/bin/helpers/browser.sh'), ('LYOS_LOCALHOST_ONLY', '1'), ('MOTD_SHOWN', 'pam'), ('HOME', '/root'), ('OLDPWD', '/root/.vscode-server'), ('TERM_PROGRAM_VERSION', '1.110.1'), ('VSCODE_IPC_HOOK_CLI', '/run/user/0/vscode-ipc-2d12e5c4-ef4a-4996-a4ea-3ebfab8c4620.sock'), ('JETSON_L4T', '36.4.4'), ('ROS_PYTHON_VERSION', '3'), ('JETSON_MODEL', 'NVIDIA Jetson Orin NX Engineering Reference Developer Kit Super'), ('VSCODE_GIT_ASKPASS_MAIN', '/root/.vscode-server/cli/servers/Stable-61b3d0ab13be7dda2389f1d3e60a119c7f660cc3/server/extensions/git/dist/askpass-main.js'), ('LC_MONETARY', 'zh_CN.UTF-8'), ('VSCODE_GIT_ASKPASS_NODE', '/root/.vscode-server/cli/servers/Stable-61b3d0ab13be7dda2389f1d3e60a119c7f660cc3/server/node'), ('VSCODE_PYTHON_AUTOACTIVATE_GUARD', '1'), ('DBUS_SESSION_BUS_ADDRESS', 'unix:path=/run/user/0/bus'), ('COLORTERM', 'truecolor'), ('LYOS_DOMAIN_ID', '18:45:b3:02:00:08'), ('DEBUGINFOD_URLS', ''), ('ROS_DISTRO', 'humble'), ('LOGNAME', 'root'), ('JETSON_MODULE', 'NVIDIA Jetson Orin NX (16GB ram)'), ('JETSON_SERIAL_NUMBER', 'DummySN'), ('_', '/usr/bin/colcon'), ('ROS_VERSION', '2'), ('XDG_SESSION_CLASS', 'user'), ('TERM', 'xterm-256color'), ('XDG_SESSION_ID', '5'), ('ROS_LOCALHOST_ONLY', '1'), ('PATH', '/root/.vscode-server/cli/servers/Stable-61b3d0ab13be7dda2389f1d3e60a119c7f660cc3/server/bin/remote-cli:/opt/ros/humble/bin:/usr/local/sbin:/usr/local/bin:/usr/sbin:/usr/bin:/sbin:/bin:/usr/games:/usr/local/games:/snap/bin:/app/bin:/app/bin:/usr/local/cuda-12/bin:/usr/local/cuda-12/bin:/usr/local/cuda-12/bin'), ('LC_ADDRESS', 'zh_CN.UTF-8'), ('XDG_RUNTIME_DIR', '/run/user/0'), ('LANG', 'en_US.UTF-8'), ('LC_TELEPHONE', 'zh_CN.UTF-8'), ('LS_COLORS', 'rs=0:di=01;34:ln=01;36:mh=00:pi=40;33:so=01;35:do=01;35:bd=40;33;01:cd=40;33;01:or=40;31;01:mi=00:su=37;41:sg=30;43:ca=30;41:tw=30;42:ow=34;42:st=37;44:ex=01;32:*.tar=01;31:*.tgz=01;31:*.arc=01;31:*.arj=01;31:*.taz=01;31:*.lha=01;31:*.lz4=01;31:*.lzh=01;31:*.lzma=01;31:*.tlz=01;31:*.txz=01;31:*.tzo=01;31:*.t7z=01;31:*.zip=01;31:*.z=01;31:*.dz=01;31:*.gz=01;31:*.lrz=01;31:*.lz=01;31:*.lzo=01;31:*.xz=01;31:*.zst=01;31:*.tzst=01;31:*.bz2=01;31:*.bz=01;31:*.tbz=01;31:*.tbz2=01;31:*.tz=01;31:*.deb=01;31:*.rpm=01;31:*.jar=01;31:*.war=01;31:*.ear=01;31:*.sar=01;31:*.rar=01;31:*.alz=01;31:*.ace=01;31:*.zoo=01;31:*.cpio=01;31:*.7z=01;31:*.rz=01;31:*.cab=01;31:*.wim=01;31:*.swm=01;31:*.dwm=01;31:*.esd=01;31:*.jpg=01;35:*.jpeg=01;35:*.mjpg=01;35:*.mjpeg=01;35:*.gif=01;35:*.bmp=01;35:*.pbm=01;35:*.pgm=01;35:*.ppm=01;35:*.tga=01;35:*.xbm=01;35:*.xpm=01;35:*.tif=01;35:*.tiff=01;35:*.png=01;35:*.svg=01;35:*.svgz=01;35:*.mng=01;35:*.pcx=01;35:*.mov=01;35:*.mpg=01;35:*.mpeg=01;35:*.m2v=01;35:*.mkv=01;35:*.webm=01;35:*.webp=01;35:*.ogm=01;35:*.mp4=01;35:*.m4v=01;35:*.mp4v=01;35:*.vob=01;35:*.qt=01;35:*.nuv=01;35:*.wmv=01;35:*.asf=01;35:*.rm=01;35:*.rmvb=01;35:*.flc=01;35:*.avi=01;35:*.fli=01;35:*.flv=01;35:*.gl=01;35:*.dl=01;35:*.xcf=01;35:*.xwd=01;35:*.yuv=01;35:*.cgm=01;35:*.emf=01;35:*.ogv=01;35:*.ogx=01;35:*.aac=00;36:*.au=00;36:*.flac=00;36:*.m4a=00;36:*.mid=00;36:*.midi=00;36:*.mka=00;36:*.mp3=00;36:*.mpc=00;36:*.ogg=00;36:*.ra=00;36:*.wav=00;36:*.oga=00;36:*.opus=00;36:*.spx=00;36:*.xspf=00;36:'), ('JETSON_SOC', 'tegra234'), ('VSCODE_GIT_IPC_HANDLE', '/run/user/0/vscode-git-994ffc2805.sock'), ('TERM_PROGRAM', 'vscode'), ('ROSDISTRO_INDEX_URL', 'https://mirrors.tuna.tsinghua.edu.cn/rosdistro/index_v4.yaml'), ('ROS_DOMAIN_ID', '193'), ('AMENT_PREFIX_PATH', '/opt/ros/humble'), ('SHELL', '/bin/bash'), ('LC_NAME', 'zh_CN.UTF-8'), ('LESSCLOSE', '/usr/bin/lesspipe %s %s'), ('LC_MEASUREMENT', 'zh_CN.UTF-8'), ('LC_IDENTIFICATION', 'zh_CN.UTF-8'), ('VSCODE_GIT_ASKPASS_EXTRA_ARGS', ''), ('JETSON_CUDA_ARCH_BIN', '8.7'), ('PWD', '/data/rl_deploy/build/node_driver_msgs'), ('LC_ALL', 'en_US.UTF-8'), ('SSH_CONNECTION', '192.168.8.113 50272 192.168.8.111 22'), ('XDG_DATA_DIRS', '/usr/share/gnome:/usr/local/share:/usr/share:/var/lib/snapd/desktop'), ('PYTHONPATH', '/opt/ros/humble/lib/python3.10/site-packages:/opt/ros/humble/local/lib/python3.10/dist-packages'), ('LC_NUMERIC', 'zh_CN.UTF-8'), ('LC_PAPER', 'zh_CN.UTF-8'), ('COLCON', '1'), ('JETSON_JETPACK', '6.2.1'), ('JETSON_P_NUMBER', 'p3767-0000'), ('CMAKE_PREFIX_PATH', '/opt/ros/humble')]), 'shell': False}
[1.001801] (-) TimerEvent: {}
[1.029368] (node_control_msgs) StdoutLine: {'line': b'-- Install configuration: ""\n'}
[1.029841] (node_control_msgs) StdoutLine: {'line': b'-- Up-to-date: /data/rl_deploy/install/node_control_msgs/share/ament_index/resource_index/rosidl_interfaces/node_control_msgs\n'}
[1.030115] (node_control_msgs) StdoutLine: {'line': b'-- Up-to-date: /data/rl_deploy/install/node_control_msgs/include/node_control_msgs/node_control_msgs\n'}
[1.030294] (node_control_msgs) StdoutLine: {'line': b'-- Up-to-date: /data/rl_deploy/install/node_control_msgs/include/node_control_msgs/node_control_msgs/srv\n'}
[1.030474] (node_control_msgs) StdoutLine: {'line': b'-- Up-to-date: /data/rl_deploy/install/node_control_msgs/include/node_control_msgs/node_control_msgs/srv/motor_config_status.h\n'}
[1.030686] (node_control_msgs) StdoutLine: {'line': b'-- Up-to-date: /data/rl_deploy/install/node_control_msgs/include/node_control_msgs/node_control_msgs/srv/detail\n'}
[1.031054] (node_control_msgs) StdoutLine: {'line': b'-- Up-to-date: /data/rl_deploy/install/node_control_msgs/include/node_control_msgs/node_control_msgs/srv/detail/motor_config_status__functions.h\n'}
[1.031306] (node_control_msgs) StdoutLine: {'line': b'-- Up-to-date: /data/rl_deploy/install/node_control_msgs/include/node_control_msgs/node_control_msgs/srv/detail/motor_config_status__struct.h\n'}
[1.031475] (node_control_msgs) StdoutLine: {'line': b'-- Up-to-date: /data/rl_deploy/install/node_control_msgs/include/node_control_msgs/node_control_msgs/srv/detail/motor_config_status__functions.c\n'}
[1.031623] (node_control_msgs) StdoutLine: {'line': b'-- Up-to-date: /data/rl_deploy/install/node_control_msgs/include/node_control_msgs/node_control_msgs/srv/detail/motor_config_status__type_support.h\n'}
[1.031869] (node_control_msgs) StdoutLine: {'line': b'-- Up-to-date: /data/rl_deploy/install/node_control_msgs/include/node_control_msgs/node_control_msgs/msg\n'}
[1.032100] (node_control_msgs) StdoutLine: {'line': b'-- Up-to-date: /data/rl_deploy/install/node_control_msgs/include/node_control_msgs/node_control_msgs/msg/motor_health.h\n'}
[1.032241] (node_control_msgs) StdoutLine: {'line': b'-- Up-to-date: /data/rl_deploy/install/node_control_msgs/include/node_control_msgs/node_control_msgs/msg/motor_config_dev.h\n'}
[1.032374] (node_control_msgs) StdoutLine: {'line': b'-- Up-to-date: /data/rl_deploy/install/node_control_msgs/include/node_control_msgs/node_control_msgs/msg/motor_feedback.h\n'}
[1.032485] (node_control_msgs) StdoutLine: {'line': b'-- Up-to-date: /data/rl_deploy/install/node_control_msgs/include/node_control_msgs/node_control_msgs/msg/motor_health_state.h\n'}
[1.032589] (node_control_msgs) StdoutLine: {'line': b'-- Up-to-date: /data/rl_deploy/install/node_control_msgs/include/node_control_msgs/node_control_msgs/msg/motor_config.h\n'}
[1.032746] (node_control_msgs) StdoutLine: {'line': b'-- Up-to-date: /data/rl_deploy/install/node_control_msgs/include/node_control_msgs/node_control_msgs/msg/motor_info_value.h\n'}
[1.032942] (node_control_msgs) StdoutLine: {'line': b'-- Up-to-date: /data/rl_deploy/install/node_control_msgs/include/node_control_msgs/node_control_msgs/msg/motor_control.h\n'}
[1.033138] (node_control_msgs) StdoutLine: {'line': b'-- Up-to-date: /data/rl_deploy/install/node_control_msgs/include/node_control_msgs/node_control_msgs/msg/detail\n'}
[1.033341] (node_control_msgs) StdoutLine: {'line': b'-- Up-to-date: /data/rl_deploy/install/node_control_msgs/include/node_control_msgs/node_control_msgs/msg/detail/motor_command__type_support.h\n'}
[1.033460] (node_control_msgs) StdoutLine: {'line': b'-- Up-to-date: /data/rl_deploy/install/node_control_msgs/include/node_control_msgs/node_control_msgs/msg/detail/motor_health_state__struct.h\n'}
[1.033570] (node_control_msgs) StdoutLine: {'line': b'-- Up-to-date: /data/rl_deploy/install/node_control_msgs/include/node_control_msgs/node_control_msgs/msg/detail/motor_config_dev__functions.h\n'}
[1.033675] (node_control_msgs) StdoutLine: {'line': b'-- Up-to-date: /data/rl_deploy/install/node_control_msgs/include/node_control_msgs/node_control_msgs/msg/detail/motor_command__functions.h\n'}
[1.033808] (node_control_msgs) StdoutLine: {'line': b'-- Up-to-date: /data/rl_deploy/install/node_control_msgs/include/node_control_msgs/node_control_msgs/msg/detail/motor_command__struct.h\n'}
[1.033911] (node_control_msgs) StdoutLine: {'line': b'-- Up-to-date: /data/rl_deploy/install/node_control_msgs/include/node_control_msgs/node_control_msgs/msg/detail/motor_info__functions.c\n'}
[1.034011] (node_control_msgs) StdoutLine: {'line': b'-- Up-to-date: /data/rl_deploy/install/node_control_msgs/include/node_control_msgs/node_control_msgs/msg/detail/motor_info__functions.h\n'}
[1.034111] (node_control_msgs) StdoutLine: {'line': b'-- Up-to-date: /data/rl_deploy/install/node_control_msgs/include/node_control_msgs/node_control_msgs/msg/detail/motor_info_value__functions.h\n'}
[1.034225] (node_control_msgs) StdoutLine: {'line': b'-- Up-to-date: /data/rl_deploy/install/node_control_msgs/include/node_control_msgs/node_control_msgs/msg/detail/motor_info__struct.h\n'}
[1.034328] (node_control_msgs) StdoutLine: {'line': b'-- Up-to-date: /data/rl_deploy/install/node_control_msgs/include/node_control_msgs/node_control_msgs/msg/detail/motor_feedback__type_support.h\n'}
[1.034661] (node_control_msgs) StdoutLine: {'line': b'-- Up-to-date: /data/rl_deploy/install/node_control_msgs/include/node_control_msgs/node_control_msgs/msg/detail/motor_control__type_support.h\n'}
[1.034949] (node_control_msgs) StdoutLine: {'line': b'-- Up-to-date: /data/rl_deploy/install/node_control_msgs/include/node_control_msgs/node_control_msgs/msg/detail/motor_health_state__functions.c\n'}
[1.035213] (node_control_msgs) StdoutLine: {'line': b'-- Up-to-date: /data/rl_deploy/install/node_control_msgs/include/node_control_msgs/node_control_msgs/msg/detail/motor_config_dev__type_support.h\n'}
[1.035411] (node_control_msgs) StdoutLine: {'line': b'-- Up-to-date: /data/rl_deploy/install/node_control_msgs/include/node_control_msgs/node_control_msgs/msg/detail/motor_info_value__struct.h\n'}
[1.035620] (node_control_msgs) StdoutLine: {'line': b'-- Up-to-date: /data/rl_deploy/install/node_control_msgs/include/node_control_msgs/node_control_msgs/msg/detail/motor_control__functions.h\n'}
[1.035797] (node_control_msgs) StdoutLine: {'line': b'-- Up-to-date: /data/rl_deploy/install/node_control_msgs/include/node_control_msgs/node_control_msgs/msg/detail/motor_command_feedback__functions.c\n'}
[1.036652] (node_control_msgs) StdoutLine: {'line': b'-- Up-to-date: /data/rl_deploy/install/node_control_msgs/include/node_control_msgs/node_control_msgs/msg/detail/motor_feedback__functions.c\n'}
[1.036902] (node_control_msgs) StdoutLine: {'line': b'-- Up-to-date: /data/rl_deploy/install/node_control_msgs/include/node_control_msgs/node_control_msgs/msg/detail/motor_config_dev__struct.h\n'}
[1.037100] (node_control_msgs) StdoutLine: {'line': b'-- Up-to-date: /data/rl_deploy/install/node_control_msgs/include/node_control_msgs/node_control_msgs/msg/detail/motor_config__functions.h\n'}
[1.037305] (node_control_msgs) StdoutLine: {'line': b'-- Up-to-date: /data/rl_deploy/install/node_control_msgs/include/node_control_msgs/node_control_msgs/msg/detail/motor_health__functions.h\n'}
[1.037917] (node_control_msgs) StdoutLine: {'line': b'-- Up-to-date: /data/rl_deploy/install/node_control_msgs/include/node_control_msgs/node_control_msgs/msg/detail/motor_health_state__type_support.h\n'}
[1.038112] (node_control_msgs) StdoutLine: {'line': b'-- Up-to-date: /data/rl_deploy/install/node_control_msgs/include/node_control_msgs/node_control_msgs/msg/detail/motor_feedback__functions.h\n'}
[1.038239] (node_control_msgs) StdoutLine: {'line': b'-- Up-to-date: /data/rl_deploy/install/node_control_msgs/include/node_control_msgs/node_control_msgs/msg/detail/motor_info__type_support.h\n'}
[1.038354] (node_control_msgs) StdoutLine: {'line': b'-- Up-to-date: /data/rl_deploy/install/node_control_msgs/include/node_control_msgs/node_control_msgs/msg/detail/motor_info_value__functions.c\n'}
[1.038713] (node_control_msgs) StdoutLine: {'line': b'-- Up-to-date: /data/rl_deploy/install/node_control_msgs/include/node_control_msgs/node_control_msgs/msg/detail/motor_command_feedback__struct.h\n'}
[1.038933] (node_control_msgs) StdoutLine: {'line': b'-- Up-to-date: /data/rl_deploy/install/node_control_msgs/include/node_control_msgs/node_control_msgs/msg/detail/motor_command_feedback__functions.h\n'}
[1.039099] (node_control_msgs) StdoutLine: {'line': b'-- Up-to-date: /data/rl_deploy/install/node_control_msgs/include/node_control_msgs/node_control_msgs/msg/detail/motor_info_value__type_support.h\n'}
[1.039316] (node_control_msgs) StdoutLine: {'line': b'-- Up-to-date: /data/rl_deploy/install/node_control_msgs/include/node_control_msgs/node_control_msgs/msg/detail/motor_health__struct.h\n'}
[1.039479] (node_control_msgs) StdoutLine: {'line': b'-- Up-to-date: /data/rl_deploy/install/node_control_msgs/include/node_control_msgs/node_control_msgs/msg/detail/motor_config_dev__functions.c\n'}
[1.039780] (node_control_msgs) StdoutLine: {'line': b'-- Up-to-date: /data/rl_deploy/install/node_control_msgs/include/node_control_msgs/node_control_msgs/msg/detail/motor_config__functions.c\n'}
[1.039905] (node_control_msgs) StdoutLine: {'line': b'-- Up-to-date: /data/rl_deploy/install/node_control_msgs/include/node_control_msgs/node_control_msgs/msg/detail/motor_command_feedback__type_support.h\n'}
[1.040016] (node_control_msgs) StdoutLine: {'line': b'-- Up-to-date: /data/rl_deploy/install/node_control_msgs/include/node_control_msgs/node_control_msgs/msg/detail/motor_health_state__functions.h\n'}
[1.040252] (node_control_msgs) StdoutLine: {'line': b'-- Up-to-date: /data/rl_deploy/install/node_control_msgs/include/node_control_msgs/node_control_msgs/msg/detail/motor_health__functions.c\n'}
[1.040407] (node_control_msgs) StdoutLine: {'line': b'-- Up-to-date: /data/rl_deploy/install/node_control_msgs/include/node_control_msgs/node_control_msgs/msg/detail/motor_health__type_support.h\n'}
[1.040518] (node_control_msgs) StdoutLine: {'line': b'-- Up-to-date: /data/rl_deploy/install/node_control_msgs/include/node_control_msgs/node_control_msgs/msg/detail/motor_feedback__struct.h\n'}
[1.040732] (node_control_msgs) StdoutLine: {'line': b'-- Up-to-date: /data/rl_deploy/install/node_control_msgs/include/node_control_msgs/node_control_msgs/msg/detail/motor_control__struct.h\n'}
[1.040847] (node_control_msgs) StdoutLine: {'line': b'-- Up-to-date: /data/rl_deploy/install/node_control_msgs/include/node_control_msgs/node_control_msgs/msg/detail/motor_control__functions.c\n'}
[1.040952] (node_control_msgs) StdoutLine: {'line': b'-- Up-to-date: /data/rl_deploy/install/node_control_msgs/include/node_control_msgs/node_control_msgs/msg/detail/motor_config__type_support.h\n'}
[1.041096] (node_control_msgs) StdoutLine: {'line': b'-- Up-to-date: /data/rl_deploy/install/node_control_msgs/include/node_control_msgs/node_control_msgs/msg/detail/motor_command__functions.c\n'}
[1.041205] (node_control_msgs) StdoutLine: {'line': b'-- Up-to-date: /data/rl_deploy/install/node_control_msgs/include/node_control_msgs/node_control_msgs/msg/detail/motor_config__struct.h\n'}
[1.041340] (node_control_msgs) StdoutLine: {'line': b'-- Up-to-date: /data/rl_deploy/install/node_control_msgs/include/node_control_msgs/node_control_msgs/msg/rosidl_generator_c__visibility_control.h\n'}
[1.041508] (node_control_msgs) StdoutLine: {'line': b'-- Up-to-date: /data/rl_deploy/install/node_control_msgs/include/node_control_msgs/node_control_msgs/msg/motor_command_feedback.h\n'}
[1.041728] (node_control_msgs) StdoutLine: {'line': b'-- Up-to-date: /data/rl_deploy/install/node_control_msgs/include/node_control_msgs/node_control_msgs/msg/motor_info.h\n'}
[1.041902] (node_control_msgs) StdoutLine: {'line': b'-- Up-to-date: /data/rl_deploy/install/node_control_msgs/include/node_control_msgs/node_control_msgs/msg/motor_command.h\n'}
[1.042078] (node_control_msgs) StdoutLine: {'line': b'-- Up-to-date: /data/rl_deploy/install/node_control_msgs/share/node_control_msgs/environment/library_path.sh\n'}
[1.042254] (node_control_msgs) StdoutLine: {'line': b'-- Up-to-date: /data/rl_deploy/install/node_control_msgs/share/node_control_msgs/environment/library_path.dsv\n'}
[1.042421] (node_control_msgs) StdoutLine: {'line': b'-- Up-to-date: /data/rl_deploy/install/node_control_msgs/lib/libnode_control_msgs__rosidl_generator_c.so\n'}
[1.042679] (node_control_msgs) StdoutLine: {'line': b'-- Up-to-date: /data/rl_deploy/install/node_control_msgs/include/node_control_msgs/node_control_msgs\n'}
[1.042803] (node_control_msgs) StdoutLine: {'line': b'-- Up-to-date: /data/rl_deploy/install/node_control_msgs/include/node_control_msgs/node_control_msgs/srv\n'}
[1.042946] (node_control_msgs) StdoutLine: {'line': b'-- Up-to-date: /data/rl_deploy/install/node_control_msgs/include/node_control_msgs/node_control_msgs/srv/detail\n'}
[1.043053] (node_control_msgs) StdoutLine: {'line': b'-- Up-to-date: /data/rl_deploy/install/node_control_msgs/include/node_control_msgs/node_control_msgs/srv/detail/motor_config_status__rosidl_typesupport_fastrtps_c.h\n'}
[1.043236] (node_control_msgs) StdoutLine: {'line': b'-- Up-to-date: /data/rl_deploy/install/node_control_msgs/include/node_control_msgs/node_control_msgs/msg\n'}
[1.043380] (node_control_msgs) StdoutLine: {'line': b'-- Up-to-date: /data/rl_deploy/install/node_control_msgs/include/node_control_msgs/node_control_msgs/msg/detail\n'}
[1.043489] (node_control_msgs) StdoutLine: {'line': b'-- Up-to-date: /data/rl_deploy/install/node_control_msgs/include/node_control_msgs/node_control_msgs/msg/detail/motor_info__rosidl_typesupport_fastrtps_c.h\n'}
[1.043744] (node_control_msgs) StdoutLine: {'line': b'-- Up-to-date: /data/rl_deploy/install/node_control_msgs/include/node_control_msgs/node_control_msgs/msg/detail/motor_config_dev__rosidl_typesupport_fastrtps_c.h\n'}
[1.043924] (node_control_msgs) StdoutLine: {'line': b'-- Up-to-date: /data/rl_deploy/install/node_control_msgs/include/node_control_msgs/node_control_msgs/msg/detail/motor_health__rosidl_typesupport_fastrtps_c.h\n'}
[1.044037] (node_control_msgs) StdoutLine: {'line': b'-- Up-to-date: /data/rl_deploy/install/node_control_msgs/include/node_control_msgs/node_control_msgs/msg/detail/motor_control__rosidl_typesupport_fastrtps_c.h\n'}
[1.044145] (node_control_msgs) StdoutLine: {'line': b'-- Up-to-date: /data/rl_deploy/install/node_control_msgs/include/node_control_msgs/node_control_msgs/msg/detail/motor_info_value__rosidl_typesupport_fastrtps_c.h\n'}
[1.044252] (node_control_msgs) StdoutLine: {'line': b'-- Up-to-date: /data/rl_deploy/install/node_control_msgs/include/node_control_msgs/node_control_msgs/msg/detail/motor_feedback__rosidl_typesupport_fastrtps_c.h\n'}
[1.044513] (node_control_msgs) StdoutLine: {'line': b'-- Up-to-date: /data/rl_deploy/install/node_control_msgs/include/node_control_msgs/node_control_msgs/msg/detail/motor_config__rosidl_typesupport_fastrtps_c.h\n'}
[1.044726] (node_control_msgs) StdoutLine: {'line': b'-- Up-to-date: /data/rl_deploy/install/node_control_msgs/include/node_control_msgs/node_control_msgs/msg/detail/motor_health_state__rosidl_typesupport_fastrtps_c.h\n'}
[1.044841] (node_control_msgs) StdoutLine: {'line': b'-- Up-to-date: /data/rl_deploy/install/node_control_msgs/include/node_control_msgs/node_control_msgs/msg/detail/motor_command_feedback__rosidl_typesupport_fastrtps_c.h\n'}
[1.044949] (node_control_msgs) StdoutLine: {'line': b'-- Up-to-date: /data/rl_deploy/install/node_control_msgs/include/node_control_msgs/node_control_msgs/msg/detail/motor_command__rosidl_typesupport_fastrtps_c.h\n'}
[1.045082] (node_control_msgs) StdoutLine: {'line': b'-- Up-to-date: /data/rl_deploy/install/node_control_msgs/include/node_control_msgs/node_control_msgs/msg/rosidl_typesupport_fastrtps_c__visibility_control.h\n'}
[1.045189] (node_control_msgs) StdoutLine: {'line': b'-- Up-to-date: /data/rl_deploy/install/node_control_msgs/lib/libnode_control_msgs__rosidl_typesupport_fastrtps_c.so\n'}
[1.045292] (node_control_msgs) StdoutLine: {'line': b'-- Up-to-date: /data/rl_deploy/install/node_control_msgs/include/node_control_msgs/node_control_msgs\n'}
[1.045395] (node_control_msgs) StdoutLine: {'line': b'-- Up-to-date: /data/rl_deploy/install/node_control_msgs/include/node_control_msgs/node_control_msgs/srv\n'}
[1.045503] (node_control_msgs) StdoutLine: {'line': b'-- Up-to-date: /data/rl_deploy/install/node_control_msgs/include/node_control_msgs/node_control_msgs/srv/detail\n'}
[1.045760] (node_control_msgs) StdoutLine: {'line': b'-- Up-to-date: /data/rl_deploy/install/node_control_msgs/include/node_control_msgs/node_control_msgs/srv/detail/motor_config_status__type_support.c\n'}
[1.045957] (node_control_msgs) StdoutLine: {'line': b'-- Up-to-date: /data/rl_deploy/install/node_control_msgs/include/node_control_msgs/node_control_msgs/srv/detail/motor_config_status__rosidl_typesupport_introspection_c.h\n'}
[1.046141] (node_control_msgs) StdoutLine: {'line': b'-- Up-to-date: /data/rl_deploy/install/node_control_msgs/include/node_control_msgs/node_control_msgs/msg\n'}
[1.046324] (node_control_msgs) StdoutLine: {'line': b'-- Up-to-date: /data/rl_deploy/install/node_control_msgs/include/node_control_msgs/node_control_msgs/msg/detail\n'}
[1.046479] (node_control_msgs) StdoutLine: {'line': b'-- Up-to-date: /data/rl_deploy/install/node_control_msgs/include/node_control_msgs/node_control_msgs/msg/detail/motor_config_dev__rosidl_typesupport_introspection_c.h\n'}
[1.046715] (node_control_msgs) StdoutLine: {'line': b'-- Up-to-date: /data/rl_deploy/install/node_control_msgs/include/node_control_msgs/node_control_msgs/msg/detail/motor_health__rosidl_typesupport_introspection_c.h\n'}
[1.046833] (node_control_msgs) StdoutLine: {'line': b'-- Up-to-date: /data/rl_deploy/install/node_control_msgs/include/node_control_msgs/node_control_msgs/msg/detail/motor_info_value__type_support.c\n'}
[1.046941] (node_control_msgs) StdoutLine: {'line': b'-- Up-to-date: /data/rl_deploy/install/node_control_msgs/include/node_control_msgs/node_control_msgs/msg/detail/motor_info__type_support.c\n'}
[1.047044] (node_control_msgs) StdoutLine: {'line': b'-- Up-to-date: /data/rl_deploy/install/node_control_msgs/include/node_control_msgs/node_control_msgs/msg/detail/motor_control__type_support.c\n'}
[1.047175] (node_control_msgs) StdoutLine: {'line': b'-- Up-to-date: /data/rl_deploy/install/node_control_msgs/include/node_control_msgs/node_control_msgs/msg/detail/motor_config__type_support.c\n'}
[1.047294] (node_control_msgs) StdoutLine: {'line': b'-- Up-to-date: /data/rl_deploy/install/node_control_msgs/include/node_control_msgs/node_control_msgs/msg/detail/motor_command__type_support.c\n'}
[1.047399] (node_control_msgs) StdoutLine: {'line': b'-- Up-to-date: /data/rl_deploy/install/node_control_msgs/include/node_control_msgs/node_control_msgs/msg/detail/motor_health__type_support.c\n'}
[1.047499] (node_control_msgs) StdoutLine: {'line': b'-- Up-to-date: /data/rl_deploy/install/node_control_msgs/include/node_control_msgs/node_control_msgs/msg/detail/motor_info_value__rosidl_typesupport_introspection_c.h\n'}
[1.047718] (node_control_msgs) StdoutLine: {'line': b'-- Up-to-date: /data/rl_deploy/install/node_control_msgs/include/node_control_msgs/node_control_msgs/msg/detail/motor_command_feedback__type_support.c\n'}
[1.047836] (node_control_msgs) StdoutLine: {'line': b'-- Up-to-date: /data/rl_deploy/install/node_control_msgs/include/node_control_msgs/node_control_msgs/msg/detail/motor_config__rosidl_typesupport_introspection_c.h\n'}
[1.047943] (node_control_msgs) StdoutLine: {'line': b'-- Up-to-date: /data/rl_deploy/install/node_control_msgs/include/node_control_msgs/node_control_msgs/msg/detail/motor_command_feedback__rosidl_typesupport_introspection_c.h\n'}
[1.048050] (node_control_msgs) StdoutLine: {'line': b'-- Up-to-date: /data/rl_deploy/install/node_control_msgs/include/node_control_msgs/node_control_msgs/msg/detail/motor_command__rosidl_typesupport_introspection_c.h\n'}
[1.048153] (node_control_msgs) StdoutLine: {'line': b'-- Up-to-date: /data/rl_deploy/install/node_control_msgs/include/node_control_msgs/node_control_msgs/msg/detail/motor_health_state__rosidl_typesupport_introspection_c.h\n'}
[1.048254] (node_control_msgs) StdoutLine: {'line': b'-- Up-to-date: /data/rl_deploy/install/node_control_msgs/include/node_control_msgs/node_control_msgs/msg/detail/motor_info__rosidl_typesupport_introspection_c.h\n'}
[1.048355] (node_control_msgs) StdoutLine: {'line': b'-- Up-to-date: /data/rl_deploy/install/node_control_msgs/include/node_control_msgs/node_control_msgs/msg/detail/motor_feedback__type_support.c\n'}
[1.048454] (node_control_msgs) StdoutLine: {'line': b'-- Up-to-date: /data/rl_deploy/install/node_control_msgs/include/node_control_msgs/node_control_msgs/msg/detail/motor_control__rosidl_typesupport_introspection_c.h\n'}
[1.048642] (node_control_msgs) StdoutLine: {'line': b'-- Up-to-date: /data/rl_deploy/install/node_control_msgs/include/node_control_msgs/node_control_msgs/msg/detail/motor_config_dev__type_support.c\n'}
[1.048767] (node_control_msgs) StdoutLine: {'line': b'-- Up-to-date: /data/rl_deploy/install/node_control_msgs/include/node_control_msgs/node_control_msgs/msg/detail/motor_health_state__type_support.c\n'}
[1.048911] (node_control_msgs) StdoutLine: {'line': b'-- Up-to-date: /data/rl_deploy/install/node_control_msgs/include/node_control_msgs/node_control_msgs/msg/detail/motor_feedback__rosidl_typesupport_introspection_c.h\n'}
[1.049016] (node_control_msgs) StdoutLine: {'line': b'-- Up-to-date: /data/rl_deploy/install/node_control_msgs/include/node_control_msgs/node_control_msgs/msg/rosidl_typesupport_introspection_c__visibility_control.h\n'}
[1.049117] (node_control_msgs) StdoutLine: {'line': b'-- Up-to-date: /data/rl_deploy/install/node_control_msgs/lib/libnode_control_msgs__rosidl_typesupport_introspection_c.so\n'}
[1.049216] (node_control_msgs) StdoutLine: {'line': b'-- Up-to-date: /data/rl_deploy/install/node_control_msgs/lib/libnode_control_msgs__rosidl_typesupport_c.so\n'}
[1.049319] (node_control_msgs) StdoutLine: {'line': b'-- Up-to-date: /data/rl_deploy/install/node_control_msgs/include/node_control_msgs/node_control_msgs\n'}
[1.049419] (node_control_msgs) StdoutLine: {'line': b'-- Up-to-date: /data/rl_deploy/install/node_control_msgs/include/node_control_msgs/node_control_msgs/srv\n'}
[1.049518] (node_control_msgs) StdoutLine: {'line': b'-- Up-to-date: /data/rl_deploy/install/node_control_msgs/include/node_control_msgs/node_control_msgs/srv/motor_config_status.hpp\n'}
[1.049722] (node_control_msgs) StdoutLine: {'line': b'-- Up-to-date: /data/rl_deploy/install/node_control_msgs/include/node_control_msgs/node_control_msgs/srv/detail\n'}
[1.049835] (node_control_msgs) StdoutLine: {'line': b'-- Up-to-date: /data/rl_deploy/install/node_control_msgs/include/node_control_msgs/node_control_msgs/srv/detail/motor_config_status__struct.hpp\n'}
[1.049940] (node_control_msgs) StdoutLine: {'line': b'-- Up-to-date: /data/rl_deploy/install/node_control_msgs/include/node_control_msgs/node_control_msgs/srv/detail/motor_config_status__builder.hpp\n'}
[1.050041] (node_control_msgs) StdoutLine: {'line': b'-- Up-to-date: /data/rl_deploy/install/node_control_msgs/include/node_control_msgs/node_control_msgs/srv/detail/motor_config_status__traits.hpp\n'}
[1.050140] (node_control_msgs) StdoutLine: {'line': b'-- Up-to-date: /data/rl_deploy/install/node_control_msgs/include/node_control_msgs/node_control_msgs/srv/detail/motor_config_status__type_support.hpp\n'}
[1.050238] (node_control_msgs) StdoutLine: {'line': b'-- Up-to-date: /data/rl_deploy/install/node_control_msgs/include/node_control_msgs/node_control_msgs/msg\n'}
[1.050336] (node_control_msgs) StdoutLine: {'line': b'-- Up-to-date: /data/rl_deploy/install/node_control_msgs/include/node_control_msgs/node_control_msgs/msg/motor_info_value.hpp\n'}
[1.050434] (node_control_msgs) StdoutLine: {'line': b'-- Up-to-date: /data/rl_deploy/install/node_control_msgs/include/node_control_msgs/node_control_msgs/msg/motor_config_dev.hpp\n'}
[1.050601] (node_control_msgs) StdoutLine: {'line': b'-- Up-to-date: /data/rl_deploy/install/node_control_msgs/include/node_control_msgs/node_control_msgs/msg/motor_feedback.hpp\n'}
[1.050744] (node_control_msgs) StdoutLine: {'line': b'-- Up-to-date: /data/rl_deploy/install/node_control_msgs/include/node_control_msgs/node_control_msgs/msg/motor_config.hpp\n'}
[1.050868] (node_control_msgs) StdoutLine: {'line': b'-- Up-to-date: /data/rl_deploy/install/node_control_msgs/include/node_control_msgs/node_control_msgs/msg/motor_info.hpp\n'}
[1.050971] (node_control_msgs) StdoutLine: {'line': b'-- Up-to-date: /data/rl_deploy/install/node_control_msgs/include/node_control_msgs/node_control_msgs/msg/detail\n'}
[1.051072] (node_control_msgs) StdoutLine: {'line': b'-- Up-to-date: /data/rl_deploy/install/node_control_msgs/include/node_control_msgs/node_control_msgs/msg/detail/motor_command__builder.hpp\n'}
[1.051198] (node_control_msgs) StdoutLine: {'line': b'-- Up-to-date: /data/rl_deploy/install/node_control_msgs/include/node_control_msgs/node_control_msgs/msg/detail/motor_config_dev__struct.hpp\n'}
[1.051306] (node_control_msgs) StdoutLine: {'line': b'-- Up-to-date: /data/rl_deploy/install/node_control_msgs/include/node_control_msgs/node_control_msgs/msg/detail/motor_config__type_support.hpp\n'}
[1.051422] (node_control_msgs) StdoutLine: {'line': b'-- Up-to-date: /data/rl_deploy/install/node_control_msgs/include/node_control_msgs/node_control_msgs/msg/detail/motor_health__type_support.hpp\n'}
[1.051522] (node_control_msgs) StdoutLine: {'line': b'-- Up-to-date: /data/rl_deploy/install/node_control_msgs/include/node_control_msgs/node_control_msgs/msg/detail/motor_feedback__type_support.hpp\n'}
[1.051721] (node_control_msgs) StdoutLine: {'line': b'-- Up-to-date: /data/rl_deploy/install/node_control_msgs/include/node_control_msgs/node_control_msgs/msg/detail/motor_info__type_support.hpp\n'}
[1.051832] (node_control_msgs) StdoutLine: {'line': b'-- Up-to-date: /data/rl_deploy/install/node_control_msgs/include/node_control_msgs/node_control_msgs/msg/detail/motor_config_dev__traits.hpp\n'}
[1.051936] (node_control_msgs) StdoutLine: {'line': b'-- Up-to-date: /data/rl_deploy/install/node_control_msgs/include/node_control_msgs/node_control_msgs/msg/detail/motor_info__traits.hpp\n'}
[1.052037] (node_control_msgs) StdoutLine: {'line': b'-- Up-to-date: /data/rl_deploy/install/node_control_msgs/include/node_control_msgs/node_control_msgs/msg/detail/motor_health_state__traits.hpp\n'}
[1.052162] (node_control_msgs) StdoutLine: {'line': b'-- Up-to-date: /data/rl_deploy/install/node_control_msgs/include/node_control_msgs/node_control_msgs/msg/detail/motor_info_value__builder.hpp\n'}
[1.052267] (node_control_msgs) StdoutLine: {'line': b'-- Up-to-date: /data/rl_deploy/install/node_control_msgs/include/node_control_msgs/node_control_msgs/msg/detail/motor_config__struct.hpp\n'}
[1.052369] (node_control_msgs) StdoutLine: {'line': b'-- Up-to-date: /data/rl_deploy/install/node_control_msgs/include/node_control_msgs/node_control_msgs/msg/detail/motor_info_value__traits.hpp\n'}
[1.052496] (node_control_msgs) StdoutLine: {'line': b'-- Up-to-date: /data/rl_deploy/install/node_control_msgs/include/node_control_msgs/node_control_msgs/msg/detail/motor_command__struct.hpp\n'}
[1.052706] (node_control_msgs) StdoutLine: {'line': b'-- Up-to-date: /data/rl_deploy/install/node_control_msgs/include/node_control_msgs/node_control_msgs/msg/detail/motor_health__traits.hpp\n'}
[1.052822] (node_control_msgs) StdoutLine: {'line': b'-- Up-to-date: /data/rl_deploy/install/node_control_msgs/include/node_control_msgs/node_control_msgs/msg/detail/motor_health__builder.hpp\n'}
[1.052929] (node_control_msgs) StdoutLine: {'line': b'-- Up-to-date: /data/rl_deploy/install/node_control_msgs/include/node_control_msgs/node_control_msgs/msg/detail/motor_command_feedback__traits.hpp\n'}
[1.053033] (node_control_msgs) StdoutLine: {'line': b'-- Up-to-date: /data/rl_deploy/install/node_control_msgs/include/node_control_msgs/node_control_msgs/msg/detail/motor_config__builder.hpp\n'}
[1.053133] (node_control_msgs) StdoutLine: {'line': b'-- Up-to-date: /data/rl_deploy/install/node_control_msgs/include/node_control_msgs/node_control_msgs/msg/detail/motor_config__traits.hpp\n'}
[1.053232] (node_control_msgs) StdoutLine: {'line': b'-- Up-to-date: /data/rl_deploy/install/node_control_msgs/include/node_control_msgs/node_control_msgs/msg/detail/motor_feedback__traits.hpp\n'}
[1.053330] (node_control_msgs) StdoutLine: {'line': b'-- Up-to-date: /data/rl_deploy/install/node_control_msgs/include/node_control_msgs/node_control_msgs/msg/detail/motor_command_feedback__builder.hpp\n'}
[1.053428] (node_control_msgs) StdoutLine: {'line': b'-- Up-to-date: /data/rl_deploy/install/node_control_msgs/include/node_control_msgs/node_control_msgs/msg/detail/motor_info_value__struct.hpp\n'}
[1.053590] (node_control_msgs) StdoutLine: {'line': b'-- Up-to-date: /data/rl_deploy/install/node_control_msgs/include/node_control_msgs/node_control_msgs/msg/detail/motor_config_dev__builder.hpp\n'}
[1.053735] (node_control_msgs) StdoutLine: {'line': b'-- Up-to-date: /data/rl_deploy/install/node_control_msgs/include/node_control_msgs/node_control_msgs/msg/detail/motor_health__struct.hpp\n'}
[1.053860] (node_control_msgs) StdoutLine: {'line': b'-- Up-to-date: /data/rl_deploy/install/node_control_msgs/include/node_control_msgs/node_control_msgs/msg/detail/motor_command_feedback__type_support.hpp\n'}
[1.053966] (node_control_msgs) StdoutLine: {'line': b'-- Up-to-date: /data/rl_deploy/install/node_control_msgs/include/node_control_msgs/node_control_msgs/msg/detail/motor_command__type_support.hpp\n'}
[1.054068] (node_control_msgs) StdoutLine: {'line': b'-- Up-to-date: /data/rl_deploy/install/node_control_msgs/include/node_control_msgs/node_control_msgs/msg/detail/motor_control__type_support.hpp\n'}
[1.054179] (node_control_msgs) StdoutLine: {'line': b'-- Up-to-date: /data/rl_deploy/install/node_control_msgs/include/node_control_msgs/node_control_msgs/msg/detail/motor_feedback__struct.hpp\n'}
[1.054280] (node_control_msgs) StdoutLine: {'line': b'-- Up-to-date: /data/rl_deploy/install/node_control_msgs/include/node_control_msgs/node_control_msgs/msg/detail/motor_health_state__struct.hpp\n'}
[1.054382] (node_control_msgs) StdoutLine: {'line': b'-- Up-to-date: /data/rl_deploy/install/node_control_msgs/include/node_control_msgs/node_control_msgs/msg/detail/motor_control__struct.hpp\n'}
[1.054482] (node_control_msgs) StdoutLine: {'line': b'-- Up-to-date: /data/rl_deploy/install/node_control_msgs/include/node_control_msgs/node_control_msgs/msg/detail/motor_health_state__builder.hpp\n'}
[1.054678] (node_control_msgs) StdoutLine: {'line': b'-- Up-to-date: /data/rl_deploy/install/node_control_msgs/include/node_control_msgs/node_control_msgs/msg/detail/motor_info_value__type_support.hpp\n'}
[1.054795] (node_control_msgs) StdoutLine: {'line': b'-- Up-to-date: /data/rl_deploy/install/node_control_msgs/include/node_control_msgs/node_control_msgs/msg/detail/motor_info__builder.hpp\n'}
[1.054900] (node_control_msgs) StdoutLine: {'line': b'-- Up-to-date: /data/rl_deploy/install/node_control_msgs/include/node_control_msgs/node_control_msgs/msg/detail/motor_info__struct.hpp\n'}
[1.055004] (node_control_msgs) StdoutLine: {'line': b'-- Up-to-date: /data/rl_deploy/install/node_control_msgs/include/node_control_msgs/node_control_msgs/msg/detail/motor_control__traits.hpp\n'}
[1.055104] (node_control_msgs) StdoutLine: {'line': b'-- Up-to-date: /data/rl_deploy/install/node_control_msgs/include/node_control_msgs/node_control_msgs/msg/detail/motor_command__traits.hpp\n'}
[1.055276] (node_control_msgs) StdoutLine: {'line': b'-- Up-to-date: /data/rl_deploy/install/node_control_msgs/include/node_control_msgs/node_control_msgs/msg/detail/motor_control__builder.hpp\n'}
[1.055386] (node_control_msgs) StdoutLine: {'line': b'-- Up-to-date: /data/rl_deploy/install/node_control_msgs/include/node_control_msgs/node_control_msgs/msg/detail/motor_config_dev__type_support.hpp\n'}
[1.055491] (node_control_msgs) StdoutLine: {'line': b'-- Up-to-date: /data/rl_deploy/install/node_control_msgs/include/node_control_msgs/node_control_msgs/msg/detail/motor_command_feedback__struct.hpp\n'}
[1.055714] (node_control_msgs) StdoutLine: {'line': b'-- Up-to-date: /data/rl_deploy/install/node_control_msgs/include/node_control_msgs/node_control_msgs/msg/detail/motor_health_state__type_support.hpp\n'}
[1.055839] (node_control_msgs) StdoutLine: {'line': b'-- Up-to-date: /data/rl_deploy/install/node_control_msgs/include/node_control_msgs/node_control_msgs/msg/detail/motor_feedback__builder.hpp\n'}
[1.055947] (node_control_msgs) StdoutLine: {'line': b'-- Up-to-date: /data/rl_deploy/install/node_control_msgs/include/node_control_msgs/node_control_msgs/msg/motor_health.hpp\n'}
[1.056079] (node_control_msgs) StdoutLine: {'line': b'-- Up-to-date: /data/rl_deploy/install/node_control_msgs/include/node_control_msgs/node_control_msgs/msg/rosidl_generator_cpp__visibility_control.hpp\n'}
[1.056184] (node_control_msgs) StdoutLine: {'line': b'-- Up-to-date: /data/rl_deploy/install/node_control_msgs/include/node_control_msgs/node_control_msgs/msg/motor_health_state.hpp\n'}
[1.056284] (node_control_msgs) StdoutLine: {'line': b'-- Up-to-date: /data/rl_deploy/install/node_control_msgs/include/node_control_msgs/node_control_msgs/msg/motor_command_feedback.hpp\n'}
[1.056399] (node_control_msgs) StdoutLine: {'line': b'-- Up-to-date: /data/rl_deploy/install/node_control_msgs/include/node_control_msgs/node_control_msgs/msg/motor_control.hpp\n'}
[1.056498] (node_control_msgs) StdoutLine: {'line': b'-- Up-to-date: /data/rl_deploy/install/node_control_msgs/include/node_control_msgs/node_control_msgs/msg/motor_command.hpp\n'}
[1.056708] (node_control_msgs) StdoutLine: {'line': b'-- Up-to-date: /data/rl_deploy/install/node_control_msgs/include/node_control_msgs/node_control_msgs\n'}
[1.056823] (node_control_msgs) StdoutLine: {'line': b'-- Up-to-date: /data/rl_deploy/install/node_control_msgs/include/node_control_msgs/node_control_msgs/srv\n'}
[1.056930] (node_control_msgs) StdoutLine: {'line': b'-- Up-to-date: /data/rl_deploy/install/node_control_msgs/include/node_control_msgs/node_control_msgs/srv/detail\n'}
[1.057031] (node_control_msgs) StdoutLine: {'line': b'-- Up-to-date: /data/rl_deploy/install/node_control_msgs/include/node_control_msgs/node_control_msgs/srv/detail/motor_config_status__rosidl_typesupport_fastrtps_cpp.hpp\n'}
[1.057133] (node_control_msgs) StdoutLine: {'line': b'-- Up-to-date: /data/rl_deploy/install/node_control_msgs/include/node_control_msgs/node_control_msgs/srv/detail/dds_fastrtps\n'}
[1.057233] (node_control_msgs) StdoutLine: {'line': b'-- Up-to-date: /data/rl_deploy/install/node_control_msgs/include/node_control_msgs/node_control_msgs/msg\n'}
[1.057334] (node_control_msgs) StdoutLine: {'line': b'-- Up-to-date: /data/rl_deploy/install/node_control_msgs/include/node_control_msgs/node_control_msgs/msg/rosidl_typesupport_fastrtps_cpp__visibility_control.h\n'}
[1.057434] (node_control_msgs) StdoutLine: {'line': b'-- Up-to-date: /data/rl_deploy/install/node_control_msgs/include/node_control_msgs/node_control_msgs/msg/detail\n'}
[1.057621] (node_control_msgs) StdoutLine: {'line': b'-- Up-to-date: /data/rl_deploy/install/node_control_msgs/include/node_control_msgs/node_control_msgs/msg/detail/motor_health_state__rosidl_typesupport_fastrtps_cpp.hpp\n'}
[1.057757] (node_control_msgs) StdoutLine: {'line': b'-- Up-to-date: /data/rl_deploy/install/node_control_msgs/include/node_control_msgs/node_control_msgs/msg/detail/motor_feedback__rosidl_typesupport_fastrtps_cpp.hpp\n'}
[1.057868] (node_control_msgs) StdoutLine: {'line': b'-- Up-to-date: /data/rl_deploy/install/node_control_msgs/include/node_control_msgs/node_control_msgs/msg/detail/dds_fastrtps\n'}
[1.057970] (node_control_msgs) StdoutLine: {'line': b'-- Up-to-date: /data/rl_deploy/install/node_control_msgs/include/node_control_msgs/node_control_msgs/msg/detail/motor_health__rosidl_typesupport_fastrtps_cpp.hpp\n'}
[1.058071] (node_control_msgs) StdoutLine: {'line': b'-- Up-to-date: /data/rl_deploy/install/node_control_msgs/include/node_control_msgs/node_control_msgs/msg/detail/motor_command_feedback__rosidl_typesupport_fastrtps_cpp.hpp\n'}
[1.058170] (node_control_msgs) StdoutLine: {'line': b'-- Up-to-date: /data/rl_deploy/install/node_control_msgs/include/node_control_msgs/node_control_msgs/msg/detail/motor_control__rosidl_typesupport_fastrtps_cpp.hpp\n'}
[1.058271] (node_control_msgs) StdoutLine: {'line': b'-- Up-to-date: /data/rl_deploy/install/node_control_msgs/include/node_control_msgs/node_control_msgs/msg/detail/motor_config_dev__rosidl_typesupport_fastrtps_cpp.hpp\n'}
[1.058370] (node_control_msgs) StdoutLine: {'line': b'-- Up-to-date: /data/rl_deploy/install/node_control_msgs/include/node_control_msgs/node_control_msgs/msg/detail/motor_info_value__rosidl_typesupport_fastrtps_cpp.hpp\n'}
[1.058468] (node_control_msgs) StdoutLine: {'line': b'-- Up-to-date: /data/rl_deploy/install/node_control_msgs/include/node_control_msgs/node_control_msgs/msg/detail/motor_config__rosidl_typesupport_fastrtps_cpp.hpp\n'}
[1.058669] (node_control_msgs) StdoutLine: {'line': b'-- Up-to-date: /data/rl_deploy/install/node_control_msgs/include/node_control_msgs/node_control_msgs/msg/detail/motor_info__rosidl_typesupport_fastrtps_cpp.hpp\n'}
[1.058805] (node_control_msgs) StdoutLine: {'line': b'-- Up-to-date: /data/rl_deploy/install/node_control_msgs/include/node_control_msgs/node_control_msgs/msg/detail/motor_command__rosidl_typesupport_fastrtps_cpp.hpp\n'}
[1.058913] (node_control_msgs) StdoutLine: {'line': b'-- Up-to-date: /data/rl_deploy/install/node_control_msgs/lib/libnode_control_msgs__rosidl_typesupport_fastrtps_cpp.so\n'}
[1.059016] (node_control_msgs) StdoutLine: {'line': b'-- Up-to-date: /data/rl_deploy/install/node_control_msgs/include/node_control_msgs/node_control_msgs\n'}
[1.059118] (node_control_msgs) StdoutLine: {'line': b'-- Up-to-date: /data/rl_deploy/install/node_control_msgs/include/node_control_msgs/node_control_msgs/srv\n'}
[1.059253] (node_control_msgs) StdoutLine: {'line': b'-- Up-to-date: /data/rl_deploy/install/node_control_msgs/include/node_control_msgs/node_control_msgs/srv/detail\n'}
[1.059358] (node_control_msgs) StdoutLine: {'line': b'-- Up-to-date: /data/rl_deploy/install/node_control_msgs/include/node_control_msgs/node_control_msgs/srv/detail/motor_config_status__rosidl_typesupport_introspection_cpp.hpp\n'}
[1.059497] (node_control_msgs) StdoutLine: {'line': b'-- Up-to-date: /data/rl_deploy/install/node_control_msgs/include/node_control_msgs/node_control_msgs/srv/detail/motor_config_status__type_support.cpp\n'}
[1.059705] (node_control_msgs) StdoutLine: {'line': b'-- Up-to-date: /data/rl_deploy/install/node_control_msgs/include/node_control_msgs/node_control_msgs/msg\n'}
[1.059824] (node_control_msgs) StdoutLine: {'line': b'-- Up-to-date: /data/rl_deploy/install/node_control_msgs/include/node_control_msgs/node_control_msgs/msg/detail\n'}
[1.059931] (node_control_msgs) StdoutLine: {'line': b'-- Up-to-date: /data/rl_deploy/install/node_control_msgs/include/node_control_msgs/node_control_msgs/msg/detail/motor_config__type_support.cpp\n'}
[1.060035] (node_control_msgs) StdoutLine: {'line': b'-- Up-to-date: /data/rl_deploy/install/node_control_msgs/include/node_control_msgs/node_control_msgs/msg/detail/motor_feedback__type_support.cpp\n'}
[1.060136] (node_control_msgs) StdoutLine: {'line': b'-- Up-to-date: /data/rl_deploy/install/node_control_msgs/include/node_control_msgs/node_control_msgs/msg/detail/motor_info__type_support.cpp\n'}
[1.060237] (node_control_msgs) StdoutLine: {'line': b'-- Up-to-date: /data/rl_deploy/install/node_control_msgs/include/node_control_msgs/node_control_msgs/msg/detail/motor_health__rosidl_typesupport_introspection_cpp.hpp\n'}
[1.060337] (node_control_msgs) StdoutLine: {'line': b'-- Up-to-date: /data/rl_deploy/install/node_control_msgs/include/node_control_msgs/node_control_msgs/msg/detail/motor_config_dev__type_support.cpp\n'}
[1.060436] (node_control_msgs) StdoutLine: {'line': b'-- Up-to-date: /data/rl_deploy/install/node_control_msgs/include/node_control_msgs/node_control_msgs/msg/detail/motor_command__rosidl_typesupport_introspection_cpp.hpp\n'}
[1.060605] (node_control_msgs) StdoutLine: {'line': b'-- Up-to-date: /data/rl_deploy/install/node_control_msgs/include/node_control_msgs/node_control_msgs/msg/detail/motor_info_value__type_support.cpp\n'}
[1.060745] (node_control_msgs) StdoutLine: {'line': b'-- Up-to-date: /data/rl_deploy/install/node_control_msgs/include/node_control_msgs/node_control_msgs/msg/detail/motor_health_state__rosidl_typesupport_introspection_cpp.hpp\n'}
[1.060865] (node_control_msgs) StdoutLine: {'line': b'-- Up-to-date: /data/rl_deploy/install/node_control_msgs/include/node_control_msgs/node_control_msgs/msg/detail/motor_feedback__rosidl_typesupport_introspection_cpp.hpp\n'}
[1.060979] (node_control_msgs) StdoutLine: {'line': b'-- Up-to-date: /data/rl_deploy/install/node_control_msgs/include/node_control_msgs/node_control_msgs/msg/detail/motor_control__rosidl_typesupport_introspection_cpp.hpp\n'}
[1.061081] (node_control_msgs) StdoutLine: {'line': b'-- Up-to-date: /data/rl_deploy/install/node_control_msgs/include/node_control_msgs/node_control_msgs/msg/detail/motor_info_value__rosidl_typesupport_introspection_cpp.hpp\n'}
[1.061180] (node_control_msgs) StdoutLine: {'line': b'-- Up-to-date: /data/rl_deploy/install/node_control_msgs/include/node_control_msgs/node_control_msgs/msg/detail/motor_command_feedback__type_support.cpp\n'}
[1.061294] (node_control_msgs) StdoutLine: {'line': b'-- Up-to-date: /data/rl_deploy/install/node_control_msgs/include/node_control_msgs/node_control_msgs/msg/detail/motor_config_dev__rosidl_typesupport_introspection_cpp.hpp\n'}
[1.061393] (node_control_msgs) StdoutLine: {'line': b'-- Up-to-date: /data/rl_deploy/install/node_control_msgs/include/node_control_msgs/node_control_msgs/msg/detail/motor_info__rosidl_typesupport_introspection_cpp.hpp\n'}
[1.061492] (node_control_msgs) StdoutLine: {'line': b'-- Up-to-date: /data/rl_deploy/install/node_control_msgs/include/node_control_msgs/node_control_msgs/msg/detail/motor_config__rosidl_typesupport_introspection_cpp.hpp\n'}
[1.061702] (node_control_msgs) StdoutLine: {'line': b'-- Up-to-date: /data/rl_deploy/install/node_control_msgs/include/node_control_msgs/node_control_msgs/msg/detail/motor_health__type_support.cpp\n'}
[1.061817] (node_control_msgs) StdoutLine: {'line': b'-- Up-to-date: /data/rl_deploy/install/node_control_msgs/include/node_control_msgs/node_control_msgs/msg/detail/motor_control__type_support.cpp\n'}
[1.061929] (node_control_msgs) StdoutLine: {'line': b'-- Up-to-date: /data/rl_deploy/install/node_control_msgs/include/node_control_msgs/node_control_msgs/msg/detail/motor_command__type_support.cpp\n'}
[1.062030] (node_control_msgs) StdoutLine: {'line': b'-- Up-to-date: /data/rl_deploy/install/node_control_msgs/include/node_control_msgs/node_control_msgs/msg/detail/motor_health_state__type_support.cpp\n'}
[1.062129] (node_control_msgs) StdoutLine: {'line': b'-- Up-to-date: /data/rl_deploy/install/node_control_msgs/include/node_control_msgs/node_control_msgs/msg/detail/motor_command_feedback__rosidl_typesupport_introspection_cpp.hpp\n'}
[1.062228] (node_control_msgs) StdoutLine: {'line': b'-- Up-to-date: /data/rl_deploy/install/node_control_msgs/lib/libnode_control_msgs__rosidl_typesupport_introspection_cpp.so\n'}
[1.062326] (node_control_msgs) StdoutLine: {'line': b'-- Up-to-date: /data/rl_deploy/install/node_control_msgs/lib/libnode_control_msgs__rosidl_typesupport_cpp.so\n'}
[1.062422] (node_control_msgs) StdoutLine: {'line': b'-- Up-to-date: /data/rl_deploy/install/node_control_msgs/share/node_control_msgs/environment/pythonpath.sh\n'}
[1.062520] (node_control_msgs) StdoutLine: {'line': b'-- Up-to-date: /data/rl_deploy/install/node_control_msgs/share/node_control_msgs/environment/pythonpath.dsv\n'}
[1.062723] (node_control_msgs) StdoutLine: {'line': b'-- Up-to-date: /data/rl_deploy/install/node_control_msgs/local/lib/python3.10/dist-packages/node_control_msgs-0.0.0-py3.10.egg-info\n'}
[1.062862] (node_control_msgs) StdoutLine: {'line': b'-- Installing: /data/rl_deploy/install/node_control_msgs/local/lib/python3.10/dist-packages/node_control_msgs-0.0.0-py3.10.egg-info/top_level.txt\n'}
[1.062968] (node_control_msgs) StdoutLine: {'line': b'-- Installing: /data/rl_deploy/install/node_control_msgs/local/lib/python3.10/dist-packages/node_control_msgs-0.0.0-py3.10.egg-info/PKG-INFO\n'}
[1.063069] (node_control_msgs) StdoutLine: {'line': b'-- Installing: /data/rl_deploy/install/node_control_msgs/local/lib/python3.10/dist-packages/node_control_msgs-0.0.0-py3.10.egg-info/SOURCES.txt\n'}
[1.063200] (node_control_msgs) StdoutLine: {'line': b'-- Installing: /data/rl_deploy/install/node_control_msgs/local/lib/python3.10/dist-packages/node_control_msgs-0.0.0-py3.10.egg-info/dependency_links.txt\n'}
[1.063312] (node_control_msgs) StdoutLine: {'line': b'-- Up-to-date: /data/rl_deploy/install/node_control_msgs/local/lib/python3.10/dist-packages/node_control_msgs\n'}
[1.063414] (node_control_msgs) StdoutLine: {'line': b'-- Up-to-date: /data/rl_deploy/install/node_control_msgs/local/lib/python3.10/dist-packages/node_control_msgs/libnode_control_msgs__rosidl_generator_py.so\n'}
[1.063515] (node_control_msgs) StdoutLine: {'line': b'-- Up-to-date: /data/rl_deploy/install/node_control_msgs/local/lib/python3.10/dist-packages/node_control_msgs/node_control_msgs_s__rosidl_typesupport_introspection_c.cpython-310-aarch64-linux-gnu.so\n'}
[1.063728] (node_control_msgs) StdoutLine: {'line': b'-- Up-to-date: /data/rl_deploy/install/node_control_msgs/local/lib/python3.10/dist-packages/node_control_msgs/node_control_msgs_s__rosidl_typesupport_c.cpython-310-aarch64-linux-gnu.so\n'}
[1.063858] (node_control_msgs) StdoutLine: {'line': b'-- Up-to-date: /data/rl_deploy/install/node_control_msgs/local/lib/python3.10/dist-packages/node_control_msgs/_node_control_msgs_s.ep.rosidl_typesupport_introspection_c.c\n'}
[1.063965] (node_control_msgs) StdoutLine: {'line': b'-- Up-to-date: /data/rl_deploy/install/node_control_msgs/local/lib/python3.10/dist-packages/node_control_msgs/__init__.py\n'}
[1.064068] (node_control_msgs) StdoutLine: {'line': b'-- Up-to-date: /data/rl_deploy/install/node_control_msgs/local/lib/python3.10/dist-packages/node_control_msgs/node_control_msgs_s__rosidl_typesupport_fastrtps_c.cpython-310-aarch64-linux-gnu.so\n'}
[1.064170] (node_control_msgs) StdoutLine: {'line': b'-- Up-to-date: /data/rl_deploy/install/node_control_msgs/local/lib/python3.10/dist-packages/node_control_msgs/srv\n'}
[1.064269] (node_control_msgs) StdoutLine: {'line': b'-- Up-to-date: /data/rl_deploy/install/node_control_msgs/local/lib/python3.10/dist-packages/node_control_msgs/srv/_motor_config_status.py\n'}
[1.064369] (node_control_msgs) StdoutLine: {'line': b'-- Up-to-date: /data/rl_deploy/install/node_control_msgs/local/lib/python3.10/dist-packages/node_control_msgs/srv/_motor_config_status_s.c\n'}
[1.064468] (node_control_msgs) StdoutLine: {'line': b'-- Up-to-date: /data/rl_deploy/install/node_control_msgs/local/lib/python3.10/dist-packages/node_control_msgs/srv/__init__.py\n'}
[1.064665] (node_control_msgs) StdoutLine: {'line': b'-- Up-to-date: /data/rl_deploy/install/node_control_msgs/local/lib/python3.10/dist-packages/node_control_msgs/_node_control_msgs_s.ep.rosidl_typesupport_c.c\n'}
[1.064791] (node_control_msgs) StdoutLine: {'line': b'-- Up-to-date: /data/rl_deploy/install/node_control_msgs/local/lib/python3.10/dist-packages/node_control_msgs/_node_control_msgs_s.ep.rosidl_typesupport_fastrtps_c.c\n'}
[1.064901] (node_control_msgs) StdoutLine: {'line': b'-- Up-to-date: /data/rl_deploy/install/node_control_msgs/local/lib/python3.10/dist-packages/node_control_msgs/msg\n'}
[1.065004] (node_control_msgs) StdoutLine: {'line': b'-- Up-to-date: /data/rl_deploy/install/node_control_msgs/local/lib/python3.10/dist-packages/node_control_msgs/msg/_motor_config_dev_s.c\n'}
[1.065103] (node_control_msgs) StdoutLine: {'line': b'-- Up-to-date: /data/rl_deploy/install/node_control_msgs/local/lib/python3.10/dist-packages/node_control_msgs/msg/_motor_command_s.c\n'}
[1.065201] (node_control_msgs) StdoutLine: {'line': b'-- Up-to-date: /data/rl_deploy/install/node_control_msgs/local/lib/python3.10/dist-packages/node_control_msgs/msg/_motor_config_dev.py\n'}
[1.065298] (node_control_msgs) StdoutLine: {'line': b'-- Up-to-date: /data/rl_deploy/install/node_control_msgs/local/lib/python3.10/dist-packages/node_control_msgs/msg/_motor_config_s.c\n'}
[1.065396] (node_control_msgs) StdoutLine: {'line': b'-- Up-to-date: /data/rl_deploy/install/node_control_msgs/local/lib/python3.10/dist-packages/node_control_msgs/msg/_motor_control_s.c\n'}
[1.065494] (node_control_msgs) StdoutLine: {'line': b'-- Up-to-date: /data/rl_deploy/install/node_control_msgs/local/lib/python3.10/dist-packages/node_control_msgs/msg/_motor_info_value.py\n'}
[1.065703] (node_control_msgs) StdoutLine: {'line': b'-- Up-to-date: /data/rl_deploy/install/node_control_msgs/local/lib/python3.10/dist-packages/node_control_msgs/msg/_motor_info_value_s.c\n'}
[1.065819] (node_control_msgs) StdoutLine: {'line': b'-- Up-to-date: /data/rl_deploy/install/node_control_msgs/local/lib/python3.10/dist-packages/node_control_msgs/msg/_motor_health.py\n'}
[1.065924] (node_control_msgs) StdoutLine: {'line': b'-- Up-to-date: /data/rl_deploy/install/node_control_msgs/local/lib/python3.10/dist-packages/node_control_msgs/msg/_motor_command_feedback_s.c\n'}
[1.066043] (node_control_msgs) StdoutLine: {'line': b'-- Up-to-date: /data/rl_deploy/install/node_control_msgs/local/lib/python3.10/dist-packages/node_control_msgs/msg/__init__.py\n'}
[1.066146] (node_control_msgs) StdoutLine: {'line': b'-- Up-to-date: /data/rl_deploy/install/node_control_msgs/local/lib/python3.10/dist-packages/node_control_msgs/msg/_motor_config.py\n'}
[1.066269] (node_control_msgs) StdoutLine: {'line': b'-- Up-to-date: /data/rl_deploy/install/node_control_msgs/local/lib/python3.10/dist-packages/node_control_msgs/msg/_motor_health_s.c\n'}
[1.066370] (node_control_msgs) StdoutLine: {'line': b'-- Up-to-date: /data/rl_deploy/install/node_control_msgs/local/lib/python3.10/dist-packages/node_control_msgs/msg/_motor_command_feedback.py\n'}
[1.066470] (node_control_msgs) StdoutLine: {'line': b'-- Up-to-date: /data/rl_deploy/install/node_control_msgs/local/lib/python3.10/dist-packages/node_control_msgs/msg/_motor_info_s.c\n'}
[1.066681] (node_control_msgs) StdoutLine: {'line': b'-- Up-to-date: /data/rl_deploy/install/node_control_msgs/local/lib/python3.10/dist-packages/node_control_msgs/msg/_motor_info.py\n'}
[1.066800] (node_control_msgs) StdoutLine: {'line': b'-- Up-to-date: /data/rl_deploy/install/node_control_msgs/local/lib/python3.10/dist-packages/node_control_msgs/msg/_motor_health_state.py\n'}
[1.066907] (node_control_msgs) StdoutLine: {'line': b'-- Up-to-date: /data/rl_deploy/install/node_control_msgs/local/lib/python3.10/dist-packages/node_control_msgs/msg/_motor_feedback.py\n'}
[1.067006] (node_control_msgs) StdoutLine: {'line': b'-- Up-to-date: /data/rl_deploy/install/node_control_msgs/local/lib/python3.10/dist-packages/node_control_msgs/msg/_motor_control.py\n'}
[1.067118] (node_control_msgs) StdoutLine: {'line': b'-- Up-to-date: /data/rl_deploy/install/node_control_msgs/local/lib/python3.10/dist-packages/node_control_msgs/msg/_motor_feedback_s.c\n'}
[1.067292] (node_control_msgs) StdoutLine: {'line': b'-- Up-to-date: /data/rl_deploy/install/node_control_msgs/local/lib/python3.10/dist-packages/node_control_msgs/msg/_motor_health_state_s.c\n'}
[1.067402] (node_control_msgs) StdoutLine: {'line': b'-- Up-to-date: /data/rl_deploy/install/node_control_msgs/local/lib/python3.10/dist-packages/node_control_msgs/msg/_motor_command.py\n'}
[1.070888] (node_driver_msgs) StdoutLine: {'line': b'-- Install configuration: ""\n'}
[1.071196] (node_driver_msgs) StdoutLine: {'line': b'-- Up-to-date: /data/rl_deploy/install/node_driver_msgs/share/ament_index/resource_index/rosidl_interfaces/node_driver_msgs\n'}
[1.071368] (node_driver_msgs) StdoutLine: {'line': b'-- Up-to-date: /data/rl_deploy/install/node_driver_msgs/include/node_driver_msgs/node_driver_msgs\n'}
[1.071485] (node_driver_msgs) StdoutLine: {'line': b'-- Up-to-date: /data/rl_deploy/install/node_driver_msgs/include/node_driver_msgs/node_driver_msgs/msg\n'}
[1.071763] (node_driver_msgs) StdoutLine: {'line': b'-- Up-to-date: /data/rl_deploy/install/node_driver_msgs/include/node_driver_msgs/node_driver_msgs/msg/sensormsgcontrol.h\n'}
[1.071973] (node_driver_msgs) StdoutLine: {'line': b'-- Up-to-date: /data/rl_deploy/install/node_driver_msgs/include/node_driver_msgs/node_driver_msgs/msg/detail\n'}
[1.072129] (node_driver_msgs) StdoutLine: {'line': b'-- Up-to-date: /data/rl_deploy/install/node_driver_msgs/include/node_driver_msgs/node_driver_msgs/msg/detail/sensormsgcontrol__type_support.h\n'}
[1.072253] (node_driver_msgs) StdoutLine: {'line': b'-- Up-to-date: /data/rl_deploy/install/node_driver_msgs/include/node_driver_msgs/node_driver_msgs/msg/detail/sensormsgcontrol__functions.h\n'}
[1.072359] (node_driver_msgs) StdoutLine: {'line': b'-- Up-to-date: /data/rl_deploy/install/node_driver_msgs/include/node_driver_msgs/node_driver_msgs/msg/detail/sensormsgstate__functions.h\n'}
[1.072460] (node_driver_msgs) StdoutLine: {'line': b'-- Up-to-date: /data/rl_deploy/install/node_driver_msgs/include/node_driver_msgs/node_driver_msgs/msg/detail/sensormsgcontrol__struct.h\n'}
[1.072683] (node_driver_msgs) StdoutLine: {'line': b'-- Up-to-date: /data/rl_deploy/install/node_driver_msgs/include/node_driver_msgs/node_driver_msgs/msg/detail/sensormsgstate__struct.h\n'}
[1.072831] (node_driver_msgs) StdoutLine: {'line': b'-- Up-to-date: /data/rl_deploy/install/node_driver_msgs/include/node_driver_msgs/node_driver_msgs/msg/detail/sensormsgcontrol__functions.c\n'}
[1.072975] (node_driver_msgs) StdoutLine: {'line': b'-- Up-to-date: /data/rl_deploy/install/node_driver_msgs/include/node_driver_msgs/node_driver_msgs/msg/detail/sensormsgstate__functions.c\n'}
[1.073123] (node_driver_msgs) StdoutLine: {'line': b'-- Up-to-date: /data/rl_deploy/install/node_driver_msgs/include/node_driver_msgs/node_driver_msgs/msg/detail/sensormsgstate__type_support.h\n'}
[1.073267] (node_driver_msgs) StdoutLine: {'line': b'-- Up-to-date: /data/rl_deploy/install/node_driver_msgs/include/node_driver_msgs/node_driver_msgs/msg/rosidl_generator_c__visibility_control.h\n'}
[1.073428] (node_driver_msgs) StdoutLine: {'line': b'-- Up-to-date: /data/rl_deploy/install/node_driver_msgs/include/node_driver_msgs/node_driver_msgs/msg/sensormsgstate.h\n'}
[1.073631] (node_driver_msgs) StdoutLine: {'line': b'-- Up-to-date: /data/rl_deploy/install/node_driver_msgs/share/node_driver_msgs/environment/library_path.sh\n'}
[1.073789] (node_driver_msgs) StdoutLine: {'line': b'-- Up-to-date: /data/rl_deploy/install/node_driver_msgs/share/node_driver_msgs/environment/library_path.dsv\n'}
[1.073899] (node_driver_msgs) StdoutLine: {'line': b'-- Up-to-date: /data/rl_deploy/install/node_driver_msgs/lib/libnode_driver_msgs__rosidl_generator_c.so\n'}
[1.074037] (node_driver_msgs) StdoutLine: {'line': b'-- Up-to-date: /data/rl_deploy/install/node_driver_msgs/include/node_driver_msgs/node_driver_msgs\n'}
[1.074194] (node_driver_msgs) StdoutLine: {'line': b'-- Up-to-date: /data/rl_deploy/install/node_driver_msgs/include/node_driver_msgs/node_driver_msgs/msg\n'}
[1.074330] (node_driver_msgs) StdoutLine: {'line': b'-- Up-to-date: /data/rl_deploy/install/node_driver_msgs/include/node_driver_msgs/node_driver_msgs/msg/detail\n'}
[1.074739] (node_driver_msgs) StdoutLine: {'line': b'-- Up-to-date: /data/rl_deploy/install/node_driver_msgs/include/node_driver_msgs/node_driver_msgs/msg/detail/sensormsgcontrol__rosidl_typesupport_fastrtps_c.h\n'}
[1.074904] (node_driver_msgs) StdoutLine: {'line': b'-- Up-to-date: /data/rl_deploy/install/node_driver_msgs/include/node_driver_msgs/node_driver_msgs/msg/detail/sensormsgstate__rosidl_typesupport_fastrtps_c.h\n'}
[1.075052] (node_driver_msgs) StdoutLine: {'line': b'-- Up-to-date: /data/rl_deploy/install/node_driver_msgs/include/node_driver_msgs/node_driver_msgs/msg/rosidl_typesupport_fastrtps_c__visibility_control.h\n'}
[1.075214] (node_driver_msgs) StdoutLine: {'line': b'-- Up-to-date: /data/rl_deploy/install/node_driver_msgs/lib/libnode_driver_msgs__rosidl_typesupport_fastrtps_c.so\n'}
[1.075363] (node_driver_msgs) StdoutLine: {'line': b'-- Up-to-date: /data/rl_deploy/install/node_driver_msgs/include/node_driver_msgs/node_driver_msgs\n'}
[1.075472] (node_driver_msgs) StdoutLine: {'line': b'-- Up-to-date: /data/rl_deploy/install/node_driver_msgs/include/node_driver_msgs/node_driver_msgs/msg\n'}
[1.075774] (node_driver_msgs) StdoutLine: {'line': b'-- Up-to-date: /data/rl_deploy/install/node_driver_msgs/include/node_driver_msgs/node_driver_msgs/msg/detail\n'}
[1.075914] (node_driver_msgs) StdoutLine: {'line': b'-- Up-to-date: /data/rl_deploy/install/node_driver_msgs/include/node_driver_msgs/node_driver_msgs/msg/detail/sensormsgstate__type_support.c\n'}
[1.076156] (node_driver_msgs) StdoutLine: {'line': b'-- Up-to-date: /data/rl_deploy/install/node_driver_msgs/include/node_driver_msgs/node_driver_msgs/msg/detail/sensormsgcontrol__rosidl_typesupport_introspection_c.h\n'}
[1.076318] (node_driver_msgs) StdoutLine: {'line': b'-- Up-to-date: /data/rl_deploy/install/node_driver_msgs/include/node_driver_msgs/node_driver_msgs/msg/detail/sensormsgcontrol__type_support.c\n'}
[1.076450] (node_driver_msgs) StdoutLine: {'line': b'-- Up-to-date: /data/rl_deploy/install/node_driver_msgs/include/node_driver_msgs/node_driver_msgs/msg/detail/sensormsgstate__rosidl_typesupport_introspection_c.h\n'}
[1.076695] (node_driver_msgs) StdoutLine: {'line': b'-- Up-to-date: /data/rl_deploy/install/node_driver_msgs/include/node_driver_msgs/node_driver_msgs/msg/rosidl_typesupport_introspection_c__visibility_control.h\n'}
[1.076999] (node_driver_msgs) StdoutLine: {'line': b'-- Up-to-date: /data/rl_deploy/install/node_driver_msgs/lib/libnode_driver_msgs__rosidl_typesupport_introspection_c.so\n'}
[1.077132] (node_driver_msgs) StdoutLine: {'line': b'-- Up-to-date: /data/rl_deploy/install/node_driver_msgs/lib/libnode_driver_msgs__rosidl_typesupport_c.so\n'}
[1.077239] (node_driver_msgs) StdoutLine: {'line': b'-- Up-to-date: /data/rl_deploy/install/node_driver_msgs/include/node_driver_msgs/node_driver_msgs\n'}
[1.077343] (node_driver_msgs) StdoutLine: {'line': b'-- Up-to-date: /data/rl_deploy/install/node_driver_msgs/include/node_driver_msgs/node_driver_msgs/msg\n'}
[1.077444] (node_driver_msgs) StdoutLine: {'line': b'-- Up-to-date: /data/rl_deploy/install/node_driver_msgs/include/node_driver_msgs/node_driver_msgs/msg/sensormsgcontrol.hpp\n'}
[1.077652] (node_driver_msgs) StdoutLine: {'line': b'-- Up-to-date: /data/rl_deploy/install/node_driver_msgs/include/node_driver_msgs/node_driver_msgs/msg/detail\n'}
[1.077777] (node_driver_msgs) StdoutLine: {'line': b'-- Up-to-date: /data/rl_deploy/install/node_driver_msgs/include/node_driver_msgs/node_driver_msgs/msg/detail/sensormsgstate__type_support.hpp\n'}
[1.077965] (node_driver_msgs) StdoutLine: {'line': b'-- Up-to-date: /data/rl_deploy/install/node_driver_msgs/include/node_driver_msgs/node_driver_msgs/msg/detail/sensormsgcontrol__traits.hpp\n'}
[1.078126] (node_driver_msgs) StdoutLine: {'line': b'-- Up-to-date: /data/rl_deploy/install/node_driver_msgs/include/node_driver_msgs/node_driver_msgs/msg/detail/sensormsgstate__struct.hpp\n'}
[1.078233] (node_driver_msgs) StdoutLine: {'line': b'-- Up-to-date: /data/rl_deploy/install/node_driver_msgs/include/node_driver_msgs/node_driver_msgs/msg/detail/sensormsgcontrol__builder.hpp\n'}
[1.078335] (node_driver_msgs) StdoutLine: {'line': b'-- Up-to-date: /data/rl_deploy/install/node_driver_msgs/include/node_driver_msgs/node_driver_msgs/msg/detail/sensormsgcontrol__struct.hpp\n'}
[1.078433] (node_driver_msgs) StdoutLine: {'line': b'-- Up-to-date: /data/rl_deploy/install/node_driver_msgs/include/node_driver_msgs/node_driver_msgs/msg/detail/sensormsgstate__traits.hpp\n'}
[1.078663] (node_driver_msgs) StdoutLine: {'line': b'-- Up-to-date: /data/rl_deploy/install/node_driver_msgs/include/node_driver_msgs/node_driver_msgs/msg/detail/sensormsgcontrol__type_support.hpp\n'}
[1.078792] (node_driver_msgs) StdoutLine: {'line': b'-- Up-to-date: /data/rl_deploy/install/node_driver_msgs/include/node_driver_msgs/node_driver_msgs/msg/detail/sensormsgstate__builder.hpp\n'}
[1.078900] (node_driver_msgs) StdoutLine: {'line': b'-- Up-to-date: /data/rl_deploy/install/node_driver_msgs/include/node_driver_msgs/node_driver_msgs/msg/sensormsgstate.hpp\n'}
[1.079042] (node_driver_msgs) StdoutLine: {'line': b'-- Up-to-date: /data/rl_deploy/install/node_driver_msgs/include/node_driver_msgs/node_driver_msgs/msg/rosidl_generator_cpp__visibility_control.hpp\n'}
[1.079181] (node_driver_msgs) StdoutLine: {'line': b'-- Up-to-date: /data/rl_deploy/install/node_driver_msgs/include/node_driver_msgs/node_driver_msgs\n'}
[1.079322] (node_driver_msgs) StdoutLine: {'line': b'-- Up-to-date: /data/rl_deploy/install/node_driver_msgs/include/node_driver_msgs/node_driver_msgs/msg\n'}
[1.079427] (node_driver_msgs) StdoutLine: {'line': b'-- Up-to-date: /data/rl_deploy/install/node_driver_msgs/include/node_driver_msgs/node_driver_msgs/msg/rosidl_typesupport_fastrtps_cpp__visibility_control.h\n'}
[1.079601] (node_driver_msgs) StdoutLine: {'line': b'-- Up-to-date: /data/rl_deploy/install/node_driver_msgs/include/node_driver_msgs/node_driver_msgs/msg/detail\n'}
[1.079830] (node_driver_msgs) StdoutLine: {'line': b'-- Up-to-date: /data/rl_deploy/install/node_driver_msgs/include/node_driver_msgs/node_driver_msgs/msg/detail/dds_fastrtps\n'}
[1.079985] (node_driver_msgs) StdoutLine: {'line': b'-- Up-to-date: /data/rl_deploy/install/node_driver_msgs/include/node_driver_msgs/node_driver_msgs/msg/detail/sensormsgcontrol__rosidl_typesupport_fastrtps_cpp.hpp\n'}
[1.080092] (node_driver_msgs) StdoutLine: {'line': b'-- Up-to-date: /data/rl_deploy/install/node_driver_msgs/include/node_driver_msgs/node_driver_msgs/msg/detail/sensormsgstate__rosidl_typesupport_fastrtps_cpp.hpp\n'}
[1.080198] (node_driver_msgs) StdoutLine: {'line': b'-- Up-to-date: /data/rl_deploy/install/node_driver_msgs/lib/libnode_driver_msgs__rosidl_typesupport_fastrtps_cpp.so\n'}
[1.080299] (node_driver_msgs) StdoutLine: {'line': b'-- Up-to-date: /data/rl_deploy/install/node_driver_msgs/include/node_driver_msgs/node_driver_msgs\n'}
[1.080398] (node_driver_msgs) StdoutLine: {'line': b'-- Up-to-date: /data/rl_deploy/install/node_driver_msgs/include/node_driver_msgs/node_driver_msgs/msg\n'}
[1.080879] (node_driver_msgs) StdoutLine: {'line': b'-- Up-to-date: /data/rl_deploy/install/node_driver_msgs/include/node_driver_msgs/node_driver_msgs/msg/detail\n'}
[1.081002] (node_driver_msgs) StdoutLine: {'line': b'-- Up-to-date: /data/rl_deploy/install/node_driver_msgs/include/node_driver_msgs/node_driver_msgs/msg/detail/sensormsgstate__rosidl_typesupport_introspection_cpp.hpp\n'}
[1.081115] (node_driver_msgs) StdoutLine: {'line': b'-- Up-to-date: /data/rl_deploy/install/node_driver_msgs/include/node_driver_msgs/node_driver_msgs/msg/detail/sensormsgstate__type_support.cpp\n'}
[1.081221] (node_driver_msgs) StdoutLine: {'line': b'-- Up-to-date: /data/rl_deploy/install/node_driver_msgs/include/node_driver_msgs/node_driver_msgs/msg/detail/sensormsgcontrol__rosidl_typesupport_introspection_cpp.hpp\n'}
[1.081325] (node_driver_msgs) StdoutLine: {'line': b'-- Up-to-date: /data/rl_deploy/install/node_driver_msgs/include/node_driver_msgs/node_driver_msgs/msg/detail/sensormsgcontrol__type_support.cpp\n'}
[1.081427] (node_driver_msgs) StdoutLine: {'line': b'-- Up-to-date: /data/rl_deploy/install/node_driver_msgs/lib/libnode_driver_msgs__rosidl_typesupport_introspection_cpp.so\n'}
[1.081609] (node_driver_msgs) StdoutLine: {'line': b'-- Up-to-date: /data/rl_deploy/install/node_driver_msgs/lib/libnode_driver_msgs__rosidl_typesupport_cpp.so\n'}
[1.081827] (node_driver_msgs) StdoutLine: {'line': b'-- Up-to-date: /data/rl_deploy/install/node_driver_msgs/share/node_driver_msgs/environment/pythonpath.sh\n'}
[1.082021] (node_driver_msgs) StdoutLine: {'line': b'-- Up-to-date: /data/rl_deploy/install/node_driver_msgs/share/node_driver_msgs/environment/pythonpath.dsv\n'}
[1.082184] (node_driver_msgs) StdoutLine: {'line': b'-- Up-to-date: /data/rl_deploy/install/node_driver_msgs/local/lib/python3.10/dist-packages/node_driver_msgs-0.0.0-py3.10.egg-info\n'}
[1.082485] (node_driver_msgs) StdoutLine: {'line': b'-- Installing: /data/rl_deploy/install/node_driver_msgs/local/lib/python3.10/dist-packages/node_driver_msgs-0.0.0-py3.10.egg-info/top_level.txt\n'}
[1.082721] (node_driver_msgs) StdoutLine: {'line': b'-- Installing: /data/rl_deploy/install/node_driver_msgs/local/lib/python3.10/dist-packages/node_driver_msgs-0.0.0-py3.10.egg-info/PKG-INFO\n'}
[1.082837] (node_driver_msgs) StdoutLine: {'line': b'-- Installing: /data/rl_deploy/install/node_driver_msgs/local/lib/python3.10/dist-packages/node_driver_msgs-0.0.0-py3.10.egg-info/SOURCES.txt\n'}
[1.082942] (node_driver_msgs) StdoutLine: {'line': b'-- Installing: /data/rl_deploy/install/node_driver_msgs/local/lib/python3.10/dist-packages/node_driver_msgs-0.0.0-py3.10.egg-info/dependency_links.txt\n'}
[1.083043] (node_driver_msgs) StdoutLine: {'line': b'-- Up-to-date: /data/rl_deploy/install/node_driver_msgs/local/lib/python3.10/dist-packages/node_driver_msgs\n'}
[1.083142] (node_driver_msgs) StdoutLine: {'line': b'-- Up-to-date: /data/rl_deploy/install/node_driver_msgs/local/lib/python3.10/dist-packages/node_driver_msgs/_node_driver_msgs_s.ep.rosidl_typesupport_c.c\n'}
[1.083337] (node_driver_msgs) StdoutLine: {'line': b'-- Up-to-date: /data/rl_deploy/install/node_driver_msgs/local/lib/python3.10/dist-packages/node_driver_msgs/node_driver_msgs_s__rosidl_typesupport_fastrtps_c.cpython-310-aarch64-linux-gnu.so\n'}
[1.083459] (node_driver_msgs) StdoutLine: {'line': b'-- Up-to-date: /data/rl_deploy/install/node_driver_msgs/local/lib/python3.10/dist-packages/node_driver_msgs/_node_driver_msgs_s.ep.rosidl_typesupport_introspection_c.c\n'}
[1.083658] (node_driver_msgs) StdoutLine: {'line': b'-- Up-to-date: /data/rl_deploy/install/node_driver_msgs/local/lib/python3.10/dist-packages/node_driver_msgs/libnode_driver_msgs__rosidl_generator_py.so\n'}
[1.083781] (node_driver_msgs) StdoutLine: {'line': b'-- Up-to-date: /data/rl_deploy/install/node_driver_msgs/local/lib/python3.10/dist-packages/node_driver_msgs/node_driver_msgs_s__rosidl_typesupport_c.cpython-310-aarch64-linux-gnu.so\n'}
[1.083889] (node_driver_msgs) StdoutLine: {'line': b'-- Up-to-date: /data/rl_deploy/install/node_driver_msgs/local/lib/python3.10/dist-packages/node_driver_msgs/__init__.py\n'}
[1.083990] (node_driver_msgs) StdoutLine: {'line': b'-- Up-to-date: /data/rl_deploy/install/node_driver_msgs/local/lib/python3.10/dist-packages/node_driver_msgs/node_driver_msgs_s__rosidl_typesupport_introspection_c.cpython-310-aarch64-linux-gnu.so\n'}
[1.084092] (node_driver_msgs) StdoutLine: {'line': b'-- Up-to-date: /data/rl_deploy/install/node_driver_msgs/local/lib/python3.10/dist-packages/node_driver_msgs/_node_driver_msgs_s.ep.rosidl_typesupport_fastrtps_c.c\n'}
[1.084191] (node_driver_msgs) StdoutLine: {'line': b'-- Up-to-date: /data/rl_deploy/install/node_driver_msgs/local/lib/python3.10/dist-packages/node_driver_msgs/msg\n'}
[1.084294] (node_driver_msgs) StdoutLine: {'line': b'-- Up-to-date: /data/rl_deploy/install/node_driver_msgs/local/lib/python3.10/dist-packages/node_driver_msgs/msg/__init__.py\n'}
[1.084419] (node_driver_msgs) StdoutLine: {'line': b'-- Up-to-date: /data/rl_deploy/install/node_driver_msgs/local/lib/python3.10/dist-packages/node_driver_msgs/msg/_sensormsgstate_s.c\n'}
[1.084520] (node_driver_msgs) StdoutLine: {'line': b'-- Up-to-date: /data/rl_deploy/install/node_driver_msgs/local/lib/python3.10/dist-packages/node_driver_msgs/msg/_sensormsgcontrol.py\n'}
[1.084716] (node_driver_msgs) StdoutLine: {'line': b'-- Up-to-date: /data/rl_deploy/install/node_driver_msgs/local/lib/python3.10/dist-packages/node_driver_msgs/msg/_sensormsgstate.py\n'}
[1.084829] (node_driver_msgs) StdoutLine: {'line': b'-- Up-to-date: /data/rl_deploy/install/node_driver_msgs/local/lib/python3.10/dist-packages/node_driver_msgs/msg/_sensormsgcontrol_s.c\n'}
[1.101925] (-) TimerEvent: {}
[1.104157] (node_control_msgs) StdoutLine: {'line': b"Listing '/data/rl_deploy/install/node_control_msgs/local/lib/python3.10/dist-packages/node_control_msgs'...\n"}
[1.104629] (node_control_msgs) StdoutLine: {'line': b"Listing '/data/rl_deploy/install/node_control_msgs/local/lib/python3.10/dist-packages/node_control_msgs/msg'...\n"}
[1.104826] (node_control_msgs) StdoutLine: {'line': b"Listing '/data/rl_deploy/install/node_control_msgs/local/lib/python3.10/dist-packages/node_control_msgs/srv'...\n"}
[1.115867] (node_control_msgs) StdoutLine: {'line': b'-- Up-to-date: /data/rl_deploy/install/node_control_msgs/local/lib/python3.10/dist-packages/node_control_msgs/node_control_msgs_s__rosidl_typesupport_fastrtps_c.cpython-310-aarch64-linux-gnu.so\n'}
[1.116299] (node_control_msgs) StdoutLine: {'line': b'-- Up-to-date: /data/rl_deploy/install/node_control_msgs/local/lib/python3.10/dist-packages/node_control_msgs/node_control_msgs_s__rosidl_typesupport_introspection_c.cpython-310-aarch64-linux-gnu.so\n'}
[1.117007] (node_control_msgs) StdoutLine: {'line': b'-- Up-to-date: /data/rl_deploy/install/node_control_msgs/local/lib/python3.10/dist-packages/node_control_msgs/node_control_msgs_s__rosidl_typesupport_c.cpython-310-aarch64-linux-gnu.so\n'}
[1.117433] (node_control_msgs) StdoutLine: {'line': b'-- Up-to-date: /data/rl_deploy/install/node_control_msgs/lib/libnode_control_msgs__rosidl_generator_py.so\n'}
[1.117777] (node_control_msgs) StdoutLine: {'line': b'-- Up-to-date: /data/rl_deploy/install/node_control_msgs/share/ament_index/resource_index/rust_packages/node_control_msgs\n'}
[1.117984] (node_control_msgs) StdoutLine: {'line': b'-- Up-to-date: /data/rl_deploy/install/node_control_msgs/share/node_control_msgs/rust\n'}
[1.118174] (node_control_msgs) StdoutLine: {'line': b'-- Up-to-date: /data/rl_deploy/install/node_control_msgs/share/node_control_msgs/rust/Cargo.toml\n'}
[1.118348] (node_control_msgs) StdoutLine: {'line': b'-- Up-to-date: /data/rl_deploy/install/node_control_msgs/share/node_control_msgs/rust/src\n'}
[1.118496] (node_control_msgs) StdoutLine: {'line': b'-- Up-to-date: /data/rl_deploy/install/node_control_msgs/share/node_control_msgs/rust/src/lib.rs\n'}
[1.118701] (node_control_msgs) StdoutLine: {'line': b'-- Up-to-date: /data/rl_deploy/install/node_control_msgs/share/node_control_msgs/rust/src/srv.rs\n'}
[1.118971] (node_control_msgs) StdoutLine: {'line': b'-- Up-to-date: /data/rl_deploy/install/node_control_msgs/share/node_control_msgs/rust/src/srv\n'}
[1.119181] (node_control_msgs) StdoutLine: {'line': b'-- Up-to-date: /data/rl_deploy/install/node_control_msgs/share/node_control_msgs/rust/src/srv/rmw.rs\n'}
[1.119548] (node_control_msgs) StdoutLine: {'line': b'-- Up-to-date: /data/rl_deploy/install/node_control_msgs/share/node_control_msgs/rust/src/msg.rs\n'}
[1.119840] (node_control_msgs) StdoutLine: {'line': b'-- Up-to-date: /data/rl_deploy/install/node_control_msgs/share/node_control_msgs/rust/src/msg\n'}
[1.120097] (node_control_msgs) StdoutLine: {'line': b'-- Up-to-date: /data/rl_deploy/install/node_control_msgs/share/node_control_msgs/rust/src/msg/rmw.rs\n'}
[1.120239] (node_control_msgs) StdoutLine: {'line': b'-- Up-to-date: /data/rl_deploy/install/node_control_msgs/share/node_control_msgs/rust/build.rs\n'}
[1.120493] (node_control_msgs) StdoutLine: {'line': b'-- Up-to-date: /data/rl_deploy/install/node_control_msgs/share/node_control_msgs/msg/MotorCommandFeedback.idl\n'}
[1.120671] (node_control_msgs) StdoutLine: {'line': b'-- Up-to-date: /data/rl_deploy/install/node_control_msgs/share/node_control_msgs/msg/MotorCommand.idl\n'}
[1.121035] (node_control_msgs) StdoutLine: {'line': b'-- Up-to-date: /data/rl_deploy/install/node_control_msgs/share/node_control_msgs/msg/MotorConfig.idl\n'}
[1.121228] (node_control_msgs) StdoutLine: {'line': b'-- Up-to-date: /data/rl_deploy/install/node_control_msgs/share/node_control_msgs/msg/MotorConfigDev.idl\n'}
[1.121345] (node_control_msgs) StdoutLine: {'line': b'-- Up-to-date: /data/rl_deploy/install/node_control_msgs/share/node_control_msgs/msg/MotorControl.idl\n'}
[1.121502] (node_control_msgs) StdoutLine: {'line': b'-- Up-to-date: /data/rl_deploy/install/node_control_msgs/share/node_control_msgs/msg/MotorFeedback.idl\n'}
[1.121608] (node_control_msgs) StdoutLine: {'line': b'-- Up-to-date: /data/rl_deploy/install/node_control_msgs/share/node_control_msgs/msg/MotorHealth.idl\n'}
[1.121894] (node_control_msgs) StdoutLine: {'line': b'-- Up-to-date: /data/rl_deploy/install/node_control_msgs/share/node_control_msgs/msg/MotorHealthState.idl\n'}
[1.122026] (node_control_msgs) StdoutLine: {'line': b'-- Up-to-date: /data/rl_deploy/install/node_control_msgs/share/node_control_msgs/msg/MotorInfo.idl\n'}
[1.122199] (node_control_msgs) StdoutLine: {'line': b'-- Up-to-date: /data/rl_deploy/install/node_control_msgs/share/node_control_msgs/msg/MotorInfoValue.idl\n'}
[1.122356] (node_control_msgs) StdoutLine: {'line': b'-- Up-to-date: /data/rl_deploy/install/node_control_msgs/share/node_control_msgs/srv/MotorConfigStatus.idl\n'}
[1.122489] (node_control_msgs) StdoutLine: {'line': b'-- Up-to-date: /data/rl_deploy/install/node_control_msgs/share/node_control_msgs/msg/MotorCommandFeedback.msg\n'}
[1.122721] (node_control_msgs) StdoutLine: {'line': b'-- Up-to-date: /data/rl_deploy/install/node_control_msgs/share/node_control_msgs/msg/MotorCommand.msg\n'}
[1.123019] (node_control_msgs) StdoutLine: {'line': b'-- Up-to-date: /data/rl_deploy/install/node_control_msgs/share/node_control_msgs/msg/MotorConfig.msg\n'}
[1.123141] (node_control_msgs) StdoutLine: {'line': b'-- Up-to-date: /data/rl_deploy/install/node_control_msgs/share/node_control_msgs/msg/MotorConfigDev.msg\n'}
[1.123383] (node_control_msgs) StdoutLine: {'line': b'-- Up-to-date: /data/rl_deploy/install/node_control_msgs/share/node_control_msgs/msg/MotorControl.msg\n'}
[1.123499] (node_control_msgs) StdoutLine: {'line': b'-- Up-to-date: /data/rl_deploy/install/node_control_msgs/share/node_control_msgs/msg/MotorFeedback.msg\n'}
[1.123732] (node_control_msgs) StdoutLine: {'line': b'-- Up-to-date: /data/rl_deploy/install/node_control_msgs/share/node_control_msgs/msg/MotorHealth.msg\n'}
[1.123869] (node_control_msgs) StdoutLine: {'line': b'-- Up-to-date: /data/rl_deploy/install/node_control_msgs/share/node_control_msgs/msg/MotorHealthState.msg\n'}
[1.124028] (node_control_msgs) StdoutLine: {'line': b'-- Up-to-date: /data/rl_deploy/install/node_control_msgs/share/node_control_msgs/msg/MotorInfo.msg\n'}
[1.124168] (node_control_msgs) StdoutLine: {'line': b'-- Up-to-date: /data/rl_deploy/install/node_control_msgs/share/node_control_msgs/msg/MotorInfoValue.msg\n'}
[1.124307] (node_control_msgs) StdoutLine: {'line': b'-- Up-to-date: /data/rl_deploy/install/node_control_msgs/share/node_control_msgs/srv/MotorConfigStatus.srv\n'}
[1.124442] (node_control_msgs) StdoutLine: {'line': b'-- Up-to-date: /data/rl_deploy/install/node_control_msgs/share/node_control_msgs/srv/MotorConfigStatus_Request.msg\n'}
[1.124661] (node_control_msgs) StdoutLine: {'line': b'-- Up-to-date: /data/rl_deploy/install/node_control_msgs/share/node_control_msgs/srv/MotorConfigStatus_Response.msg\n'}
[1.124830] (node_control_msgs) StdoutLine: {'line': b'-- Up-to-date: /data/rl_deploy/install/node_control_msgs/share/ament_index/resource_index/package_run_dependencies/node_control_msgs\n'}
[1.124945] (node_control_msgs) StdoutLine: {'line': b'-- Up-to-date: /data/rl_deploy/install/node_control_msgs/share/ament_index/resource_index/parent_prefix_path/node_control_msgs\n'}
[1.125050] (node_control_msgs) StdoutLine: {'line': b'-- Up-to-date: /data/rl_deploy/install/node_control_msgs/share/node_control_msgs/environment/ament_prefix_path.sh\n'}
[1.125303] (node_control_msgs) StdoutLine: {'line': b'-- Up-to-date: /data/rl_deploy/install/node_control_msgs/share/node_control_msgs/environment/ament_prefix_path.dsv\n'}
[1.125413] (node_control_msgs) StdoutLine: {'line': b'-- Up-to-date: /data/rl_deploy/install/node_control_msgs/share/node_control_msgs/environment/path.sh\n'}
[1.125519] (node_control_msgs) StdoutLine: {'line': b'-- Up-to-date: /data/rl_deploy/install/node_control_msgs/share/node_control_msgs/environment/path.dsv\n'}
[1.125715] (node_control_msgs) StdoutLine: {'line': b'-- Up-to-date: /data/rl_deploy/install/node_control_msgs/share/node_control_msgs/local_setup.bash\n'}
[1.125825] (node_control_msgs) StdoutLine: {'line': b'-- Up-to-date: /data/rl_deploy/install/node_control_msgs/share/node_control_msgs/local_setup.sh\n'}
[1.125929] (node_control_msgs) StdoutLine: {'line': b'-- Up-to-date: /data/rl_deploy/install/node_control_msgs/share/node_control_msgs/local_setup.zsh\n'}
[1.126030] (node_control_msgs) StdoutLine: {'line': b'-- Up-to-date: /data/rl_deploy/install/node_control_msgs/share/node_control_msgs/local_setup.dsv\n'}
[1.126129] (node_control_msgs) StdoutLine: {'line': b'-- Installing: /data/rl_deploy/install/node_control_msgs/share/node_control_msgs/package.dsv\n'}
[1.126228] (node_control_msgs) StdoutLine: {'line': b'-- Up-to-date: /data/rl_deploy/install/node_control_msgs/share/ament_index/resource_index/packages/node_control_msgs\n'}
[1.126326] (node_control_msgs) StdoutLine: {'line': b'-- Up-to-date: /data/rl_deploy/install/node_control_msgs/share/node_control_msgs/cmake/export_node_control_msgs__rosidl_generator_cExport.cmake\n'}
[1.126425] (node_control_msgs) StdoutLine: {'line': b'-- Up-to-date: /data/rl_deploy/install/node_control_msgs/share/node_control_msgs/cmake/export_node_control_msgs__rosidl_generator_cExport-noconfig.cmake\n'}
[1.126577] (node_control_msgs) StdoutLine: {'line': b'-- Up-to-date: /data/rl_deploy/install/node_control_msgs/share/node_control_msgs/cmake/export_node_control_msgs__rosidl_typesupport_fastrtps_cExport.cmake\n'}
[1.126751] (node_control_msgs) StdoutLine: {'line': b'-- Up-to-date: /data/rl_deploy/install/node_control_msgs/share/node_control_msgs/cmake/export_node_control_msgs__rosidl_typesupport_fastrtps_cExport-noconfig.cmake\n'}
[1.126863] (node_control_msgs) StdoutLine: {'line': b'-- Up-to-date: /data/rl_deploy/install/node_control_msgs/share/node_control_msgs/cmake/node_control_msgs__rosidl_typesupport_introspection_cExport.cmake\n'}
[1.126966] (node_control_msgs) StdoutLine: {'line': b'-- Up-to-date: /data/rl_deploy/install/node_control_msgs/share/node_control_msgs/cmake/node_control_msgs__rosidl_typesupport_introspection_cExport-noconfig.cmake\n'}
[1.127289] (node_control_msgs) StdoutLine: {'line': b'-- Up-to-date: /data/rl_deploy/install/node_control_msgs/share/node_control_msgs/cmake/node_control_msgs__rosidl_typesupport_cExport.cmake\n'}
[1.127645] (node_control_msgs) StdoutLine: {'line': b'-- Up-to-date: /data/rl_deploy/install/node_control_msgs/share/node_control_msgs/cmake/node_control_msgs__rosidl_typesupport_cExport-noconfig.cmake\n'}
[1.127990] (node_control_msgs) StdoutLine: {'line': b'-- Up-to-date: /data/rl_deploy/install/node_control_msgs/share/node_control_msgs/cmake/export_node_control_msgs__rosidl_generator_cppExport.cmake\n'}
[1.131946] (node_control_msgs) StdoutLine: {'line': b'-- Up-to-date: /data/rl_deploy/install/node_control_msgs/share/node_control_msgs/cmake/export_node_control_msgs__rosidl_typesupport_fastrtps_cppExport.cmake\n'}
[1.132520] (node_control_msgs) StdoutLine: {'line': b'-- Up-to-date: /data/rl_deploy/install/node_control_msgs/share/node_control_msgs/cmake/export_node_control_msgs__rosidl_typesupport_fastrtps_cppExport-noconfig.cmake\n'}
[1.132726] (node_control_msgs) StdoutLine: {'line': b'-- Up-to-date: /data/rl_deploy/install/node_control_msgs/share/node_control_msgs/cmake/node_control_msgs__rosidl_typesupport_introspection_cppExport.cmake\n'}
[1.133043] (node_control_msgs) StdoutLine: {'line': b'-- Up-to-date: /data/rl_deploy/install/node_control_msgs/share/node_control_msgs/cmake/node_control_msgs__rosidl_typesupport_introspection_cppExport-noconfig.cmake\n'}
[1.133593] (node_control_msgs) StdoutLine: {'line': b'-- Up-to-date: /data/rl_deploy/install/node_control_msgs/share/node_control_msgs/cmake/node_control_msgs__rosidl_typesupport_cppExport.cmake\n'}
[1.134056] (node_control_msgs) StdoutLine: {'line': b'-- Up-to-date: /data/rl_deploy/install/node_control_msgs/share/node_control_msgs/cmake/node_control_msgs__rosidl_typesupport_cppExport-noconfig.cmake\n'}
[1.134261] (node_control_msgs) StdoutLine: {'line': b'-- Up-to-date: /data/rl_deploy/install/node_control_msgs/share/node_control_msgs/cmake/export_node_control_msgs__rosidl_generator_pyExport.cmake\n'}
[1.134465] (node_control_msgs) StdoutLine: {'line': b'-- Up-to-date: /data/rl_deploy/install/node_control_msgs/share/node_control_msgs/cmake/export_node_control_msgs__rosidl_generator_pyExport-noconfig.cmake\n'}
[1.134643] (node_control_msgs) StdoutLine: {'line': b'-- Up-to-date: /data/rl_deploy/install/node_control_msgs/share/node_control_msgs/cmake/rosidl_cmake-extras.cmake\n'}
[1.134844] (node_control_msgs) StdoutLine: {'line': b'-- Up-to-date: /data/rl_deploy/install/node_control_msgs/share/node_control_msgs/cmake/ament_cmake_export_dependencies-extras.cmake\n'}
[1.135117] (node_control_msgs) StdoutLine: {'line': b'-- Up-to-date: /data/rl_deploy/install/node_control_msgs/share/node_control_msgs/cmake/ament_cmake_export_include_directories-extras.cmake\n'}
[1.135298] (node_control_msgs) StdoutLine: {'line': b'-- Up-to-date: /data/rl_deploy/install/node_control_msgs/share/node_control_msgs/cmake/ament_cmake_export_libraries-extras.cmake\n'}
[1.135417] (node_control_msgs) StdoutLine: {'line': b'-- Up-to-date: /data/rl_deploy/install/node_control_msgs/share/node_control_msgs/cmake/ament_cmake_export_targets-extras.cmake\n'}
[1.135543] (node_control_msgs) StdoutLine: {'line': b'-- Up-to-date: /data/rl_deploy/install/node_control_msgs/share/node_control_msgs/cmake/rosidl_cmake_export_typesupport_targets-extras.cmake\n'}
[1.136060] (node_control_msgs) StdoutLine: {'line': b'-- Up-to-date: /data/rl_deploy/install/node_control_msgs/share/node_control_msgs/cmake/rosidl_cmake_export_typesupport_libraries-extras.cmake\n'}
[1.136267] (node_control_msgs) StdoutLine: {'line': b'-- Up-to-date: /data/rl_deploy/install/node_control_msgs/share/node_control_msgs/cmake/node_control_msgsConfig.cmake\n'}
[1.136615] (node_control_msgs) StdoutLine: {'line': b'-- Up-to-date: /data/rl_deploy/install/node_control_msgs/share/node_control_msgs/cmake/node_control_msgsConfig-version.cmake\n'}
[1.136812] (node_control_msgs) StdoutLine: {'line': b'-- Up-to-date: /data/rl_deploy/install/node_control_msgs/share/node_control_msgs/package.xml\n'}
[1.137253] (node_control_msgs) CommandEnded: {'returncode': 0}
[1.137994] (node_driver_msgs) StdoutLine: {'line': b"Listing '/data/rl_deploy/install/node_driver_msgs/local/lib/python3.10/dist-packages/node_driver_msgs'...\n"}
[1.138208] (node_driver_msgs) StdoutLine: {'line': b"Listing '/data/rl_deploy/install/node_driver_msgs/local/lib/python3.10/dist-packages/node_driver_msgs/msg'...\n"}
[1.147004] (node_driver_msgs) StdoutLine: {'line': b'-- Up-to-date: /data/rl_deploy/install/node_driver_msgs/local/lib/python3.10/dist-packages/node_driver_msgs/node_driver_msgs_s__rosidl_typesupport_fastrtps_c.cpython-310-aarch64-linux-gnu.so\n'}
[1.147433] (node_driver_msgs) StdoutLine: {'line': b'-- Up-to-date: /data/rl_deploy/install/node_driver_msgs/local/lib/python3.10/dist-packages/node_driver_msgs/node_driver_msgs_s__rosidl_typesupport_introspection_c.cpython-310-aarch64-linux-gnu.so\n'}
[1.148433] (node_driver_msgs) StdoutLine: {'line': b'-- Up-to-date: /data/rl_deploy/install/node_driver_msgs/local/lib/python3.10/dist-packages/node_driver_msgs/node_driver_msgs_s__rosidl_typesupport_c.cpython-310-aarch64-linux-gnu.so\n'}
[1.148794] (node_driver_msgs) StdoutLine: {'line': b'-- Up-to-date: /data/rl_deploy/install/node_driver_msgs/lib/libnode_driver_msgs__rosidl_generator_py.so\n'}
[1.149198] (node_driver_msgs) StdoutLine: {'line': b'-- Up-to-date: /data/rl_deploy/install/node_driver_msgs/share/ament_index/resource_index/rust_packages/node_driver_msgs\n'}
[1.150433] (node_driver_msgs) StdoutLine: {'line': b'-- Up-to-date: /data/rl_deploy/install/node_driver_msgs/share/node_driver_msgs/rust\n'}
[1.152582] (node_driver_msgs) StdoutLine: {'line': b'-- Up-to-date: /data/rl_deploy/install/node_driver_msgs/share/node_driver_msgs/rust/Cargo.toml\n'}
[1.153297] (node_driver_msgs) StdoutLine: {'line': b'-- Up-to-date: /data/rl_deploy/install/node_driver_msgs/share/node_driver_msgs/rust/src\n'}
[1.153646] (node_driver_msgs) StdoutLine: {'line': b'-- Up-to-date: /data/rl_deploy/install/node_driver_msgs/share/node_driver_msgs/rust/src/lib.rs\n'}
[1.154227] (node_driver_msgs) StdoutLine: {'line': b'-- Up-to-date: /data/rl_deploy/install/node_driver_msgs/share/node_driver_msgs/rust/src/msg.rs\n'}
[1.155297] (node_driver_msgs) StdoutLine: {'line': b'-- Up-to-date: /data/rl_deploy/install/node_driver_msgs/share/node_driver_msgs/rust/src/msg\n'}
[1.155582] (node_driver_msgs) StdoutLine: {'line': b'-- Up-to-date: /data/rl_deploy/install/node_driver_msgs/share/node_driver_msgs/rust/src/msg/rmw.rs\n'}
[1.155769] (node_driver_msgs) StdoutLine: {'line': b'-- Up-to-date: /data/rl_deploy/install/node_driver_msgs/share/node_driver_msgs/rust/build.rs\n'}
[1.155973] (node_driver_msgs) StdoutLine: {'line': b'-- Up-to-date: /data/rl_deploy/install/node_driver_msgs/share/node_driver_msgs/msg/Sensormsgcontrol.idl\n'}
[1.157087] (node_driver_msgs) StdoutLine: {'line': b'-- Up-to-date: /data/rl_deploy/install/node_driver_msgs/share/node_driver_msgs/msg/Sensormsgstate.idl\n'}
[1.157342] (node_driver_msgs) StdoutLine: {'line': b'-- Up-to-date: /data/rl_deploy/install/node_driver_msgs/share/node_driver_msgs/msg/Sensormsgcontrol.msg\n'}
[1.158381] (node_driver_msgs) StdoutLine: {'line': b'-- Up-to-date: /data/rl_deploy/install/node_driver_msgs/share/node_driver_msgs/msg/Sensormsgstate.msg\n'}
[1.158979] (node_driver_msgs) StdoutLine: {'line': b'-- Up-to-date: /data/rl_deploy/install/node_driver_msgs/share/ament_index/resource_index/package_run_dependencies/node_driver_msgs\n'}
[1.159209] (node_driver_msgs) StdoutLine: {'line': b'-- Up-to-date: /data/rl_deploy/install/node_driver_msgs/share/ament_index/resource_index/parent_prefix_path/node_driver_msgs\n'}
[1.159414] (node_driver_msgs) StdoutLine: {'line': b'-- Up-to-date: /data/rl_deploy/install/node_driver_msgs/share/node_driver_msgs/environment/ament_prefix_path.sh\n'}
[1.159917] (node_driver_msgs) StdoutLine: {'line': b'-- Up-to-date: /data/rl_deploy/install/node_driver_msgs/share/node_driver_msgs/environment/ament_prefix_path.dsv\n'}
[1.160119] (node_driver_msgs) StdoutLine: {'line': b'-- Up-to-date: /data/rl_deploy/install/node_driver_msgs/share/node_driver_msgs/environment/path.sh\n'}
[1.160584] (node_driver_msgs) StdoutLine: {'line': b'-- Up-to-date: /data/rl_deploy/install/node_driver_msgs/share/node_driver_msgs/environment/path.dsv\n'}
[1.160822] (node_driver_msgs) StdoutLine: {'line': b'-- Up-to-date: /data/rl_deploy/install/node_driver_msgs/share/node_driver_msgs/local_setup.bash\n'}
[1.161220] (node_driver_msgs) StdoutLine: {'line': b'-- Up-to-date: /data/rl_deploy/install/node_driver_msgs/share/node_driver_msgs/local_setup.sh\n'}
[1.161399] (node_driver_msgs) StdoutLine: {'line': b'-- Up-to-date: /data/rl_deploy/install/node_driver_msgs/share/node_driver_msgs/local_setup.zsh\n'}
[1.161972] (node_driver_msgs) StdoutLine: {'line': b'-- Up-to-date: /data/rl_deploy/install/node_driver_msgs/share/node_driver_msgs/local_setup.dsv\n'}
[1.162163] (node_driver_msgs) StdoutLine: {'line': b'-- Installing: /data/rl_deploy/install/node_driver_msgs/share/node_driver_msgs/package.dsv\n'}
[1.162604] (node_driver_msgs) StdoutLine: {'line': b'-- Up-to-date: /data/rl_deploy/install/node_driver_msgs/share/ament_index/resource_index/packages/node_driver_msgs\n'}
[1.163931] (node_driver_msgs) StdoutLine: {'line': b'-- Up-to-date: /data/rl_deploy/install/node_driver_msgs/share/node_driver_msgs/cmake/export_node_driver_msgs__rosidl_generator_cExport.cmake\n'}
[1.164876] (node_driver_msgs) StdoutLine: {'line': b'-- Up-to-date: /data/rl_deploy/install/node_driver_msgs/share/node_driver_msgs/cmake/export_node_driver_msgs__rosidl_generator_cExport-noconfig.cmake\n'}
[1.165089] (node_driver_msgs) StdoutLine: {'line': b'-- Up-to-date: /data/rl_deploy/install/node_driver_msgs/share/node_driver_msgs/cmake/export_node_driver_msgs__rosidl_typesupport_fastrtps_cExport.cmake\n'}
[1.166217] (node_driver_msgs) StdoutLine: {'line': b'-- Up-to-date: /data/rl_deploy/install/node_driver_msgs/share/node_driver_msgs/cmake/export_node_driver_msgs__rosidl_typesupport_fastrtps_cExport-noconfig.cmake\n'}
[1.166426] (node_driver_msgs) StdoutLine: {'line': b'-- Up-to-date: /data/rl_deploy/install/node_driver_msgs/share/node_driver_msgs/cmake/node_driver_msgs__rosidl_typesupport_introspection_cExport.cmake\n'}
[1.167495] (node_driver_msgs) StdoutLine: {'line': b'-- Up-to-date: /data/rl_deploy/install/node_driver_msgs/share/node_driver_msgs/cmake/node_driver_msgs__rosidl_typesupport_introspection_cExport-noconfig.cmake\n'}
[1.167794] (node_driver_msgs) StdoutLine: {'line': b'-- Up-to-date: /data/rl_deploy/install/node_driver_msgs/share/node_driver_msgs/cmake/node_driver_msgs__rosidl_typesupport_cExport.cmake\n'}
[1.168008] (node_driver_msgs) StdoutLine: {'line': b'-- Up-to-date: /data/rl_deploy/install/node_driver_msgs/share/node_driver_msgs/cmake/node_driver_msgs__rosidl_typesupport_cExport-noconfig.cmake\n'}
[1.168438] (node_driver_msgs) StdoutLine: {'line': b'-- Up-to-date: /data/rl_deploy/install/node_driver_msgs/share/node_driver_msgs/cmake/export_node_driver_msgs__rosidl_generator_cppExport.cmake\n'}
[1.169448] (node_driver_msgs) StdoutLine: {'line': b'-- Up-to-date: /data/rl_deploy/install/node_driver_msgs/share/node_driver_msgs/cmake/export_node_driver_msgs__rosidl_typesupport_fastrtps_cppExport.cmake\n'}
[1.169696] (node_driver_msgs) StdoutLine: {'line': b'-- Up-to-date: /data/rl_deploy/install/node_driver_msgs/share/node_driver_msgs/cmake/export_node_driver_msgs__rosidl_typesupport_fastrtps_cppExport-noconfig.cmake\n'}
[1.169922] (node_driver_msgs) StdoutLine: {'line': b'-- Up-to-date: /data/rl_deploy/install/node_driver_msgs/share/node_driver_msgs/cmake/node_driver_msgs__rosidl_typesupport_introspection_cppExport.cmake\n'}
[1.170370] (node_driver_msgs) StdoutLine: {'line': b'-- Up-to-date: /data/rl_deploy/install/node_driver_msgs/share/node_driver_msgs/cmake/node_driver_msgs__rosidl_typesupport_introspection_cppExport-noconfig.cmake\n'}
[1.171366] (node_driver_msgs) StdoutLine: {'line': b'-- Up-to-date: /data/rl_deploy/install/node_driver_msgs/share/node_driver_msgs/cmake/node_driver_msgs__rosidl_typesupport_cppExport.cmake\n'}
[1.171562] (node_driver_msgs) StdoutLine: {'line': b'-- Up-to-date: /data/rl_deploy/install/node_driver_msgs/share/node_driver_msgs/cmake/node_driver_msgs__rosidl_typesupport_cppExport-noconfig.cmake\n'}
[1.172037] (node_driver_msgs) StdoutLine: {'line': b'-- Up-to-date: /data/rl_deploy/install/node_driver_msgs/share/node_driver_msgs/cmake/export_node_driver_msgs__rosidl_generator_pyExport.cmake\n'}
[1.172315] (node_driver_msgs) StdoutLine: {'line': b'-- Up-to-date: /data/rl_deploy/install/node_driver_msgs/share/node_driver_msgs/cmake/export_node_driver_msgs__rosidl_generator_pyExport-noconfig.cmake\n'}
[1.173192] (node_driver_msgs) StdoutLine: {'line': b'-- Up-to-date: /data/rl_deploy/install/node_driver_msgs/share/node_driver_msgs/cmake/rosidl_cmake-extras.cmake\n'}
[1.173410] (node_driver_msgs) StdoutLine: {'line': b'-- Up-to-date: /data/rl_deploy/install/node_driver_msgs/share/node_driver_msgs/cmake/ament_cmake_export_dependencies-extras.cmake\n'}
[1.173910] (node_driver_msgs) StdoutLine: {'line': b'-- Up-to-date: /data/rl_deploy/install/node_driver_msgs/share/node_driver_msgs/cmake/ament_cmake_export_include_directories-extras.cmake\n'}
[1.174136] (node_driver_msgs) StdoutLine: {'line': b'-- Up-to-date: /data/rl_deploy/install/node_driver_msgs/share/node_driver_msgs/cmake/ament_cmake_export_libraries-extras.cmake\n'}
[1.174414] (node_driver_msgs) StdoutLine: {'line': b'-- Up-to-date: /data/rl_deploy/install/node_driver_msgs/share/node_driver_msgs/cmake/ament_cmake_export_targets-extras.cmake\n'}
[1.174565] (node_driver_msgs) StdoutLine: {'line': b'-- Up-to-date: /data/rl_deploy/install/node_driver_msgs/share/node_driver_msgs/cmake/rosidl_cmake_export_typesupport_targets-extras.cmake\n'}
[1.174923] (node_driver_msgs) StdoutLine: {'line': b'-- Up-to-date: /data/rl_deploy/install/node_driver_msgs/share/node_driver_msgs/cmake/rosidl_cmake_export_typesupport_libraries-extras.cmake\n'}
[1.175199] (node_driver_msgs) StdoutLine: {'line': b'-- Up-to-date: /data/rl_deploy/install/node_driver_msgs/share/node_driver_msgs/cmake/node_driver_msgsConfig.cmake\n'}
[1.175478] (node_driver_msgs) StdoutLine: {'line': b'-- Up-to-date: /data/rl_deploy/install/node_driver_msgs/share/node_driver_msgs/cmake/node_driver_msgsConfig-version.cmake\n'}
[1.175669] (node_driver_msgs) StdoutLine: {'line': b'-- Up-to-date: /data/rl_deploy/install/node_driver_msgs/share/node_driver_msgs/package.xml\n'}
[1.193073] (node_control_msgs) JobEnded: {'identifier': 'node_control_msgs', 'rc': 0}
[1.195881] (robot_msgs) JobStarted: {'identifier': 'robot_msgs'}
[1.199335] (node_app_msgs) JobStarted: {'identifier': 'node_app_msgs'}
[1.202035] (-) TimerEvent: {}
[1.206823] (node_driver_msgs) CommandEnded: {'returncode': 0}
[1.237500] (node_driver_msgs) JobEnded: {'identifier': 'node_driver_msgs', 'rc': 0}
[1.239319] (robot_msgs) JobProgress: {'identifier': 'robot_msgs', 'progress': 'cmake'}
[1.240473] (robot_msgs) JobProgress: {'identifier': 'robot_msgs', 'progress': 'build'}
[1.240892] (robot_msgs) Command: {'cmd': ['/usr/local/bin/cmake', '--build', '/data/rl_deploy/build/robot_msgs', '--', '-j8', '-l8'], 'cwd': '/data/rl_deploy/build/robot_msgs', 'env': OrderedDict([('LESSOPEN', '| /usr/bin/lesspipe %s'), ('USER', 'root'), ('SSH_CLIENT', '192.168.8.113 50272 22'), ('LC_TIME', 'zh_CN.UTF-8'), ('XDG_SESSION_TYPE', 'tty'), ('GIT_ASKPASS', '/root/.vscode-server/cli/servers/Stable-61b3d0ab13be7dda2389f1d3e60a119c7f660cc3/server/extensions/git/dist/askpass.sh'), ('SHLVL', '2'), ('LD_LIBRARY_PATH', '/data/rl_deploy/install/node_control_msgs/lib:/opt/ros/humble/lib/aarch64-linux-gnu:/opt/ros/humble/lib:/app/lib:/app/lib:/usr/local/cuda-12/lib64:/usr/local/cuda-12/lib64:/usr/local/cuda-12/lib64'), ('BROWSER', '/root/.vscode-server/cli/servers/Stable-61b3d0ab13be7dda2389f1d3e60a119c7f660cc3/server/bin/helpers/browser.sh'), ('LYOS_LOCALHOST_ONLY', '1'), ('MOTD_SHOWN', 'pam'), ('HOME', '/root'), ('OLDPWD', '/root/.vscode-server'), ('TERM_PROGRAM_VERSION', '1.110.1'), ('VSCODE_IPC_HOOK_CLI', '/run/user/0/vscode-ipc-2d12e5c4-ef4a-4996-a4ea-3ebfab8c4620.sock'), ('JETSON_L4T', '36.4.4'), ('ROS_PYTHON_VERSION', '3'), ('JETSON_MODEL', 'NVIDIA Jetson Orin NX Engineering Reference Developer Kit Super'), ('VSCODE_GIT_ASKPASS_MAIN', '/root/.vscode-server/cli/servers/Stable-61b3d0ab13be7dda2389f1d3e60a119c7f660cc3/server/extensions/git/dist/askpass-main.js'), ('LC_MONETARY', 'zh_CN.UTF-8'), ('VSCODE_GIT_ASKPASS_NODE', '/root/.vscode-server/cli/servers/Stable-61b3d0ab13be7dda2389f1d3e60a119c7f660cc3/server/node'), ('VSCODE_PYTHON_AUTOACTIVATE_GUARD', '1'), ('DBUS_SESSION_BUS_ADDRESS', 'unix:path=/run/user/0/bus'), ('COLORTERM', 'truecolor'), ('LYOS_DOMAIN_ID', '18:45:b3:02:00:08'), ('DEBUGINFOD_URLS', ''), ('ROS_DISTRO', 'humble'), ('LOGNAME', 'root'), ('JETSON_MODULE', 'NVIDIA Jetson Orin NX (16GB ram)'), ('JETSON_SERIAL_NUMBER', 'DummySN'), ('_', '/usr/bin/colcon'), ('ROS_VERSION', '2'), ('XDG_SESSION_CLASS', 'user'), ('TERM', 'xterm-256color'), ('XDG_SESSION_ID', '5'), ('ROS_LOCALHOST_ONLY', '1'), ('PATH', '/root/.vscode-server/cli/servers/Stable-61b3d0ab13be7dda2389f1d3e60a119c7f660cc3/server/bin/remote-cli:/opt/ros/humble/bin:/usr/local/sbin:/usr/local/bin:/usr/sbin:/usr/bin:/sbin:/bin:/usr/games:/usr/local/games:/snap/bin:/app/bin:/app/bin:/usr/local/cuda-12/bin:/usr/local/cuda-12/bin:/usr/local/cuda-12/bin'), ('LC_ADDRESS', 'zh_CN.UTF-8'), ('XDG_RUNTIME_DIR', '/run/user/0'), ('LANG', 'en_US.UTF-8'), ('LC_TELEPHONE', 'zh_CN.UTF-8'), ('LS_COLORS', 'rs=0:di=01;34:ln=01;36:mh=00:pi=40;33:so=01;35:do=01;35:bd=40;33;01:cd=40;33;01:or=40;31;01:mi=00:su=37;41:sg=30;43:ca=30;41:tw=30;42:ow=34;42:st=37;44:ex=01;32:*.tar=01;31:*.tgz=01;31:*.arc=01;31:*.arj=01;31:*.taz=01;31:*.lha=01;31:*.lz4=01;31:*.lzh=01;31:*.lzma=01;31:*.tlz=01;31:*.txz=01;31:*.tzo=01;31:*.t7z=01;31:*.zip=01;31:*.z=01;31:*.dz=01;31:*.gz=01;31:*.lrz=01;31:*.lz=01;31:*.lzo=01;31:*.xz=01;31:*.zst=01;31:*.tzst=01;31:*.bz2=01;31:*.bz=01;31:*.tbz=01;31:*.tbz2=01;31:*.tz=01;31:*.deb=01;31:*.rpm=01;31:*.jar=01;31:*.war=01;31:*.ear=01;31:*.sar=01;31:*.rar=01;31:*.alz=01;31:*.ace=01;31:*.zoo=01;31:*.cpio=01;31:*.7z=01;31:*.rz=01;31:*.cab=01;31:*.wim=01;31:*.swm=01;31:*.dwm=01;31:*.esd=01;31:*.jpg=01;35:*.jpeg=01;35:*.mjpg=01;35:*.mjpeg=01;35:*.gif=01;35:*.bmp=01;35:*.pbm=01;35:*.pgm=01;35:*.ppm=01;35:*.tga=01;35:*.xbm=01;35:*.xpm=01;35:*.tif=01;35:*.tiff=01;35:*.png=01;35:*.svg=01;35:*.svgz=01;35:*.mng=01;35:*.pcx=01;35:*.mov=01;35:*.mpg=01;35:*.mpeg=01;35:*.m2v=01;35:*.mkv=01;35:*.webm=01;35:*.webp=01;35:*.ogm=01;35:*.mp4=01;35:*.m4v=01;35:*.mp4v=01;35:*.vob=01;35:*.qt=01;35:*.nuv=01;35:*.wmv=01;35:*.asf=01;35:*.rm=01;35:*.rmvb=01;35:*.flc=01;35:*.avi=01;35:*.fli=01;35:*.flv=01;35:*.gl=01;35:*.dl=01;35:*.xcf=01;35:*.xwd=01;35:*.yuv=01;35:*.cgm=01;35:*.emf=01;35:*.ogv=01;35:*.ogx=01;35:*.aac=00;36:*.au=00;36:*.flac=00;36:*.m4a=00;36:*.mid=00;36:*.midi=00;36:*.mka=00;36:*.mp3=00;36:*.mpc=00;36:*.ogg=00;36:*.ra=00;36:*.wav=00;36:*.oga=00;36:*.opus=00;36:*.spx=00;36:*.xspf=00;36:'), ('JETSON_SOC', 'tegra234'), ('VSCODE_GIT_IPC_HANDLE', '/run/user/0/vscode-git-994ffc2805.sock'), ('TERM_PROGRAM', 'vscode'), ('ROSDISTRO_INDEX_URL', 'https://mirrors.tuna.tsinghua.edu.cn/rosdistro/index_v4.yaml'), ('ROS_DOMAIN_ID', '193'), ('AMENT_PREFIX_PATH', '/data/rl_deploy/install/node_control_msgs:/opt/ros/humble'), ('SHELL', '/bin/bash'), ('LC_NAME', 'zh_CN.UTF-8'), ('LESSCLOSE', '/usr/bin/lesspipe %s %s'), ('LC_MEASUREMENT', 'zh_CN.UTF-8'), ('LC_IDENTIFICATION', 'zh_CN.UTF-8'), ('VSCODE_GIT_ASKPASS_EXTRA_ARGS', ''), ('JETSON_CUDA_ARCH_BIN', '8.7'), ('PWD', '/data/rl_deploy/build/robot_msgs'), ('LC_ALL', 'en_US.UTF-8'), ('SSH_CONNECTION', '192.168.8.113 50272 192.168.8.111 22'), ('XDG_DATA_DIRS', '/usr/share/gnome:/usr/local/share:/usr/share:/var/lib/snapd/desktop'), ('PYTHONPATH', '/data/rl_deploy/install/node_control_msgs/local/lib/python3.10/dist-packages:/opt/ros/humble/lib/python3.10/site-packages:/opt/ros/humble/local/lib/python3.10/dist-packages'), ('LC_NUMERIC', 'zh_CN.UTF-8'), ('LC_PAPER', 'zh_CN.UTF-8'), ('COLCON', '1'), ('JETSON_JETPACK', '6.2.1'), ('JETSON_P_NUMBER', 'p3767-0000'), ('CMAKE_PREFIX_PATH', '/data/rl_deploy/install/node_control_msgs:/opt/ros/humble')]), 'shell': False}
[1.245083] (node_app_msgs) JobProgress: {'identifier': 'node_app_msgs', 'progress': 'cmake'}
[1.246566] (node_app_msgs) JobProgress: {'identifier': 'node_app_msgs', 'progress': 'build'}
[1.247574] (node_app_msgs) Command: {'cmd': ['/usr/local/bin/cmake', '--build', '/data/rl_deploy/build/node_app_msgs', '--', '-j8', '-l8'], 'cwd': '/data/rl_deploy/build/node_app_msgs', 'env': OrderedDict([('LESSOPEN', '| /usr/bin/lesspipe %s'), ('USER', 'root'), ('SSH_CLIENT', '192.168.8.113 50272 22'), ('LC_TIME', 'zh_CN.UTF-8'), ('XDG_SESSION_TYPE', 'tty'), ('GIT_ASKPASS', '/root/.vscode-server/cli/servers/Stable-61b3d0ab13be7dda2389f1d3e60a119c7f660cc3/server/extensions/git/dist/askpass.sh'), ('SHLVL', '2'), ('LD_LIBRARY_PATH', '/data/rl_deploy/install/node_control_msgs/lib:/opt/ros/humble/lib/aarch64-linux-gnu:/opt/ros/humble/lib:/app/lib:/app/lib:/usr/local/cuda-12/lib64:/usr/local/cuda-12/lib64:/usr/local/cuda-12/lib64'), ('BROWSER', '/root/.vscode-server/cli/servers/Stable-61b3d0ab13be7dda2389f1d3e60a119c7f660cc3/server/bin/helpers/browser.sh'), ('LYOS_LOCALHOST_ONLY', '1'), ('MOTD_SHOWN', 'pam'), ('HOME', '/root'), ('OLDPWD', '/root/.vscode-server'), ('TERM_PROGRAM_VERSION', '1.110.1'), ('VSCODE_IPC_HOOK_CLI', '/run/user/0/vscode-ipc-2d12e5c4-ef4a-4996-a4ea-3ebfab8c4620.sock'), ('JETSON_L4T', '36.4.4'), ('ROS_PYTHON_VERSION', '3'), ('JETSON_MODEL', 'NVIDIA Jetson Orin NX Engineering Reference Developer Kit Super'), ('VSCODE_GIT_ASKPASS_MAIN', '/root/.vscode-server/cli/servers/Stable-61b3d0ab13be7dda2389f1d3e60a119c7f660cc3/server/extensions/git/dist/askpass-main.js'), ('LC_MONETARY', 'zh_CN.UTF-8'), ('VSCODE_GIT_ASKPASS_NODE', '/root/.vscode-server/cli/servers/Stable-61b3d0ab13be7dda2389f1d3e60a119c7f660cc3/server/node'), ('VSCODE_PYTHON_AUTOACTIVATE_GUARD', '1'), ('DBUS_SESSION_BUS_ADDRESS', 'unix:path=/run/user/0/bus'), ('COLORTERM', 'truecolor'), ('LYOS_DOMAIN_ID', '18:45:b3:02:00:08'), ('DEBUGINFOD_URLS', ''), ('ROS_DISTRO', 'humble'), ('LOGNAME', 'root'), ('JETSON_MODULE', 'NVIDIA Jetson Orin NX (16GB ram)'), ('JETSON_SERIAL_NUMBER', 'DummySN'), ('_', '/usr/bin/colcon'), ('ROS_VERSION', '2'), ('XDG_SESSION_CLASS', 'user'), ('TERM', 'xterm-256color'), ('XDG_SESSION_ID', '5'), ('ROS_LOCALHOST_ONLY', '1'), ('PATH', '/root/.vscode-server/cli/servers/Stable-61b3d0ab13be7dda2389f1d3e60a119c7f660cc3/server/bin/remote-cli:/opt/ros/humble/bin:/usr/local/sbin:/usr/local/bin:/usr/sbin:/usr/bin:/sbin:/bin:/usr/games:/usr/local/games:/snap/bin:/app/bin:/app/bin:/usr/local/cuda-12/bin:/usr/local/cuda-12/bin:/usr/local/cuda-12/bin'), ('LC_ADDRESS', 'zh_CN.UTF-8'), ('XDG_RUNTIME_DIR', '/run/user/0'), ('LANG', 'en_US.UTF-8'), ('LC_TELEPHONE', 'zh_CN.UTF-8'), ('LS_COLORS', 'rs=0:di=01;34:ln=01;36:mh=00:pi=40;33:so=01;35:do=01;35:bd=40;33;01:cd=40;33;01:or=40;31;01:mi=00:su=37;41:sg=30;43:ca=30;41:tw=30;42:ow=34;42:st=37;44:ex=01;32:*.tar=01;31:*.tgz=01;31:*.arc=01;31:*.arj=01;31:*.taz=01;31:*.lha=01;31:*.lz4=01;31:*.lzh=01;31:*.lzma=01;31:*.tlz=01;31:*.txz=01;31:*.tzo=01;31:*.t7z=01;31:*.zip=01;31:*.z=01;31:*.dz=01;31:*.gz=01;31:*.lrz=01;31:*.lz=01;31:*.lzo=01;31:*.xz=01;31:*.zst=01;31:*.tzst=01;31:*.bz2=01;31:*.bz=01;31:*.tbz=01;31:*.tbz2=01;31:*.tz=01;31:*.deb=01;31:*.rpm=01;31:*.jar=01;31:*.war=01;31:*.ear=01;31:*.sar=01;31:*.rar=01;31:*.alz=01;31:*.ace=01;31:*.zoo=01;31:*.cpio=01;31:*.7z=01;31:*.rz=01;31:*.cab=01;31:*.wim=01;31:*.swm=01;31:*.dwm=01;31:*.esd=01;31:*.jpg=01;35:*.jpeg=01;35:*.mjpg=01;35:*.mjpeg=01;35:*.gif=01;35:*.bmp=01;35:*.pbm=01;35:*.pgm=01;35:*.ppm=01;35:*.tga=01;35:*.xbm=01;35:*.xpm=01;35:*.tif=01;35:*.tiff=01;35:*.png=01;35:*.svg=01;35:*.svgz=01;35:*.mng=01;35:*.pcx=01;35:*.mov=01;35:*.mpg=01;35:*.mpeg=01;35:*.m2v=01;35:*.mkv=01;35:*.webm=01;35:*.webp=01;35:*.ogm=01;35:*.mp4=01;35:*.m4v=01;35:*.mp4v=01;35:*.vob=01;35:*.qt=01;35:*.nuv=01;35:*.wmv=01;35:*.asf=01;35:*.rm=01;35:*.rmvb=01;35:*.flc=01;35:*.avi=01;35:*.fli=01;35:*.flv=01;35:*.gl=01;35:*.dl=01;35:*.xcf=01;35:*.xwd=01;35:*.yuv=01;35:*.cgm=01;35:*.emf=01;35:*.ogv=01;35:*.ogx=01;35:*.aac=00;36:*.au=00;36:*.flac=00;36:*.m4a=00;36:*.mid=00;36:*.midi=00;36:*.mka=00;36:*.mp3=00;36:*.mpc=00;36:*.ogg=00;36:*.ra=00;36:*.wav=00;36:*.oga=00;36:*.opus=00;36:*.spx=00;36:*.xspf=00;36:'), ('JETSON_SOC', 'tegra234'), ('VSCODE_GIT_IPC_HANDLE', '/run/user/0/vscode-git-994ffc2805.sock'), ('TERM_PROGRAM', 'vscode'), ('ROSDISTRO_INDEX_URL', 'https://mirrors.tuna.tsinghua.edu.cn/rosdistro/index_v4.yaml'), ('ROS_DOMAIN_ID', '193'), ('AMENT_PREFIX_PATH', '/data/rl_deploy/install/node_control_msgs:/opt/ros/humble'), ('SHELL', '/bin/bash'), ('LC_NAME', 'zh_CN.UTF-8'), ('LESSCLOSE', '/usr/bin/lesspipe %s %s'), ('LC_MEASUREMENT', 'zh_CN.UTF-8'), ('LC_IDENTIFICATION', 'zh_CN.UTF-8'), ('VSCODE_GIT_ASKPASS_EXTRA_ARGS', ''), ('JETSON_CUDA_ARCH_BIN', '8.7'), ('PWD', '/data/rl_deploy/build/node_app_msgs'), ('LC_ALL', 'en_US.UTF-8'), ('SSH_CONNECTION', '192.168.8.113 50272 192.168.8.111 22'), ('XDG_DATA_DIRS', '/usr/share/gnome:/usr/local/share:/usr/share:/var/lib/snapd/desktop'), ('PYTHONPATH', '/data/rl_deploy/install/node_control_msgs/local/lib/python3.10/dist-packages:/opt/ros/humble/lib/python3.10/site-packages:/opt/ros/humble/local/lib/python3.10/dist-packages'), ('LC_NUMERIC', 'zh_CN.UTF-8'), ('LC_PAPER', 'zh_CN.UTF-8'), ('COLCON', '1'), ('JETSON_JETPACK', '6.2.1'), ('JETSON_P_NUMBER', 'p3767-0000'), ('CMAKE_PREFIX_PATH', '/data/rl_deploy/install/node_control_msgs:/opt/ros/humble')]), 'shell': False}
[1.302184] (-) TimerEvent: {}
[1.402681] (-) TimerEvent: {}
[1.429390] (robot_msgs) StdoutLine: {'line': b'[  3%] Built target robot_msgs__cpp\n'}
[1.432568] (robot_msgs) StdoutLine: {'line': b'[  6%] Built target ament_cmake_python_copy_robot_msgs\n'}
[1.433172] (robot_msgs) StdoutLine: {'line': b'[  6%] Built target robot_msgs__rs\n'}
[1.439407] (node_app_msgs) StdoutLine: {'line': b'[  1%] Built target node_app_msgs__rs\n'}
[1.441208] (node_app_msgs) StdoutLine: {'line': b'[ 12%] Built target node_app_msgs__rosidl_generator_c\n'}
[1.444548] (robot_msgs) StdoutLine: {'line': b'[ 15%] Built target robot_msgs__rosidl_generator_c\n'}
[1.453002] (node_app_msgs) StdoutLine: {'line': b'[ 13%] Built target node_app_msgs__cpp\n'}
[1.472953] (node_app_msgs) StdoutLine: {'line': b'[ 13%] Built target ament_cmake_python_copy_node_app_msgs\n'}
[1.485016] (robot_msgs) StdoutLine: {'line': b'[ 25%] Built target robot_msgs__rosidl_typesupport_introspection_cpp\n'}
[1.485782] (node_app_msgs) StdoutLine: {'line': b'[ 25%] Built target node_app_msgs__rosidl_typesupport_introspection_c\n'}
[1.500605] (node_app_msgs) StdoutLine: {'line': b'[ 36%] Built target node_app_msgs__rosidl_typesupport_fastrtps_c\n'}
[1.502415] (robot_msgs) StdoutLine: {'line': b'[ 34%] Built target robot_msgs__rosidl_typesupport_cpp\n'}
[1.502984] (-) TimerEvent: {}
[1.504654] (node_app_msgs) StdoutLine: {'line': b'[ 47%] Built target node_app_msgs__rosidl_typesupport_fastrtps_cpp\n'}
[1.508569] (node_app_msgs) StdoutLine: {'line': b'[ 66%] Built target node_app_msgs__rosidl_typesupport_cpp\n'}
[1.509778] (node_app_msgs) StdoutLine: {'line': b'[ 69%] Built target node_app_msgs__rosidl_typesupport_c\n'}
[1.515432] (robot_msgs) StdoutLine: {'line': b'[ 43%] Built target robot_msgs__rosidl_typesupport_introspection_c\n'}
[1.516052] (node_app_msgs) StdoutLine: {'line': b'[ 80%] Built target node_app_msgs__rosidl_typesupport_introspection_cpp\n'}
[1.518295] (robot_msgs) StdoutLine: {'line': b'[ 53%] Built target robot_msgs__rosidl_typesupport_fastrtps_cpp\n'}
[1.535923] (robot_msgs) StdoutLine: {'line': b'[ 71%] Built target robot_msgs__rosidl_typesupport_c\n'}
[1.536313] (robot_msgs) StdoutLine: {'line': b'[ 71%] Built target robot_msgs__rosidl_typesupport_fastrtps_c\n'}
[1.541563] (node_app_msgs) StdoutLine: {'line': b'[ 80%] Built target node_app_msgs\n'}
[1.563590] (node_app_msgs) StdoutLine: {'line': b'[ 81%] Built target node_app_msgs__py\n'}
[1.572555] (robot_msgs) StdoutLine: {'line': b'[ 71%] Built target robot_msgs\n'}
[1.592410] (node_app_msgs) StdoutLine: {'line': b'[ 91%] Built target node_app_msgs__rosidl_generator_py\n'}
[1.597659] (robot_msgs) StdoutLine: {'line': b'[ 75%] Built target robot_msgs__py\n'}
[1.603126] (-) TimerEvent: {}
[1.619120] (node_app_msgs) StdoutLine: {'line': b'[ 94%] Built target node_app_msgs__rosidl_typesupport_fastrtps_c__pyext\n'}
[1.620237] (node_app_msgs) StdoutLine: {'line': b'[ 97%] Built target node_app_msgs__rosidl_typesupport_c__pyext\n'}
[1.623634] (robot_msgs) StdoutLine: {'line': b'[ 81%] Built target robot_msgs__rosidl_generator_py\n'}
[1.629851] (node_app_msgs) StdoutLine: {'line': b'[100%] Built target node_app_msgs__rosidl_typesupport_introspection_c__pyext\n'}
[1.649271] (robot_msgs) StdoutLine: {'line': b'[ 93%] Built target robot_msgs__rosidl_typesupport_fastrtps_c__pyext\n'}
[1.649653] (robot_msgs) StdoutLine: {'line': b'[ 93%] Built target robot_msgs__rosidl_typesupport_introspection_c__pyext\n'}
[1.649820] (robot_msgs) StdoutLine: {'line': b'[100%] Built target robot_msgs__rosidl_typesupport_c__pyext\n'}
[1.703335] (-) TimerEvent: {}
[1.803900] (-) TimerEvent: {}
[1.881668] (robot_msgs) StdoutLine: {'line': b'running egg_info\n'}
[1.882989] (robot_msgs) StdoutLine: {'line': b'writing robot_msgs.egg-info/PKG-INFO\n'}
[1.883984] (robot_msgs) StdoutLine: {'line': b'writing dependency_links to robot_msgs.egg-info/dependency_links.txt\n'}
[1.884241] (robot_msgs) StdoutLine: {'line': b'writing top-level names to robot_msgs.egg-info/top_level.txt\n'}
[1.887962] (robot_msgs) StdoutLine: {'line': b"reading manifest file 'robot_msgs.egg-info/SOURCES.txt'\n"}
[1.888513] (robot_msgs) StdoutLine: {'line': b"writing manifest file 'robot_msgs.egg-info/SOURCES.txt'\n"}
[1.904071] (-) TimerEvent: {}
[1.929553] (node_app_msgs) StdoutLine: {'line': b'running egg_info\n'}
[1.932054] (node_app_msgs) StdoutLine: {'line': b'writing node_app_msgs.egg-info/PKG-INFO\n'}
[1.932490] (node_app_msgs) StdoutLine: {'line': b'writing dependency_links to node_app_msgs.egg-info/dependency_links.txt\n'}
[1.932751] (node_app_msgs) StdoutLine: {'line': b'writing top-level names to node_app_msgs.egg-info/top_level.txt\n'}
[1.937032] (node_app_msgs) StdoutLine: {'line': b"reading manifest file 'node_app_msgs.egg-info/SOURCES.txt'\n"}
[1.938199] (node_app_msgs) StdoutLine: {'line': b"writing manifest file 'node_app_msgs.egg-info/SOURCES.txt'\n"}
[1.943021] (robot_msgs) StdoutLine: {'line': b'[100%] Built target ament_cmake_python_build_robot_msgs_egg\n'}
[1.956487] (robot_msgs) CommandEnded: {'returncode': 0}
[1.959525] (robot_msgs) JobProgress: {'identifier': 'robot_msgs', 'progress': 'install'}
[1.959664] (robot_msgs) Command: {'cmd': ['/usr/local/bin/cmake', '--install', '/data/rl_deploy/build/robot_msgs'], 'cwd': '/data/rl_deploy/build/robot_msgs', 'env': OrderedDict([('LESSOPEN', '| /usr/bin/lesspipe %s'), ('USER', 'root'), ('SSH_CLIENT', '192.168.8.113 50272 22'), ('LC_TIME', 'zh_CN.UTF-8'), ('XDG_SESSION_TYPE', 'tty'), ('GIT_ASKPASS', '/root/.vscode-server/cli/servers/Stable-61b3d0ab13be7dda2389f1d3e60a119c7f660cc3/server/extensions/git/dist/askpass.sh'), ('SHLVL', '2'), ('LD_LIBRARY_PATH', '/data/rl_deploy/install/node_control_msgs/lib:/opt/ros/humble/lib/aarch64-linux-gnu:/opt/ros/humble/lib:/app/lib:/app/lib:/usr/local/cuda-12/lib64:/usr/local/cuda-12/lib64:/usr/local/cuda-12/lib64'), ('BROWSER', '/root/.vscode-server/cli/servers/Stable-61b3d0ab13be7dda2389f1d3e60a119c7f660cc3/server/bin/helpers/browser.sh'), ('LYOS_LOCALHOST_ONLY', '1'), ('MOTD_SHOWN', 'pam'), ('HOME', '/root'), ('OLDPWD', '/root/.vscode-server'), ('TERM_PROGRAM_VERSION', '1.110.1'), ('VSCODE_IPC_HOOK_CLI', '/run/user/0/vscode-ipc-2d12e5c4-ef4a-4996-a4ea-3ebfab8c4620.sock'), ('JETSON_L4T', '36.4.4'), ('ROS_PYTHON_VERSION', '3'), ('JETSON_MODEL', 'NVIDIA Jetson Orin NX Engineering Reference Developer Kit Super'), ('VSCODE_GIT_ASKPASS_MAIN', '/root/.vscode-server/cli/servers/Stable-61b3d0ab13be7dda2389f1d3e60a119c7f660cc3/server/extensions/git/dist/askpass-main.js'), ('LC_MONETARY', 'zh_CN.UTF-8'), ('VSCODE_GIT_ASKPASS_NODE', '/root/.vscode-server/cli/servers/Stable-61b3d0ab13be7dda2389f1d3e60a119c7f660cc3/server/node'), ('VSCODE_PYTHON_AUTOACTIVATE_GUARD', '1'), ('DBUS_SESSION_BUS_ADDRESS', 'unix:path=/run/user/0/bus'), ('COLORTERM', 'truecolor'), ('LYOS_DOMAIN_ID', '18:45:b3:02:00:08'), ('DEBUGINFOD_URLS', ''), ('ROS_DISTRO', 'humble'), ('LOGNAME', 'root'), ('JETSON_MODULE', 'NVIDIA Jetson Orin NX (16GB ram)'), ('JETSON_SERIAL_NUMBER', 'DummySN'), ('_', '/usr/bin/colcon'), ('ROS_VERSION', '2'), ('XDG_SESSION_CLASS', 'user'), ('TERM', 'xterm-256color'), ('XDG_SESSION_ID', '5'), ('ROS_LOCALHOST_ONLY', '1'), ('PATH', '/root/.vscode-server/cli/servers/Stable-61b3d0ab13be7dda2389f1d3e60a119c7f660cc3/server/bin/remote-cli:/opt/ros/humble/bin:/usr/local/sbin:/usr/local/bin:/usr/sbin:/usr/bin:/sbin:/bin:/usr/games:/usr/local/games:/snap/bin:/app/bin:/app/bin:/usr/local/cuda-12/bin:/usr/local/cuda-12/bin:/usr/local/cuda-12/bin'), ('LC_ADDRESS', 'zh_CN.UTF-8'), ('XDG_RUNTIME_DIR', '/run/user/0'), ('LANG', 'en_US.UTF-8'), ('LC_TELEPHONE', 'zh_CN.UTF-8'), ('LS_COLORS', 'rs=0:di=01;34:ln=01;36:mh=00:pi=40;33:so=01;35:do=01;35:bd=40;33;01:cd=40;33;01:or=40;31;01:mi=00:su=37;41:sg=30;43:ca=30;41:tw=30;42:ow=34;42:st=37;44:ex=01;32:*.tar=01;31:*.tgz=01;31:*.arc=01;31:*.arj=01;31:*.taz=01;31:*.lha=01;31:*.lz4=01;31:*.lzh=01;31:*.lzma=01;31:*.tlz=01;31:*.txz=01;31:*.tzo=01;31:*.t7z=01;31:*.zip=01;31:*.z=01;31:*.dz=01;31:*.gz=01;31:*.lrz=01;31:*.lz=01;31:*.lzo=01;31:*.xz=01;31:*.zst=01;31:*.tzst=01;31:*.bz2=01;31:*.bz=01;31:*.tbz=01;31:*.tbz2=01;31:*.tz=01;31:*.deb=01;31:*.rpm=01;31:*.jar=01;31:*.war=01;31:*.ear=01;31:*.sar=01;31:*.rar=01;31:*.alz=01;31:*.ace=01;31:*.zoo=01;31:*.cpio=01;31:*.7z=01;31:*.rz=01;31:*.cab=01;31:*.wim=01;31:*.swm=01;31:*.dwm=01;31:*.esd=01;31:*.jpg=01;35:*.jpeg=01;35:*.mjpg=01;35:*.mjpeg=01;35:*.gif=01;35:*.bmp=01;35:*.pbm=01;35:*.pgm=01;35:*.ppm=01;35:*.tga=01;35:*.xbm=01;35:*.xpm=01;35:*.tif=01;35:*.tiff=01;35:*.png=01;35:*.svg=01;35:*.svgz=01;35:*.mng=01;35:*.pcx=01;35:*.mov=01;35:*.mpg=01;35:*.mpeg=01;35:*.m2v=01;35:*.mkv=01;35:*.webm=01;35:*.webp=01;35:*.ogm=01;35:*.mp4=01;35:*.m4v=01;35:*.mp4v=01;35:*.vob=01;35:*.qt=01;35:*.nuv=01;35:*.wmv=01;35:*.asf=01;35:*.rm=01;35:*.rmvb=01;35:*.flc=01;35:*.avi=01;35:*.fli=01;35:*.flv=01;35:*.gl=01;35:*.dl=01;35:*.xcf=01;35:*.xwd=01;35:*.yuv=01;35:*.cgm=01;35:*.emf=01;35:*.ogv=01;35:*.ogx=01;35:*.aac=00;36:*.au=00;36:*.flac=00;36:*.m4a=00;36:*.mid=00;36:*.midi=00;36:*.mka=00;36:*.mp3=00;36:*.mpc=00;36:*.ogg=00;36:*.ra=00;36:*.wav=00;36:*.oga=00;36:*.opus=00;36:*.spx=00;36:*.xspf=00;36:'), ('JETSON_SOC', 'tegra234'), ('VSCODE_GIT_IPC_HANDLE', '/run/user/0/vscode-git-994ffc2805.sock'), ('TERM_PROGRAM', 'vscode'), ('ROSDISTRO_INDEX_URL', 'https://mirrors.tuna.tsinghua.edu.cn/rosdistro/index_v4.yaml'), ('ROS_DOMAIN_ID', '193'), ('AMENT_PREFIX_PATH', '/data/rl_deploy/install/node_control_msgs:/opt/ros/humble'), ('SHELL', '/bin/bash'), ('LC_NAME', 'zh_CN.UTF-8'), ('LESSCLOSE', '/usr/bin/lesspipe %s %s'), ('LC_MEASUREMENT', 'zh_CN.UTF-8'), ('LC_IDENTIFICATION', 'zh_CN.UTF-8'), ('VSCODE_GIT_ASKPASS_EXTRA_ARGS', ''), ('JETSON_CUDA_ARCH_BIN', '8.7'), ('PWD', '/data/rl_deploy/build/robot_msgs'), ('LC_ALL', 'en_US.UTF-8'), ('SSH_CONNECTION', '192.168.8.113 50272 192.168.8.111 22'), ('XDG_DATA_DIRS', '/usr/share/gnome:/usr/local/share:/usr/share:/var/lib/snapd/desktop'), ('PYTHONPATH', '/data/rl_deploy/install/node_control_msgs/local/lib/python3.10/dist-packages:/opt/ros/humble/lib/python3.10/site-packages:/opt/ros/humble/local/lib/python3.10/dist-packages'), ('LC_NUMERIC', 'zh_CN.UTF-8'), ('LC_PAPER', 'zh_CN.UTF-8'), ('COLCON', '1'), ('JETSON_JETPACK', '6.2.1'), ('JETSON_P_NUMBER', 'p3767-0000'), ('CMAKE_PREFIX_PATH', '/data/rl_deploy/install/node_control_msgs:/opt/ros/humble')]), 'shell': False}
[1.993374] (node_app_msgs) StdoutLine: {'line': b'[100%] Built target ament_cmake_python_build_node_app_msgs_egg\n'}
[2.004209] (-) TimerEvent: {}
[2.006615] (node_app_msgs) CommandEnded: {'returncode': 0}
[2.008328] (node_app_msgs) JobProgress: {'identifier': 'node_app_msgs', 'progress': 'install'}
[2.008708] (node_app_msgs) Command: {'cmd': ['/usr/local/bin/cmake', '--install', '/data/rl_deploy/build/node_app_msgs'], 'cwd': '/data/rl_deploy/build/node_app_msgs', 'env': OrderedDict([('LESSOPEN', '| /usr/bin/lesspipe %s'), ('USER', 'root'), ('SSH_CLIENT', '192.168.8.113 50272 22'), ('LC_TIME', 'zh_CN.UTF-8'), ('XDG_SESSION_TYPE', 'tty'), ('GIT_ASKPASS', '/root/.vscode-server/cli/servers/Stable-61b3d0ab13be7dda2389f1d3e60a119c7f660cc3/server/extensions/git/dist/askpass.sh'), ('SHLVL', '2'), ('LD_LIBRARY_PATH', '/data/rl_deploy/install/node_control_msgs/lib:/opt/ros/humble/lib/aarch64-linux-gnu:/opt/ros/humble/lib:/app/lib:/app/lib:/usr/local/cuda-12/lib64:/usr/local/cuda-12/lib64:/usr/local/cuda-12/lib64'), ('BROWSER', '/root/.vscode-server/cli/servers/Stable-61b3d0ab13be7dda2389f1d3e60a119c7f660cc3/server/bin/helpers/browser.sh'), ('LYOS_LOCALHOST_ONLY', '1'), ('MOTD_SHOWN', 'pam'), ('HOME', '/root'), ('OLDPWD', '/root/.vscode-server'), ('TERM_PROGRAM_VERSION', '1.110.1'), ('VSCODE_IPC_HOOK_CLI', '/run/user/0/vscode-ipc-2d12e5c4-ef4a-4996-a4ea-3ebfab8c4620.sock'), ('JETSON_L4T', '36.4.4'), ('ROS_PYTHON_VERSION', '3'), ('JETSON_MODEL', 'NVIDIA Jetson Orin NX Engineering Reference Developer Kit Super'), ('VSCODE_GIT_ASKPASS_MAIN', '/root/.vscode-server/cli/servers/Stable-61b3d0ab13be7dda2389f1d3e60a119c7f660cc3/server/extensions/git/dist/askpass-main.js'), ('LC_MONETARY', 'zh_CN.UTF-8'), ('VSCODE_GIT_ASKPASS_NODE', '/root/.vscode-server/cli/servers/Stable-61b3d0ab13be7dda2389f1d3e60a119c7f660cc3/server/node'), ('VSCODE_PYTHON_AUTOACTIVATE_GUARD', '1'), ('DBUS_SESSION_BUS_ADDRESS', 'unix:path=/run/user/0/bus'), ('COLORTERM', 'truecolor'), ('LYOS_DOMAIN_ID', '18:45:b3:02:00:08'), ('DEBUGINFOD_URLS', ''), ('ROS_DISTRO', 'humble'), ('LOGNAME', 'root'), ('JETSON_MODULE', 'NVIDIA Jetson Orin NX (16GB ram)'), ('JETSON_SERIAL_NUMBER', 'DummySN'), ('_', '/usr/bin/colcon'), ('ROS_VERSION', '2'), ('XDG_SESSION_CLASS', 'user'), ('TERM', 'xterm-256color'), ('XDG_SESSION_ID', '5'), ('ROS_LOCALHOST_ONLY', '1'), ('PATH', '/root/.vscode-server/cli/servers/Stable-61b3d0ab13be7dda2389f1d3e60a119c7f660cc3/server/bin/remote-cli:/opt/ros/humble/bin:/usr/local/sbin:/usr/local/bin:/usr/sbin:/usr/bin:/sbin:/bin:/usr/games:/usr/local/games:/snap/bin:/app/bin:/app/bin:/usr/local/cuda-12/bin:/usr/local/cuda-12/bin:/usr/local/cuda-12/bin'), ('LC_ADDRESS', 'zh_CN.UTF-8'), ('XDG_RUNTIME_DIR', '/run/user/0'), ('LANG', 'en_US.UTF-8'), ('LC_TELEPHONE', 'zh_CN.UTF-8'), ('LS_COLORS', 'rs=0:di=01;34:ln=01;36:mh=00:pi=40;33:so=01;35:do=01;35:bd=40;33;01:cd=40;33;01:or=40;31;01:mi=00:su=37;41:sg=30;43:ca=30;41:tw=30;42:ow=34;42:st=37;44:ex=01;32:*.tar=01;31:*.tgz=01;31:*.arc=01;31:*.arj=01;31:*.taz=01;31:*.lha=01;31:*.lz4=01;31:*.lzh=01;31:*.lzma=01;31:*.tlz=01;31:*.txz=01;31:*.tzo=01;31:*.t7z=01;31:*.zip=01;31:*.z=01;31:*.dz=01;31:*.gz=01;31:*.lrz=01;31:*.lz=01;31:*.lzo=01;31:*.xz=01;31:*.zst=01;31:*.tzst=01;31:*.bz2=01;31:*.bz=01;31:*.tbz=01;31:*.tbz2=01;31:*.tz=01;31:*.deb=01;31:*.rpm=01;31:*.jar=01;31:*.war=01;31:*.ear=01;31:*.sar=01;31:*.rar=01;31:*.alz=01;31:*.ace=01;31:*.zoo=01;31:*.cpio=01;31:*.7z=01;31:*.rz=01;31:*.cab=01;31:*.wim=01;31:*.swm=01;31:*.dwm=01;31:*.esd=01;31:*.jpg=01;35:*.jpeg=01;35:*.mjpg=01;35:*.mjpeg=01;35:*.gif=01;35:*.bmp=01;35:*.pbm=01;35:*.pgm=01;35:*.ppm=01;35:*.tga=01;35:*.xbm=01;35:*.xpm=01;35:*.tif=01;35:*.tiff=01;35:*.png=01;35:*.svg=01;35:*.svgz=01;35:*.mng=01;35:*.pcx=01;35:*.mov=01;35:*.mpg=01;35:*.mpeg=01;35:*.m2v=01;35:*.mkv=01;35:*.webm=01;35:*.webp=01;35:*.ogm=01;35:*.mp4=01;35:*.m4v=01;35:*.mp4v=01;35:*.vob=01;35:*.qt=01;35:*.nuv=01;35:*.wmv=01;35:*.asf=01;35:*.rm=01;35:*.rmvb=01;35:*.flc=01;35:*.avi=01;35:*.fli=01;35:*.flv=01;35:*.gl=01;35:*.dl=01;35:*.xcf=01;35:*.xwd=01;35:*.yuv=01;35:*.cgm=01;35:*.emf=01;35:*.ogv=01;35:*.ogx=01;35:*.aac=00;36:*.au=00;36:*.flac=00;36:*.m4a=00;36:*.mid=00;36:*.midi=00;36:*.mka=00;36:*.mp3=00;36:*.mpc=00;36:*.ogg=00;36:*.ra=00;36:*.wav=00;36:*.oga=00;36:*.opus=00;36:*.spx=00;36:*.xspf=00;36:'), ('JETSON_SOC', 'tegra234'), ('VSCODE_GIT_IPC_HANDLE', '/run/user/0/vscode-git-994ffc2805.sock'), ('TERM_PROGRAM', 'vscode'), ('ROSDISTRO_INDEX_URL', 'https://mirrors.tuna.tsinghua.edu.cn/rosdistro/index_v4.yaml'), ('ROS_DOMAIN_ID', '193'), ('AMENT_PREFIX_PATH', '/data/rl_deploy/install/node_control_msgs:/opt/ros/humble'), ('SHELL', '/bin/bash'), ('LC_NAME', 'zh_CN.UTF-8'), ('LESSCLOSE', '/usr/bin/lesspipe %s %s'), ('LC_MEASUREMENT', 'zh_CN.UTF-8'), ('LC_IDENTIFICATION', 'zh_CN.UTF-8'), ('VSCODE_GIT_ASKPASS_EXTRA_ARGS', ''), ('JETSON_CUDA_ARCH_BIN', '8.7'), ('PWD', '/data/rl_deploy/build/node_app_msgs'), ('LC_ALL', 'en_US.UTF-8'), ('SSH_CONNECTION', '192.168.8.113 50272 192.168.8.111 22'), ('XDG_DATA_DIRS', '/usr/share/gnome:/usr/local/share:/usr/share:/var/lib/snapd/desktop'), ('PYTHONPATH', '/data/rl_deploy/install/node_control_msgs/local/lib/python3.10/dist-packages:/opt/ros/humble/lib/python3.10/site-packages:/opt/ros/humble/local/lib/python3.10/dist-packages'), ('LC_NUMERIC', 'zh_CN.UTF-8'), ('LC_PAPER', 'zh_CN.UTF-8'), ('COLCON', '1'), ('JETSON_JETPACK', '6.2.1'), ('JETSON_P_NUMBER', 'p3767-0000'), ('CMAKE_PREFIX_PATH', '/data/rl_deploy/install/node_control_msgs:/opt/ros/humble')]), 'shell': False}
[2.099587] (robot_msgs) StdoutLine: {'line': b'-- Install configuration: ""\n'}
[2.100247] (robot_msgs) StdoutLine: {'line': b'-- Up-to-date: /data/rl_deploy/install/robot_msgs/share/ament_index/resource_index/rosidl_interfaces/robot_msgs\n'}
[2.100527] (robot_msgs) StdoutLine: {'line': b'-- Up-to-date: /data/rl_deploy/install/robot_msgs/include/robot_msgs/robot_msgs\n'}
[2.100670] (robot_msgs) StdoutLine: {'line': b'-- Up-to-date: /data/rl_deploy/install/robot_msgs/include/robot_msgs/robot_msgs/msg\n'}
[2.100880] (robot_msgs) StdoutLine: {'line': b'-- Up-to-date: /data/rl_deploy/install/robot_msgs/include/robot_msgs/robot_msgs/msg/robot_state.h\n'}
[2.101159] (robot_msgs) StdoutLine: {'line': b'-- Up-to-date: /data/rl_deploy/install/robot_msgs/include/robot_msgs/robot_msgs/msg/detail\n'}
[2.101421] (robot_msgs) StdoutLine: {'line': b'-- Up-to-date: /data/rl_deploy/install/robot_msgs/include/robot_msgs/robot_msgs/msg/detail/robot_state__functions.c\n'}
[2.101776] (robot_msgs) StdoutLine: {'line': b'-- Up-to-date: /data/rl_deploy/install/robot_msgs/include/robot_msgs/robot_msgs/msg/detail/robot_state__struct.h\n'}
[2.102022] (robot_msgs) StdoutLine: {'line': b'-- Up-to-date: /data/rl_deploy/install/robot_msgs/include/robot_msgs/robot_msgs/msg/detail/robot_state__type_support.h\n'}
[2.102248] (robot_msgs) StdoutLine: {'line': b'-- Up-to-date: /data/rl_deploy/install/robot_msgs/include/robot_msgs/robot_msgs/msg/detail/robot_state__functions.h\n'}
[2.102608] (robot_msgs) StdoutLine: {'line': b'-- Up-to-date: /data/rl_deploy/install/robot_msgs/include/robot_msgs/robot_msgs/msg/rosidl_generator_c__visibility_control.h\n'}
[2.102765] (robot_msgs) StdoutLine: {'line': b'-- Up-to-date: /data/rl_deploy/install/robot_msgs/share/robot_msgs/environment/library_path.sh\n'}
[2.102956] (robot_msgs) StdoutLine: {'line': b'-- Up-to-date: /data/rl_deploy/install/robot_msgs/share/robot_msgs/environment/library_path.dsv\n'}
[2.103071] (robot_msgs) StdoutLine: {'line': b'-- Up-to-date: /data/rl_deploy/install/robot_msgs/lib/librobot_msgs__rosidl_generator_c.so\n'}
[2.103274] (robot_msgs) StdoutLine: {'line': b'-- Up-to-date: /data/rl_deploy/install/robot_msgs/include/robot_msgs/robot_msgs\n'}
[2.103389] (robot_msgs) StdoutLine: {'line': b'-- Up-to-date: /data/rl_deploy/install/robot_msgs/include/robot_msgs/robot_msgs/msg\n'}
[2.103722] (robot_msgs) StdoutLine: {'line': b'-- Up-to-date: /data/rl_deploy/install/robot_msgs/include/robot_msgs/robot_msgs/msg/detail\n'}
[2.104002] (robot_msgs) StdoutLine: {'line': b'-- Up-to-date: /data/rl_deploy/install/robot_msgs/include/robot_msgs/robot_msgs/msg/detail/robot_state__rosidl_typesupport_fastrtps_c.h\n'}
[2.104121] (robot_msgs) StdoutLine: {'line': b'-- Up-to-date: /data/rl_deploy/install/robot_msgs/include/robot_msgs/robot_msgs/msg/rosidl_typesupport_fastrtps_c__visibility_control.h\n'}
[2.104258] (-) TimerEvent: {}
[2.104522] (robot_msgs) StdoutLine: {'line': b'-- Up-to-date: /data/rl_deploy/install/robot_msgs/lib/librobot_msgs__rosidl_typesupport_fastrtps_c.so\n'}
[2.104702] (robot_msgs) StdoutLine: {'line': b'-- Up-to-date: /data/rl_deploy/install/robot_msgs/include/robot_msgs/robot_msgs\n'}
[2.104925] (robot_msgs) StdoutLine: {'line': b'-- Up-to-date: /data/rl_deploy/install/robot_msgs/include/robot_msgs/robot_msgs/msg\n'}
[2.105163] (robot_msgs) StdoutLine: {'line': b'-- Up-to-date: /data/rl_deploy/install/robot_msgs/include/robot_msgs/robot_msgs/msg/robot_state.hpp\n'}
[2.105273] (robot_msgs) StdoutLine: {'line': b'-- Up-to-date: /data/rl_deploy/install/robot_msgs/include/robot_msgs/robot_msgs/msg/detail\n'}
[2.105456] (robot_msgs) StdoutLine: {'line': b'-- Up-to-date: /data/rl_deploy/install/robot_msgs/include/robot_msgs/robot_msgs/msg/detail/robot_state__builder.hpp\n'}
[2.105702] (robot_msgs) StdoutLine: {'line': b'-- Up-to-date: /data/rl_deploy/install/robot_msgs/include/robot_msgs/robot_msgs/msg/detail/robot_state__struct.hpp\n'}
[2.105952] (robot_msgs) StdoutLine: {'line': b'-- Up-to-date: /data/rl_deploy/install/robot_msgs/include/robot_msgs/robot_msgs/msg/detail/robot_state__traits.hpp\n'}
[2.106165] (robot_msgs) StdoutLine: {'line': b'-- Up-to-date: /data/rl_deploy/install/robot_msgs/include/robot_msgs/robot_msgs/msg/detail/robot_state__type_support.hpp\n'}
[2.106307] (robot_msgs) StdoutLine: {'line': b'-- Up-to-date: /data/rl_deploy/install/robot_msgs/include/robot_msgs/robot_msgs/msg/rosidl_generator_cpp__visibility_control.hpp\n'}
[2.106549] (robot_msgs) StdoutLine: {'line': b'-- Up-to-date: /data/rl_deploy/install/robot_msgs/include/robot_msgs/robot_msgs\n'}
[2.106718] (robot_msgs) StdoutLine: {'line': b'-- Up-to-date: /data/rl_deploy/install/robot_msgs/include/robot_msgs/robot_msgs/msg\n'}
[2.106926] (robot_msgs) StdoutLine: {'line': b'-- Up-to-date: /data/rl_deploy/install/robot_msgs/include/robot_msgs/robot_msgs/msg/rosidl_typesupport_fastrtps_cpp__visibility_control.h\n'}
[2.107050] (robot_msgs) StdoutLine: {'line': b'-- Up-to-date: /data/rl_deploy/install/robot_msgs/include/robot_msgs/robot_msgs/msg/detail\n'}
[2.107291] (robot_msgs) StdoutLine: {'line': b'-- Up-to-date: /data/rl_deploy/install/robot_msgs/include/robot_msgs/robot_msgs/msg/detail/dds_fastrtps\n'}
[2.107688] (robot_msgs) StdoutLine: {'line': b'-- Up-to-date: /data/rl_deploy/install/robot_msgs/include/robot_msgs/robot_msgs/msg/detail/robot_state__rosidl_typesupport_fastrtps_cpp.hpp\n'}
[2.107972] (robot_msgs) StdoutLine: {'line': b'-- Up-to-date: /data/rl_deploy/install/robot_msgs/lib/librobot_msgs__rosidl_typesupport_fastrtps_cpp.so\n'}
[2.108198] (robot_msgs) StdoutLine: {'line': b'-- Up-to-date: /data/rl_deploy/install/robot_msgs/include/robot_msgs/robot_msgs\n'}
[2.108320] (robot_msgs) StdoutLine: {'line': b'-- Up-to-date: /data/rl_deploy/install/robot_msgs/include/robot_msgs/robot_msgs/msg\n'}
[2.108433] (robot_msgs) StdoutLine: {'line': b'-- Up-to-date: /data/rl_deploy/install/robot_msgs/include/robot_msgs/robot_msgs/msg/detail\n'}
[2.108542] (robot_msgs) StdoutLine: {'line': b'-- Up-to-date: /data/rl_deploy/install/robot_msgs/include/robot_msgs/robot_msgs/msg/detail/robot_state__type_support.c\n'}
[2.108646] (robot_msgs) StdoutLine: {'line': b'-- Up-to-date: /data/rl_deploy/install/robot_msgs/include/robot_msgs/robot_msgs/msg/detail/robot_state__rosidl_typesupport_introspection_c.h\n'}
[2.108749] (robot_msgs) StdoutLine: {'line': b'-- Up-to-date: /data/rl_deploy/install/robot_msgs/include/robot_msgs/robot_msgs/msg/rosidl_typesupport_introspection_c__visibility_control.h\n'}
[2.108877] (robot_msgs) StdoutLine: {'line': b'-- Up-to-date: /data/rl_deploy/install/robot_msgs/lib/librobot_msgs__rosidl_typesupport_introspection_c.so\n'}
[2.109024] (robot_msgs) StdoutLine: {'line': b'-- Up-to-date: /data/rl_deploy/install/robot_msgs/lib/librobot_msgs__rosidl_typesupport_c.so\n'}
[2.109157] (robot_msgs) StdoutLine: {'line': b'-- Up-to-date: /data/rl_deploy/install/robot_msgs/include/robot_msgs/robot_msgs\n'}
[2.109264] (robot_msgs) StdoutLine: {'line': b'-- Up-to-date: /data/rl_deploy/install/robot_msgs/include/robot_msgs/robot_msgs/msg\n'}
[2.109370] (robot_msgs) StdoutLine: {'line': b'-- Up-to-date: /data/rl_deploy/install/robot_msgs/include/robot_msgs/robot_msgs/msg/detail\n'}
[2.109742] (robot_msgs) StdoutLine: {'line': b'-- Up-to-date: /data/rl_deploy/install/robot_msgs/include/robot_msgs/robot_msgs/msg/detail/robot_state__type_support.cpp\n'}
[2.109871] (robot_msgs) StdoutLine: {'line': b'-- Up-to-date: /data/rl_deploy/install/robot_msgs/include/robot_msgs/robot_msgs/msg/detail/robot_state__rosidl_typesupport_introspection_cpp.hpp\n'}
[2.109981] (robot_msgs) StdoutLine: {'line': b'-- Up-to-date: /data/rl_deploy/install/robot_msgs/lib/librobot_msgs__rosidl_typesupport_introspection_cpp.so\n'}
[2.110084] (robot_msgs) StdoutLine: {'line': b'-- Up-to-date: /data/rl_deploy/install/robot_msgs/lib/librobot_msgs__rosidl_typesupport_cpp.so\n'}
[2.110185] (robot_msgs) StdoutLine: {'line': b'-- Up-to-date: /data/rl_deploy/install/robot_msgs/share/robot_msgs/environment/pythonpath.sh\n'}
[2.110286] (robot_msgs) StdoutLine: {'line': b'-- Up-to-date: /data/rl_deploy/install/robot_msgs/share/robot_msgs/environment/pythonpath.dsv\n'}
[2.110384] (robot_msgs) StdoutLine: {'line': b'-- Up-to-date: /data/rl_deploy/install/robot_msgs/local/lib/python3.10/dist-packages/robot_msgs-0.0.0-py3.10.egg-info\n'}
[2.110484] (robot_msgs) StdoutLine: {'line': b'-- Installing: /data/rl_deploy/install/robot_msgs/local/lib/python3.10/dist-packages/robot_msgs-0.0.0-py3.10.egg-info/top_level.txt\n'}
[2.110583] (robot_msgs) StdoutLine: {'line': b'-- Installing: /data/rl_deploy/install/robot_msgs/local/lib/python3.10/dist-packages/robot_msgs-0.0.0-py3.10.egg-info/PKG-INFO\n'}
[2.110681] (robot_msgs) StdoutLine: {'line': b'-- Installing: /data/rl_deploy/install/robot_msgs/local/lib/python3.10/dist-packages/robot_msgs-0.0.0-py3.10.egg-info/SOURCES.txt\n'}
[2.110778] (robot_msgs) StdoutLine: {'line': b'-- Installing: /data/rl_deploy/install/robot_msgs/local/lib/python3.10/dist-packages/robot_msgs-0.0.0-py3.10.egg-info/dependency_links.txt\n'}
[2.110876] (robot_msgs) StdoutLine: {'line': b'-- Up-to-date: /data/rl_deploy/install/robot_msgs/local/lib/python3.10/dist-packages/robot_msgs\n'}
[2.110971] (robot_msgs) StdoutLine: {'line': b'-- Up-to-date: /data/rl_deploy/install/robot_msgs/local/lib/python3.10/dist-packages/robot_msgs/_robot_msgs_s.ep.rosidl_typesupport_introspection_c.c\n'}
[2.111069] (robot_msgs) StdoutLine: {'line': b'-- Up-to-date: /data/rl_deploy/install/robot_msgs/local/lib/python3.10/dist-packages/robot_msgs/_robot_msgs_s.ep.rosidl_typesupport_c.c\n'}
[2.111192] (robot_msgs) StdoutLine: {'line': b'-- Up-to-date: /data/rl_deploy/install/robot_msgs/local/lib/python3.10/dist-packages/robot_msgs/robot_msgs_s__rosidl_typesupport_introspection_c.cpython-310-aarch64-linux-gnu.so\n'}
[2.111306] (robot_msgs) StdoutLine: {'line': b'-- Up-to-date: /data/rl_deploy/install/robot_msgs/local/lib/python3.10/dist-packages/robot_msgs/robot_msgs_s__rosidl_typesupport_fastrtps_c.cpython-310-aarch64-linux-gnu.so\n'}
[2.111407] (robot_msgs) StdoutLine: {'line': b'-- Up-to-date: /data/rl_deploy/install/robot_msgs/local/lib/python3.10/dist-packages/robot_msgs/__init__.py\n'}
[2.111779] (robot_msgs) StdoutLine: {'line': b'-- Up-to-date: /data/rl_deploy/install/robot_msgs/local/lib/python3.10/dist-packages/robot_msgs/_robot_msgs_s.ep.rosidl_typesupport_fastrtps_c.c\n'}
[2.111938] (robot_msgs) StdoutLine: {'line': b'-- Up-to-date: /data/rl_deploy/install/robot_msgs/local/lib/python3.10/dist-packages/robot_msgs/librobot_msgs__rosidl_generator_py.so\n'}
[2.112083] (robot_msgs) StdoutLine: {'line': b'-- Up-to-date: /data/rl_deploy/install/robot_msgs/local/lib/python3.10/dist-packages/robot_msgs/robot_msgs_s__rosidl_typesupport_c.cpython-310-aarch64-linux-gnu.so\n'}
[2.112197] (robot_msgs) StdoutLine: {'line': b'-- Up-to-date: /data/rl_deploy/install/robot_msgs/local/lib/python3.10/dist-packages/robot_msgs/msg\n'}
[2.112302] (robot_msgs) StdoutLine: {'line': b'-- Up-to-date: /data/rl_deploy/install/robot_msgs/local/lib/python3.10/dist-packages/robot_msgs/msg/_robot_state_s.c\n'}
[2.112405] (robot_msgs) StdoutLine: {'line': b'-- Up-to-date: /data/rl_deploy/install/robot_msgs/local/lib/python3.10/dist-packages/robot_msgs/msg/_robot_state.py\n'}
[2.112506] (robot_msgs) StdoutLine: {'line': b'-- Up-to-date: /data/rl_deploy/install/robot_msgs/local/lib/python3.10/dist-packages/robot_msgs/msg/__init__.py\n'}
[2.144659] (node_app_msgs) StdoutLine: {'line': b'-- Install configuration: ""\n'}
[2.145711] (node_app_msgs) StdoutLine: {'line': b'-- Up-to-date: /data/rl_deploy/install/node_app_msgs/share/ament_index/resource_index/rosidl_interfaces/node_app_msgs\n'}
[2.146194] (node_app_msgs) StdoutLine: {'line': b'-- Up-to-date: /data/rl_deploy/install/node_app_msgs/include/node_app_msgs/node_app_msgs\n'}
[2.146378] (node_app_msgs) StdoutLine: {'line': b'-- Up-to-date: /data/rl_deploy/install/node_app_msgs/include/node_app_msgs/node_app_msgs/msg\n'}
[2.146506] (node_app_msgs) StdoutLine: {'line': b'-- Up-to-date: /data/rl_deploy/install/node_app_msgs/include/node_app_msgs/node_app_msgs/msg/lrs_cmd_state_feedback.h\n'}
[2.146624] (node_app_msgs) StdoutLine: {'line': b'-- Up-to-date: /data/rl_deploy/install/node_app_msgs/include/node_app_msgs/node_app_msgs/msg/lrs_cmd_action.h\n'}
[2.146735] (node_app_msgs) StdoutLine: {'line': b'-- Up-to-date: /data/rl_deploy/install/node_app_msgs/include/node_app_msgs/node_app_msgs/msg/iot_cmd_msg.h\n'}
[2.146845] (node_app_msgs) StdoutLine: {'line': b'-- Up-to-date: /data/rl_deploy/install/node_app_msgs/include/node_app_msgs/node_app_msgs/msg/lrs_cmd_state.h\n'}
[2.146975] (node_app_msgs) StdoutLine: {'line': b'-- Up-to-date: /data/rl_deploy/install/node_app_msgs/include/node_app_msgs/node_app_msgs/msg/detail\n'}
[2.147081] (node_app_msgs) StdoutLine: {'line': b'-- Up-to-date: /data/rl_deploy/install/node_app_msgs/include/node_app_msgs/node_app_msgs/msg/detail/lrs_state__functions.h\n'}
[2.147223] (node_app_msgs) StdoutLine: {'line': b'-- Up-to-date: /data/rl_deploy/install/node_app_msgs/include/node_app_msgs/node_app_msgs/msg/detail/lrs_cmd_state__type_support.h\n'}
[2.147338] (node_app_msgs) StdoutLine: {'line': b'-- Up-to-date: /data/rl_deploy/install/node_app_msgs/include/node_app_msgs/node_app_msgs/msg/detail/lrs_cmd_state_feedback__functions.c\n'}
[2.147442] (node_app_msgs) StdoutLine: {'line': b'-- Up-to-date: /data/rl_deploy/install/node_app_msgs/include/node_app_msgs/node_app_msgs/msg/detail/lrs_cmd_action_feedback__functions.h\n'}
[2.147542] (node_app_msgs) StdoutLine: {'line': b'-- Up-to-date: /data/rl_deploy/install/node_app_msgs/include/node_app_msgs/node_app_msgs/msg/detail/lrs_cmd_state_feedback__struct.h\n'}
[2.147915] (node_app_msgs) StdoutLine: {'line': b'-- Up-to-date: /data/rl_deploy/install/node_app_msgs/include/node_app_msgs/node_app_msgs/msg/detail/lrs_cmd_state_feedback__functions.h\n'}
[2.148467] (node_app_msgs) StdoutLine: {'line': b'-- Up-to-date: /data/rl_deploy/install/node_app_msgs/include/node_app_msgs/node_app_msgs/msg/detail/iot_cmd_msg__functions.c\n'}
[2.149154] (node_app_msgs) StdoutLine: {'line': b'-- Up-to-date: /data/rl_deploy/install/node_app_msgs/include/node_app_msgs/node_app_msgs/msg/detail/lrs_state__functions.c\n'}
[2.149320] (node_app_msgs) StdoutLine: {'line': b'-- Up-to-date: /data/rl_deploy/install/node_app_msgs/include/node_app_msgs/node_app_msgs/msg/detail/lrs_cmd_state__functions.c\n'}
[2.149912] (node_app_msgs) StdoutLine: {'line': b'-- Up-to-date: /data/rl_deploy/install/node_app_msgs/include/node_app_msgs/node_app_msgs/msg/detail/lrs_cmd_action__functions.c\n'}
[2.150246] (node_app_msgs) StdoutLine: {'line': b'-- Up-to-date: /data/rl_deploy/install/node_app_msgs/include/node_app_msgs/node_app_msgs/msg/detail/lrs_state__type_support.h\n'}
[2.150642] (node_app_msgs) StdoutLine: {'line': b'-- Up-to-date: /data/rl_deploy/install/node_app_msgs/include/node_app_msgs/node_app_msgs/msg/detail/lrs_cmd_state_feedback__type_support.h\n'}
[2.151066] (node_app_msgs) StdoutLine: {'line': b'-- Up-to-date: /data/rl_deploy/install/node_app_msgs/include/node_app_msgs/node_app_msgs/msg/detail/lrs_cmd_action__functions.h\n'}
[2.151373] (node_app_msgs) StdoutLine: {'line': b'-- Up-to-date: /data/rl_deploy/install/node_app_msgs/include/node_app_msgs/node_app_msgs/msg/detail/lrs_cmd_action__struct.h\n'}
[2.151596] (node_app_msgs) StdoutLine: {'line': b'-- Up-to-date: /data/rl_deploy/install/node_app_msgs/include/node_app_msgs/node_app_msgs/msg/detail/lrs_cmd_action__type_support.h\n'}
[2.152108] (node_app_msgs) StdoutLine: {'line': b'-- Up-to-date: /data/rl_deploy/install/node_app_msgs/include/node_app_msgs/node_app_msgs/msg/detail/lrs_cmd_action_feedback__type_support.h\n'}
[2.152332] (node_app_msgs) StdoutLine: {'line': b'-- Up-to-date: /data/rl_deploy/install/node_app_msgs/include/node_app_msgs/node_app_msgs/msg/detail/iot_cmd_msg__functions.h\n'}
[2.152537] (node_app_msgs) StdoutLine: {'line': b'-- Up-to-date: /data/rl_deploy/install/node_app_msgs/include/node_app_msgs/node_app_msgs/msg/detail/lrs_state__struct.h\n'}
[2.152877] (node_app_msgs) StdoutLine: {'line': b'-- Up-to-date: /data/rl_deploy/install/node_app_msgs/include/node_app_msgs/node_app_msgs/msg/detail/lrs_cmd_action_feedback__struct.h\n'}
[2.153059] (node_app_msgs) StdoutLine: {'line': b'-- Up-to-date: /data/rl_deploy/install/node_app_msgs/include/node_app_msgs/node_app_msgs/msg/detail/lrs_cmd_action_feedback__functions.c\n'}
[2.153276] (node_app_msgs) StdoutLine: {'line': b'-- Up-to-date: /data/rl_deploy/install/node_app_msgs/include/node_app_msgs/node_app_msgs/msg/detail/lrs_cmd_state__functions.h\n'}
[2.153564] (node_app_msgs) StdoutLine: {'line': b'-- Up-to-date: /data/rl_deploy/install/node_app_msgs/include/node_app_msgs/node_app_msgs/msg/detail/iot_cmd_msg__struct.h\n'}
[2.153969] (node_app_msgs) StdoutLine: {'line': b'-- Up-to-date: /data/rl_deploy/install/node_app_msgs/include/node_app_msgs/node_app_msgs/msg/detail/iot_cmd_msg__type_support.h\n'}
[2.154145] (node_app_msgs) StdoutLine: {'line': b'-- Up-to-date: /data/rl_deploy/install/node_app_msgs/include/node_app_msgs/node_app_msgs/msg/detail/lrs_cmd_state__struct.h\n'}
[2.154260] (node_app_msgs) StdoutLine: {'line': b'-- Up-to-date: /data/rl_deploy/install/node_app_msgs/include/node_app_msgs/node_app_msgs/msg/lrs_cmd_action_feedback.h\n'}
[2.154368] (node_app_msgs) StdoutLine: {'line': b'-- Up-to-date: /data/rl_deploy/install/node_app_msgs/include/node_app_msgs/node_app_msgs/msg/rosidl_generator_c__visibility_control.h\n'}
[2.154599] (node_app_msgs) StdoutLine: {'line': b'-- Up-to-date: /data/rl_deploy/install/node_app_msgs/include/node_app_msgs/node_app_msgs/msg/lrs_state.h\n'}
[2.154814] (node_app_msgs) StdoutLine: {'line': b'-- Up-to-date: /data/rl_deploy/install/node_app_msgs/share/node_app_msgs/environment/library_path.sh\n'}
[2.155425] (node_app_msgs) StdoutLine: {'line': b'-- Up-to-date: /data/rl_deploy/install/node_app_msgs/share/node_app_msgs/environment/library_path.dsv\n'}
[2.156308] (node_app_msgs) StdoutLine: {'line': b'-- Up-to-date: /data/rl_deploy/install/node_app_msgs/lib/libnode_app_msgs__rosidl_generator_c.so\n'}
[2.156624] (node_app_msgs) StdoutLine: {'line': b'-- Up-to-date: /data/rl_deploy/install/node_app_msgs/include/node_app_msgs/node_app_msgs\n'}
[2.157693] (node_app_msgs) StdoutLine: {'line': b'-- Up-to-date: /data/rl_deploy/install/node_app_msgs/include/node_app_msgs/node_app_msgs/msg\n'}
[2.158283] (node_app_msgs) StdoutLine: {'line': b'-- Up-to-date: /data/rl_deploy/install/node_app_msgs/include/node_app_msgs/node_app_msgs/msg/detail\n'}
[2.158420] (node_app_msgs) StdoutLine: {'line': b'-- Up-to-date: /data/rl_deploy/install/node_app_msgs/include/node_app_msgs/node_app_msgs/msg/detail/lrs_cmd_action_feedback__rosidl_typesupport_fastrtps_c.h\n'}
[2.158563] (node_app_msgs) StdoutLine: {'line': b'-- Up-to-date: /data/rl_deploy/install/node_app_msgs/include/node_app_msgs/node_app_msgs/msg/detail/lrs_state__rosidl_typesupport_fastrtps_c.h\n'}
[2.158675] (node_app_msgs) StdoutLine: {'line': b'-- Up-to-date: /data/rl_deploy/install/node_app_msgs/include/node_app_msgs/node_app_msgs/msg/detail/lrs_cmd_action__rosidl_typesupport_fastrtps_c.h\n'}
[2.158783] (node_app_msgs) StdoutLine: {'line': b'-- Up-to-date: /data/rl_deploy/install/node_app_msgs/include/node_app_msgs/node_app_msgs/msg/detail/iot_cmd_msg__rosidl_typesupport_fastrtps_c.h\n'}
[2.158887] (node_app_msgs) StdoutLine: {'line': b'-- Up-to-date: /data/rl_deploy/install/node_app_msgs/include/node_app_msgs/node_app_msgs/msg/detail/lrs_cmd_state_feedback__rosidl_typesupport_fastrtps_c.h\n'}
[2.158990] (node_app_msgs) StdoutLine: {'line': b'-- Up-to-date: /data/rl_deploy/install/node_app_msgs/include/node_app_msgs/node_app_msgs/msg/detail/lrs_cmd_state__rosidl_typesupport_fastrtps_c.h\n'}
[2.159090] (node_app_msgs) StdoutLine: {'line': b'-- Up-to-date: /data/rl_deploy/install/node_app_msgs/include/node_app_msgs/node_app_msgs/msg/rosidl_typesupport_fastrtps_c__visibility_control.h\n'}
[2.160069] (node_app_msgs) StdoutLine: {'line': b'-- Up-to-date: /data/rl_deploy/install/node_app_msgs/lib/libnode_app_msgs__rosidl_typesupport_fastrtps_c.so\n'}
[2.160229] (node_app_msgs) StdoutLine: {'line': b'-- Up-to-date: /data/rl_deploy/install/node_app_msgs/include/node_app_msgs/node_app_msgs\n'}
[2.160346] (node_app_msgs) StdoutLine: {'line': b'-- Up-to-date: /data/rl_deploy/install/node_app_msgs/include/node_app_msgs/node_app_msgs/msg\n'}
[2.160452] (node_app_msgs) StdoutLine: {'line': b'-- Up-to-date: /data/rl_deploy/install/node_app_msgs/include/node_app_msgs/node_app_msgs/msg/detail\n'}
[2.160554] (node_app_msgs) StdoutLine: {'line': b'-- Up-to-date: /data/rl_deploy/install/node_app_msgs/include/node_app_msgs/node_app_msgs/msg/detail/lrs_cmd_state_feedback__type_support.c\n'}
[2.160654] (node_app_msgs) StdoutLine: {'line': b'-- Up-to-date: /data/rl_deploy/install/node_app_msgs/include/node_app_msgs/node_app_msgs/msg/detail/lrs_cmd_action_feedback__rosidl_typesupport_introspection_c.h\n'}
[2.160755] (node_app_msgs) StdoutLine: {'line': b'-- Up-to-date: /data/rl_deploy/install/node_app_msgs/include/node_app_msgs/node_app_msgs/msg/detail/lrs_cmd_action__rosidl_typesupport_introspection_c.h\n'}
[2.160856] (node_app_msgs) StdoutLine: {'line': b'-- Up-to-date: /data/rl_deploy/install/node_app_msgs/include/node_app_msgs/node_app_msgs/msg/detail/iot_cmd_msg__type_support.c\n'}
[2.160989] (node_app_msgs) StdoutLine: {'line': b'-- Up-to-date: /data/rl_deploy/install/node_app_msgs/include/node_app_msgs/node_app_msgs/msg/detail/lrs_cmd_state__type_support.c\n'}
[2.161090] (node_app_msgs) StdoutLine: {'line': b'-- Up-to-date: /data/rl_deploy/install/node_app_msgs/include/node_app_msgs/node_app_msgs/msg/detail/lrs_cmd_state_feedback__rosidl_typesupport_introspection_c.h\n'}
[2.161191] (node_app_msgs) StdoutLine: {'line': b'-- Up-to-date: /data/rl_deploy/install/node_app_msgs/include/node_app_msgs/node_app_msgs/msg/detail/lrs_state__rosidl_typesupport_introspection_c.h\n'}
[2.161290] (node_app_msgs) StdoutLine: {'line': b'-- Up-to-date: /data/rl_deploy/install/node_app_msgs/include/node_app_msgs/node_app_msgs/msg/detail/lrs_cmd_action__type_support.c\n'}
[2.161388] (node_app_msgs) StdoutLine: {'line': b'-- Up-to-date: /data/rl_deploy/install/node_app_msgs/include/node_app_msgs/node_app_msgs/msg/detail/lrs_state__type_support.c\n'}
[2.161485] (node_app_msgs) StdoutLine: {'line': b'-- Up-to-date: /data/rl_deploy/install/node_app_msgs/include/node_app_msgs/node_app_msgs/msg/detail/lrs_cmd_action_feedback__type_support.c\n'}
[2.161740] (node_app_msgs) StdoutLine: {'line': b'-- Up-to-date: /data/rl_deploy/install/node_app_msgs/include/node_app_msgs/node_app_msgs/msg/detail/iot_cmd_msg__rosidl_typesupport_introspection_c.h\n'}
[2.161873] (node_app_msgs) StdoutLine: {'line': b'-- Up-to-date: /data/rl_deploy/install/node_app_msgs/include/node_app_msgs/node_app_msgs/msg/detail/lrs_cmd_state__rosidl_typesupport_introspection_c.h\n'}
[2.162000] (node_app_msgs) StdoutLine: {'line': b'-- Up-to-date: /data/rl_deploy/install/node_app_msgs/include/node_app_msgs/node_app_msgs/msg/rosidl_typesupport_introspection_c__visibility_control.h\n'}
[2.162104] (node_app_msgs) StdoutLine: {'line': b'-- Up-to-date: /data/rl_deploy/install/node_app_msgs/lib/libnode_app_msgs__rosidl_typesupport_introspection_c.so\n'}
[2.162206] (node_app_msgs) StdoutLine: {'line': b'-- Up-to-date: /data/rl_deploy/install/node_app_msgs/lib/libnode_app_msgs__rosidl_typesupport_c.so\n'}
[2.162319] (node_app_msgs) StdoutLine: {'line': b'-- Up-to-date: /data/rl_deploy/install/node_app_msgs/include/node_app_msgs/node_app_msgs\n'}
[2.162420] (node_app_msgs) StdoutLine: {'line': b'-- Up-to-date: /data/rl_deploy/install/node_app_msgs/include/node_app_msgs/node_app_msgs/msg\n'}
[2.162521] (node_app_msgs) StdoutLine: {'line': b'-- Up-to-date: /data/rl_deploy/install/node_app_msgs/include/node_app_msgs/node_app_msgs/msg/lrs_cmd_state.hpp\n'}
[2.162620] (node_app_msgs) StdoutLine: {'line': b'-- Up-to-date: /data/rl_deploy/install/node_app_msgs/include/node_app_msgs/node_app_msgs/msg/iot_cmd_msg.hpp\n'}
[2.162719] (node_app_msgs) StdoutLine: {'line': b'-- Up-to-date: /data/rl_deploy/install/node_app_msgs/include/node_app_msgs/node_app_msgs/msg/lrs_cmd_action.hpp\n'}
[2.162820] (node_app_msgs) StdoutLine: {'line': b'-- Up-to-date: /data/rl_deploy/install/node_app_msgs/include/node_app_msgs/node_app_msgs/msg/lrs_state.hpp\n'}
[2.162918] (node_app_msgs) StdoutLine: {'line': b'-- Up-to-date: /data/rl_deploy/install/node_app_msgs/include/node_app_msgs/node_app_msgs/msg/detail\n'}
[2.163017] (node_app_msgs) StdoutLine: {'line': b'-- Up-to-date: /data/rl_deploy/install/node_app_msgs/include/node_app_msgs/node_app_msgs/msg/detail/lrs_cmd_action__builder.hpp\n'}
[2.163114] (node_app_msgs) StdoutLine: {'line': b'-- Up-to-date: /data/rl_deploy/install/node_app_msgs/include/node_app_msgs/node_app_msgs/msg/detail/lrs_cmd_state__builder.hpp\n'}
[2.163230] (node_app_msgs) StdoutLine: {'line': b'-- Up-to-date: /data/rl_deploy/install/node_app_msgs/include/node_app_msgs/node_app_msgs/msg/detail/iot_cmd_msg__struct.hpp\n'}
[2.163331] (node_app_msgs) StdoutLine: {'line': b'-- Up-to-date: /data/rl_deploy/install/node_app_msgs/include/node_app_msgs/node_app_msgs/msg/detail/lrs_state__struct.hpp\n'}
[2.163427] (node_app_msgs) StdoutLine: {'line': b'-- Up-to-date: /data/rl_deploy/install/node_app_msgs/include/node_app_msgs/node_app_msgs/msg/detail/lrs_cmd_state__struct.hpp\n'}
[2.163523] (node_app_msgs) StdoutLine: {'line': b'-- Up-to-date: /data/rl_deploy/install/node_app_msgs/include/node_app_msgs/node_app_msgs/msg/detail/lrs_state__builder.hpp\n'}
[2.163802] (node_app_msgs) StdoutLine: {'line': b'-- Up-to-date: /data/rl_deploy/install/node_app_msgs/include/node_app_msgs/node_app_msgs/msg/detail/iot_cmd_msg__type_support.hpp\n'}
[2.163924] (node_app_msgs) StdoutLine: {'line': b'-- Up-to-date: /data/rl_deploy/install/node_app_msgs/include/node_app_msgs/node_app_msgs/msg/detail/lrs_cmd_action_feedback__struct.hpp\n'}
[2.164033] (node_app_msgs) StdoutLine: {'line': b'-- Up-to-date: /data/rl_deploy/install/node_app_msgs/include/node_app_msgs/node_app_msgs/msg/detail/lrs_cmd_action_feedback__traits.hpp\n'}
[2.164137] (node_app_msgs) StdoutLine: {'line': b'-- Up-to-date: /data/rl_deploy/install/node_app_msgs/include/node_app_msgs/node_app_msgs/msg/detail/lrs_cmd_state_feedback__type_support.hpp\n'}
[2.164240] (node_app_msgs) StdoutLine: {'line': b'-- Up-to-date: /data/rl_deploy/install/node_app_msgs/include/node_app_msgs/node_app_msgs/msg/detail/lrs_cmd_state_feedback__builder.hpp\n'}
[2.164346] (node_app_msgs) StdoutLine: {'line': b'-- Up-to-date: /data/rl_deploy/install/node_app_msgs/include/node_app_msgs/node_app_msgs/msg/detail/lrs_cmd_action__traits.hpp\n'}
[2.164451] (node_app_msgs) StdoutLine: {'line': b'-- Up-to-date: /data/rl_deploy/install/node_app_msgs/include/node_app_msgs/node_app_msgs/msg/detail/lrs_state__traits.hpp\n'}
[2.164578] (node_app_msgs) StdoutLine: {'line': b'-- Up-to-date: /data/rl_deploy/install/node_app_msgs/include/node_app_msgs/node_app_msgs/msg/detail/lrs_cmd_state_feedback__struct.hpp\n'}
[2.164677] (node_app_msgs) StdoutLine: {'line': b'-- Up-to-date: /data/rl_deploy/install/node_app_msgs/include/node_app_msgs/node_app_msgs/msg/detail/lrs_cmd_state__type_support.hpp\n'}
[2.164801] (node_app_msgs) StdoutLine: {'line': b'-- Up-to-date: /data/rl_deploy/install/node_app_msgs/include/node_app_msgs/node_app_msgs/msg/detail/lrs_cmd_action__struct.hpp\n'}
[2.164901] (node_app_msgs) StdoutLine: {'line': b'-- Up-to-date: /data/rl_deploy/install/node_app_msgs/include/node_app_msgs/node_app_msgs/msg/detail/iot_cmd_msg__traits.hpp\n'}
[2.165000] (node_app_msgs) StdoutLine: {'line': b'-- Up-to-date: /data/rl_deploy/install/node_app_msgs/include/node_app_msgs/node_app_msgs/msg/detail/lrs_cmd_action_feedback__type_support.hpp\n'}
[2.165098] (node_app_msgs) StdoutLine: {'line': b'-- Up-to-date: /data/rl_deploy/install/node_app_msgs/include/node_app_msgs/node_app_msgs/msg/detail/lrs_cmd_state__traits.hpp\n'}
[2.165197] (node_app_msgs) StdoutLine: {'line': b'-- Up-to-date: /data/rl_deploy/install/node_app_msgs/include/node_app_msgs/node_app_msgs/msg/detail/lrs_cmd_state_feedback__traits.hpp\n'}
[2.165295] (node_app_msgs) StdoutLine: {'line': b'-- Up-to-date: /data/rl_deploy/install/node_app_msgs/include/node_app_msgs/node_app_msgs/msg/detail/lrs_cmd_action__type_support.hpp\n'}
[2.165392] (node_app_msgs) StdoutLine: {'line': b'-- Up-to-date: /data/rl_deploy/install/node_app_msgs/include/node_app_msgs/node_app_msgs/msg/detail/lrs_cmd_action_feedback__builder.hpp\n'}
[2.165489] (node_app_msgs) StdoutLine: {'line': b'-- Up-to-date: /data/rl_deploy/install/node_app_msgs/include/node_app_msgs/node_app_msgs/msg/detail/iot_cmd_msg__builder.hpp\n'}
[2.165744] (node_app_msgs) StdoutLine: {'line': b'-- Up-to-date: /data/rl_deploy/install/node_app_msgs/include/node_app_msgs/node_app_msgs/msg/detail/lrs_state__type_support.hpp\n'}
[2.165892] (node_app_msgs) StdoutLine: {'line': b'-- Up-to-date: /data/rl_deploy/install/node_app_msgs/include/node_app_msgs/node_app_msgs/msg/lrs_cmd_state_feedback.hpp\n'}
[2.166003] (node_app_msgs) StdoutLine: {'line': b'-- Up-to-date: /data/rl_deploy/install/node_app_msgs/include/node_app_msgs/node_app_msgs/msg/rosidl_generator_cpp__visibility_control.hpp\n'}
[2.166106] (node_app_msgs) StdoutLine: {'line': b'-- Up-to-date: /data/rl_deploy/install/node_app_msgs/include/node_app_msgs/node_app_msgs/msg/lrs_cmd_action_feedback.hpp\n'}
[2.166208] (node_app_msgs) StdoutLine: {'line': b'-- Up-to-date: /data/rl_deploy/install/node_app_msgs/include/node_app_msgs/node_app_msgs\n'}
[2.166307] (node_app_msgs) StdoutLine: {'line': b'-- Up-to-date: /data/rl_deploy/install/node_app_msgs/include/node_app_msgs/node_app_msgs/msg\n'}
[2.166406] (node_app_msgs) StdoutLine: {'line': b'-- Up-to-date: /data/rl_deploy/install/node_app_msgs/include/node_app_msgs/node_app_msgs/msg/rosidl_typesupport_fastrtps_cpp__visibility_control.h\n'}
[2.166508] (node_app_msgs) StdoutLine: {'line': b'-- Up-to-date: /data/rl_deploy/install/node_app_msgs/include/node_app_msgs/node_app_msgs/msg/detail\n'}
[2.166606] (node_app_msgs) StdoutLine: {'line': b'-- Up-to-date: /data/rl_deploy/install/node_app_msgs/include/node_app_msgs/node_app_msgs/msg/detail/iot_cmd_msg__rosidl_typesupport_fastrtps_cpp.hpp\n'}
[2.166704] (node_app_msgs) StdoutLine: {'line': b'-- Up-to-date: /data/rl_deploy/install/node_app_msgs/include/node_app_msgs/node_app_msgs/msg/detail/lrs_cmd_action__rosidl_typesupport_fastrtps_cpp.hpp\n'}
[2.166804] (node_app_msgs) StdoutLine: {'line': b'-- Up-to-date: /data/rl_deploy/install/node_app_msgs/include/node_app_msgs/node_app_msgs/msg/detail/lrs_cmd_action_feedback__rosidl_typesupport_fastrtps_cpp.hpp\n'}
[2.166903] (node_app_msgs) StdoutLine: {'line': b'-- Up-to-date: /data/rl_deploy/install/node_app_msgs/include/node_app_msgs/node_app_msgs/msg/detail/dds_fastrtps\n'}
[2.167021] (node_app_msgs) StdoutLine: {'line': b'-- Up-to-date: /data/rl_deploy/install/node_app_msgs/include/node_app_msgs/node_app_msgs/msg/detail/lrs_state__rosidl_typesupport_fastrtps_cpp.hpp\n'}
[2.167120] (node_app_msgs) StdoutLine: {'line': b'-- Up-to-date: /data/rl_deploy/install/node_app_msgs/include/node_app_msgs/node_app_msgs/msg/detail/lrs_cmd_state_feedback__rosidl_typesupport_fastrtps_cpp.hpp\n'}
[2.167252] (node_app_msgs) StdoutLine: {'line': b'-- Up-to-date: /data/rl_deploy/install/node_app_msgs/include/node_app_msgs/node_app_msgs/msg/detail/lrs_cmd_state__rosidl_typesupport_fastrtps_cpp.hpp\n'}
[2.167354] (node_app_msgs) StdoutLine: {'line': b'-- Up-to-date: /data/rl_deploy/install/node_app_msgs/lib/libnode_app_msgs__rosidl_typesupport_fastrtps_cpp.so\n'}
[2.167455] (node_app_msgs) StdoutLine: {'line': b'-- Up-to-date: /data/rl_deploy/install/node_app_msgs/include/node_app_msgs/node_app_msgs\n'}
[2.167554] (node_app_msgs) StdoutLine: {'line': b'-- Up-to-date: /data/rl_deploy/install/node_app_msgs/include/node_app_msgs/node_app_msgs/msg\n'}
[2.167827] (node_app_msgs) StdoutLine: {'line': b'-- Up-to-date: /data/rl_deploy/install/node_app_msgs/include/node_app_msgs/node_app_msgs/msg/detail\n'}
[2.167941] (node_app_msgs) StdoutLine: {'line': b'-- Up-to-date: /data/rl_deploy/install/node_app_msgs/include/node_app_msgs/node_app_msgs/msg/detail/lrs_cmd_state__type_support.cpp\n'}
[2.168045] (node_app_msgs) StdoutLine: {'line': b'-- Up-to-date: /data/rl_deploy/install/node_app_msgs/include/node_app_msgs/node_app_msgs/msg/detail/lrs_cmd_state__rosidl_typesupport_introspection_cpp.hpp\n'}
[2.168147] (node_app_msgs) StdoutLine: {'line': b'-- Up-to-date: /data/rl_deploy/install/node_app_msgs/include/node_app_msgs/node_app_msgs/msg/detail/iot_cmd_msg__type_support.cpp\n'}
[2.168248] (node_app_msgs) StdoutLine: {'line': b'-- Up-to-date: /data/rl_deploy/install/node_app_msgs/include/node_app_msgs/node_app_msgs/msg/detail/iot_cmd_msg__rosidl_typesupport_introspection_cpp.hpp\n'}
[2.168346] (node_app_msgs) StdoutLine: {'line': b'-- Up-to-date: /data/rl_deploy/install/node_app_msgs/include/node_app_msgs/node_app_msgs/msg/detail/lrs_cmd_action__type_support.cpp\n'}
[2.168478] (node_app_msgs) StdoutLine: {'line': b'-- Up-to-date: /data/rl_deploy/install/node_app_msgs/include/node_app_msgs/node_app_msgs/msg/detail/lrs_cmd_action__rosidl_typesupport_introspection_cpp.hpp\n'}
[2.168579] (node_app_msgs) StdoutLine: {'line': b'-- Up-to-date: /data/rl_deploy/install/node_app_msgs/include/node_app_msgs/node_app_msgs/msg/detail/lrs_cmd_action_feedback__type_support.cpp\n'}
[2.168682] (node_app_msgs) StdoutLine: {'line': b'-- Up-to-date: /data/rl_deploy/install/node_app_msgs/include/node_app_msgs/node_app_msgs/msg/detail/lrs_cmd_action_feedback__rosidl_typesupport_introspection_cpp.hpp\n'}
[2.168782] (node_app_msgs) StdoutLine: {'line': b'-- Up-to-date: /data/rl_deploy/install/node_app_msgs/include/node_app_msgs/node_app_msgs/msg/detail/lrs_state__type_support.cpp\n'}
[2.168880] (node_app_msgs) StdoutLine: {'line': b'-- Up-to-date: /data/rl_deploy/install/node_app_msgs/include/node_app_msgs/node_app_msgs/msg/detail/lrs_state__rosidl_typesupport_introspection_cpp.hpp\n'}
[2.168979] (node_app_msgs) StdoutLine: {'line': b'-- Up-to-date: /data/rl_deploy/install/node_app_msgs/include/node_app_msgs/node_app_msgs/msg/detail/lrs_cmd_state_feedback__rosidl_typesupport_introspection_cpp.hpp\n'}
[2.169095] (node_app_msgs) StdoutLine: {'line': b'-- Up-to-date: /data/rl_deploy/install/node_app_msgs/include/node_app_msgs/node_app_msgs/msg/detail/lrs_cmd_state_feedback__type_support.cpp\n'}
[2.169194] (node_app_msgs) StdoutLine: {'line': b'-- Up-to-date: /data/rl_deploy/install/node_app_msgs/lib/libnode_app_msgs__rosidl_typesupport_introspection_cpp.so\n'}
[2.169294] (node_app_msgs) StdoutLine: {'line': b'-- Up-to-date: /data/rl_deploy/install/node_app_msgs/lib/libnode_app_msgs__rosidl_typesupport_cpp.so\n'}
[2.169393] (node_app_msgs) StdoutLine: {'line': b'-- Up-to-date: /data/rl_deploy/install/node_app_msgs/share/node_app_msgs/environment/pythonpath.sh\n'}
[2.169504] (node_app_msgs) StdoutLine: {'line': b'-- Up-to-date: /data/rl_deploy/install/node_app_msgs/share/node_app_msgs/environment/pythonpath.dsv\n'}
[2.169602] (node_app_msgs) StdoutLine: {'line': b'-- Up-to-date: /data/rl_deploy/install/node_app_msgs/local/lib/python3.10/dist-packages/node_app_msgs-0.0.0-py3.10.egg-info\n'}
[2.169701] (node_app_msgs) StdoutLine: {'line': b'-- Installing: /data/rl_deploy/install/node_app_msgs/local/lib/python3.10/dist-packages/node_app_msgs-0.0.0-py3.10.egg-info/top_level.txt\n'}
[2.169983] (node_app_msgs) StdoutLine: {'line': b'-- Installing: /data/rl_deploy/install/node_app_msgs/local/lib/python3.10/dist-packages/node_app_msgs-0.0.0-py3.10.egg-info/PKG-INFO\n'}
[2.170117] (node_app_msgs) StdoutLine: {'line': b'-- Installing: /data/rl_deploy/install/node_app_msgs/local/lib/python3.10/dist-packages/node_app_msgs-0.0.0-py3.10.egg-info/SOURCES.txt\n'}
[2.170227] (node_app_msgs) StdoutLine: {'line': b'-- Installing: /data/rl_deploy/install/node_app_msgs/local/lib/python3.10/dist-packages/node_app_msgs-0.0.0-py3.10.egg-info/dependency_links.txt\n'}
[2.170333] (node_app_msgs) StdoutLine: {'line': b'-- Up-to-date: /data/rl_deploy/install/node_app_msgs/local/lib/python3.10/dist-packages/node_app_msgs\n'}
[2.170435] (node_app_msgs) StdoutLine: {'line': b'-- Up-to-date: /data/rl_deploy/install/node_app_msgs/local/lib/python3.10/dist-packages/node_app_msgs/libnode_app_msgs__rosidl_generator_py.so\n'}
[2.170536] (node_app_msgs) StdoutLine: {'line': b'-- Up-to-date: /data/rl_deploy/install/node_app_msgs/local/lib/python3.10/dist-packages/node_app_msgs/node_app_msgs_s__rosidl_typesupport_introspection_c.cpython-310-aarch64-linux-gnu.so\n'}
[2.170638] (node_app_msgs) StdoutLine: {'line': b'-- Up-to-date: /data/rl_deploy/install/node_app_msgs/local/lib/python3.10/dist-packages/node_app_msgs/_node_app_msgs_s.ep.rosidl_typesupport_introspection_c.c\n'}
[2.170736] (node_app_msgs) StdoutLine: {'line': b'-- Up-to-date: /data/rl_deploy/install/node_app_msgs/local/lib/python3.10/dist-packages/node_app_msgs/_node_app_msgs_s.ep.rosidl_typesupport_c.c\n'}
[2.170835] (node_app_msgs) StdoutLine: {'line': b'-- Up-to-date: /data/rl_deploy/install/node_app_msgs/local/lib/python3.10/dist-packages/node_app_msgs/node_app_msgs_s__rosidl_typesupport_c.cpython-310-aarch64-linux-gnu.so\n'}
[2.170937] (node_app_msgs) StdoutLine: {'line': b'-- Up-to-date: /data/rl_deploy/install/node_app_msgs/local/lib/python3.10/dist-packages/node_app_msgs/__init__.py\n'}
[2.171037] (node_app_msgs) StdoutLine: {'line': b'-- Up-to-date: /data/rl_deploy/install/node_app_msgs/local/lib/python3.10/dist-packages/node_app_msgs/_node_app_msgs_s.ep.rosidl_typesupport_fastrtps_c.c\n'}
[2.171135] (node_app_msgs) StdoutLine: {'line': b'-- Up-to-date: /data/rl_deploy/install/node_app_msgs/local/lib/python3.10/dist-packages/node_app_msgs/msg\n'}
[2.171272] (node_app_msgs) StdoutLine: {'line': b'-- Up-to-date: /data/rl_deploy/install/node_app_msgs/local/lib/python3.10/dist-packages/node_app_msgs/msg/_lrs_state_s.c\n'}
[2.171376] (node_app_msgs) StdoutLine: {'line': b'-- Up-to-date: /data/rl_deploy/install/node_app_msgs/local/lib/python3.10/dist-packages/node_app_msgs/msg/_lrs_cmd_action_feedback.py\n'}
[2.171478] (node_app_msgs) StdoutLine: {'line': b'-- Up-to-date: /data/rl_deploy/install/node_app_msgs/local/lib/python3.10/dist-packages/node_app_msgs/msg/_lrs_cmd_state.py\n'}
[2.171689] (node_app_msgs) StdoutLine: {'line': b'-- Up-to-date: /data/rl_deploy/install/node_app_msgs/local/lib/python3.10/dist-packages/node_app_msgs/msg/_iot_cmd_msg.py\n'}
[2.171846] (node_app_msgs) StdoutLine: {'line': b'-- Up-to-date: /data/rl_deploy/install/node_app_msgs/local/lib/python3.10/dist-packages/node_app_msgs/msg/_lrs_cmd_action_feedback_s.c\n'}
[2.172066] (node_app_msgs) StdoutLine: {'line': b'-- Up-to-date: /data/rl_deploy/install/node_app_msgs/local/lib/python3.10/dist-packages/node_app_msgs/msg/_lrs_cmd_action_s.c\n'}
[2.172188] (node_app_msgs) StdoutLine: {'line': b'-- Up-to-date: /data/rl_deploy/install/node_app_msgs/local/lib/python3.10/dist-packages/node_app_msgs/msg/_lrs_state.py\n'}
[2.172309] (node_app_msgs) StdoutLine: {'line': b'-- Up-to-date: /data/rl_deploy/install/node_app_msgs/local/lib/python3.10/dist-packages/node_app_msgs/msg/_iot_cmd_msg_s.c\n'}
[2.172413] (node_app_msgs) StdoutLine: {'line': b'-- Up-to-date: /data/rl_deploy/install/node_app_msgs/local/lib/python3.10/dist-packages/node_app_msgs/msg/__init__.py\n'}
[2.172518] (node_app_msgs) StdoutLine: {'line': b'-- Up-to-date: /data/rl_deploy/install/node_app_msgs/local/lib/python3.10/dist-packages/node_app_msgs/msg/_lrs_cmd_state_feedback_s.c\n'}
[2.172631] (node_app_msgs) StdoutLine: {'line': b'-- Up-to-date: /data/rl_deploy/install/node_app_msgs/local/lib/python3.10/dist-packages/node_app_msgs/msg/_lrs_cmd_action.py\n'}
[2.172733] (node_app_msgs) StdoutLine: {'line': b'-- Up-to-date: /data/rl_deploy/install/node_app_msgs/local/lib/python3.10/dist-packages/node_app_msgs/msg/_lrs_cmd_state_feedback.py\n'}
[2.172834] (node_app_msgs) StdoutLine: {'line': b'-- Up-to-date: /data/rl_deploy/install/node_app_msgs/local/lib/python3.10/dist-packages/node_app_msgs/msg/_lrs_cmd_state_s.c\n'}
[2.172935] (node_app_msgs) StdoutLine: {'line': b'-- Up-to-date: /data/rl_deploy/install/node_app_msgs/local/lib/python3.10/dist-packages/node_app_msgs/node_app_msgs_s__rosidl_typesupport_fastrtps_c.cpython-310-aarch64-linux-gnu.so\n'}
[2.176393] (robot_msgs) StdoutLine: {'line': b"Listing '/data/rl_deploy/install/robot_msgs/local/lib/python3.10/dist-packages/robot_msgs'...\n"}
[2.176635] (robot_msgs) StdoutLine: {'line': b"Listing '/data/rl_deploy/install/robot_msgs/local/lib/python3.10/dist-packages/robot_msgs/msg'...\n"}
[2.189762] (robot_msgs) StdoutLine: {'line': b'-- Up-to-date: /data/rl_deploy/install/robot_msgs/local/lib/python3.10/dist-packages/robot_msgs/robot_msgs_s__rosidl_typesupport_fastrtps_c.cpython-310-aarch64-linux-gnu.so\n'}
[2.190207] (robot_msgs) StdoutLine: {'line': b'-- Up-to-date: /data/rl_deploy/install/robot_msgs/local/lib/python3.10/dist-packages/robot_msgs/robot_msgs_s__rosidl_typesupport_introspection_c.cpython-310-aarch64-linux-gnu.so\n'}
[2.190393] (robot_msgs) StdoutLine: {'line': b'-- Up-to-date: /data/rl_deploy/install/robot_msgs/local/lib/python3.10/dist-packages/robot_msgs/robot_msgs_s__rosidl_typesupport_c.cpython-310-aarch64-linux-gnu.so\n'}
[2.190938] (robot_msgs) StdoutLine: {'line': b'-- Up-to-date: /data/rl_deploy/install/robot_msgs/lib/librobot_msgs__rosidl_generator_py.so\n'}
[2.191213] (robot_msgs) StdoutLine: {'line': b'-- Up-to-date: /data/rl_deploy/install/robot_msgs/share/ament_index/resource_index/rust_packages/robot_msgs\n'}
[2.191807] (robot_msgs) StdoutLine: {'line': b'-- Up-to-date: /data/rl_deploy/install/robot_msgs/share/robot_msgs/rust\n'}
[2.192085] (robot_msgs) StdoutLine: {'line': b'-- Up-to-date: /data/rl_deploy/install/robot_msgs/share/robot_msgs/rust/Cargo.toml\n'}
[2.192349] (robot_msgs) StdoutLine: {'line': b'-- Up-to-date: /data/rl_deploy/install/robot_msgs/share/robot_msgs/rust/src\n'}
[2.192641] (robot_msgs) StdoutLine: {'line': b'-- Up-to-date: /data/rl_deploy/install/robot_msgs/share/robot_msgs/rust/src/lib.rs\n'}
[2.192755] (robot_msgs) StdoutLine: {'line': b'-- Up-to-date: /data/rl_deploy/install/robot_msgs/share/robot_msgs/rust/src/msg.rs\n'}
[2.192863] (robot_msgs) StdoutLine: {'line': b'-- Up-to-date: /data/rl_deploy/install/robot_msgs/share/robot_msgs/rust/src/msg\n'}
[2.192970] (robot_msgs) StdoutLine: {'line': b'-- Up-to-date: /data/rl_deploy/install/robot_msgs/share/robot_msgs/rust/src/msg/rmw.rs\n'}
[2.193074] (robot_msgs) StdoutLine: {'line': b'-- Up-to-date: /data/rl_deploy/install/robot_msgs/share/robot_msgs/rust/build.rs\n'}
[2.193270] (robot_msgs) StdoutLine: {'line': b'-- Up-to-date: /data/rl_deploy/install/robot_msgs/share/robot_msgs/msg/RobotState.idl\n'}
[2.193410] (robot_msgs) StdoutLine: {'line': b'-- Up-to-date: /data/rl_deploy/install/robot_msgs/share/robot_msgs/msg/RobotState.msg\n'}
[2.193761] (robot_msgs) StdoutLine: {'line': b'-- Up-to-date: /data/rl_deploy/install/robot_msgs/share/ament_index/resource_index/package_run_dependencies/robot_msgs\n'}
[2.194090] (robot_msgs) StdoutLine: {'line': b'-- Up-to-date: /data/rl_deploy/install/robot_msgs/share/ament_index/resource_index/parent_prefix_path/robot_msgs\n'}
[2.194294] (robot_msgs) StdoutLine: {'line': b'-- Up-to-date: /data/rl_deploy/install/robot_msgs/share/robot_msgs/environment/ament_prefix_path.sh\n'}
[2.194514] (robot_msgs) StdoutLine: {'line': b'-- Up-to-date: /data/rl_deploy/install/robot_msgs/share/robot_msgs/environment/ament_prefix_path.dsv\n'}
[2.194740] (robot_msgs) StdoutLine: {'line': b'-- Up-to-date: /data/rl_deploy/install/robot_msgs/share/robot_msgs/environment/path.sh\n'}
[2.194961] (robot_msgs) StdoutLine: {'line': b'-- Up-to-date: /data/rl_deploy/install/robot_msgs/share/robot_msgs/environment/path.dsv\n'}
[2.195302] (robot_msgs) StdoutLine: {'line': b'-- Up-to-date: /data/rl_deploy/install/robot_msgs/share/robot_msgs/local_setup.bash\n'}
[2.195723] (robot_msgs) StdoutLine: {'line': b'-- Up-to-date: /data/rl_deploy/install/robot_msgs/share/robot_msgs/local_setup.sh\n'}
[2.196004] (robot_msgs) StdoutLine: {'line': b'-- Up-to-date: /data/rl_deploy/install/robot_msgs/share/robot_msgs/local_setup.zsh\n'}
[2.196175] (robot_msgs) StdoutLine: {'line': b'-- Up-to-date: /data/rl_deploy/install/robot_msgs/share/robot_msgs/local_setup.dsv\n'}
[2.196294] (robot_msgs) StdoutLine: {'line': b'-- Installing: /data/rl_deploy/install/robot_msgs/share/robot_msgs/package.dsv\n'}
[2.196479] (robot_msgs) StdoutLine: {'line': b'-- Up-to-date: /data/rl_deploy/install/robot_msgs/share/ament_index/resource_index/packages/robot_msgs\n'}
[2.196656] (robot_msgs) StdoutLine: {'line': b'-- Up-to-date: /data/rl_deploy/install/robot_msgs/share/robot_msgs/cmake/export_robot_msgs__rosidl_generator_cExport.cmake\n'}
[2.196800] (robot_msgs) StdoutLine: {'line': b'-- Up-to-date: /data/rl_deploy/install/robot_msgs/share/robot_msgs/cmake/export_robot_msgs__rosidl_generator_cExport-noconfig.cmake\n'}
[2.196974] (robot_msgs) StdoutLine: {'line': b'-- Up-to-date: /data/rl_deploy/install/robot_msgs/share/robot_msgs/cmake/export_robot_msgs__rosidl_typesupport_fastrtps_cExport.cmake\n'}
[2.197140] (robot_msgs) StdoutLine: {'line': b'-- Up-to-date: /data/rl_deploy/install/robot_msgs/share/robot_msgs/cmake/export_robot_msgs__rosidl_typesupport_fastrtps_cExport-noconfig.cmake\n'}
[2.197343] (robot_msgs) StdoutLine: {'line': b'-- Up-to-date: /data/rl_deploy/install/robot_msgs/share/robot_msgs/cmake/export_robot_msgs__rosidl_generator_cppExport.cmake\n'}
[2.197570] (robot_msgs) StdoutLine: {'line': b'-- Up-to-date: /data/rl_deploy/install/robot_msgs/share/robot_msgs/cmake/export_robot_msgs__rosidl_typesupport_fastrtps_cppExport.cmake\n'}
[2.197687] (robot_msgs) StdoutLine: {'line': b'-- Up-to-date: /data/rl_deploy/install/robot_msgs/share/robot_msgs/cmake/export_robot_msgs__rosidl_typesupport_fastrtps_cppExport-noconfig.cmake\n'}
[2.197813] (robot_msgs) StdoutLine: {'line': b'-- Up-to-date: /data/rl_deploy/install/robot_msgs/share/robot_msgs/cmake/robot_msgs__rosidl_typesupport_introspection_cExport.cmake\n'}
[2.197925] (robot_msgs) StdoutLine: {'line': b'-- Up-to-date: /data/rl_deploy/install/robot_msgs/share/robot_msgs/cmake/robot_msgs__rosidl_typesupport_introspection_cExport-noconfig.cmake\n'}
[2.198031] (robot_msgs) StdoutLine: {'line': b'-- Up-to-date: /data/rl_deploy/install/robot_msgs/share/robot_msgs/cmake/robot_msgs__rosidl_typesupport_cExport.cmake\n'}
[2.198134] (robot_msgs) StdoutLine: {'line': b'-- Up-to-date: /data/rl_deploy/install/robot_msgs/share/robot_msgs/cmake/robot_msgs__rosidl_typesupport_cExport-noconfig.cmake\n'}
[2.198255] (robot_msgs) StdoutLine: {'line': b'-- Up-to-date: /data/rl_deploy/install/robot_msgs/share/robot_msgs/cmake/robot_msgs__rosidl_typesupport_introspection_cppExport.cmake\n'}
[2.198957] (robot_msgs) StdoutLine: {'line': b'-- Up-to-date: /data/rl_deploy/install/robot_msgs/share/robot_msgs/cmake/robot_msgs__rosidl_typesupport_introspection_cppExport-noconfig.cmake\n'}
[2.199654] (robot_msgs) StdoutLine: {'line': b'-- Up-to-date: /data/rl_deploy/install/robot_msgs/share/robot_msgs/cmake/robot_msgs__rosidl_typesupport_cppExport.cmake\n'}
[2.201298] (robot_msgs) StdoutLine: {'line': b'-- Up-to-date: /data/rl_deploy/install/robot_msgs/share/robot_msgs/cmake/robot_msgs__rosidl_typesupport_cppExport-noconfig.cmake\n'}
[2.201853] (robot_msgs) StdoutLine: {'line': b'-- Up-to-date: /data/rl_deploy/install/robot_msgs/share/robot_msgs/cmake/export_robot_msgs__rosidl_generator_pyExport.cmake\n'}
[2.202143] (robot_msgs) StdoutLine: {'line': b'-- Up-to-date: /data/rl_deploy/install/robot_msgs/share/robot_msgs/cmake/export_robot_msgs__rosidl_generator_pyExport-noconfig.cmake\n'}
[2.202309] (robot_msgs) StdoutLine: {'line': b'-- Up-to-date: /data/rl_deploy/install/robot_msgs/share/robot_msgs/cmake/rosidl_cmake-extras.cmake\n'}
[2.202551] (robot_msgs) StdoutLine: {'line': b'-- Up-to-date: /data/rl_deploy/install/robot_msgs/share/robot_msgs/cmake/ament_cmake_export_dependencies-extras.cmake\n'}
[2.202970] (robot_msgs) StdoutLine: {'line': b'-- Up-to-date: /data/rl_deploy/install/robot_msgs/share/robot_msgs/cmake/ament_cmake_export_include_directories-extras.cmake\n'}
[2.203275] (robot_msgs) StdoutLine: {'line': b'-- Up-to-date: /data/rl_deploy/install/robot_msgs/share/robot_msgs/cmake/ament_cmake_export_libraries-extras.cmake\n'}
[2.203415] (robot_msgs) StdoutLine: {'line': b'-- Up-to-date: /data/rl_deploy/install/robot_msgs/share/robot_msgs/cmake/ament_cmake_export_targets-extras.cmake\n'}
[2.203669] (robot_msgs) StdoutLine: {'line': b'-- Up-to-date: /data/rl_deploy/install/robot_msgs/share/robot_msgs/cmake/rosidl_cmake_export_typesupport_targets-extras.cmake\n'}
[2.203916] (robot_msgs) StdoutLine: {'line': b'-- Up-to-date: /data/rl_deploy/install/robot_msgs/share/robot_msgs/cmake/rosidl_cmake_export_typesupport_libraries-extras.cmake\n'}
[2.204100] (robot_msgs) StdoutLine: {'line': b'-- Up-to-date: /data/rl_deploy/install/robot_msgs/share/robot_msgs/cmake/robot_msgsConfig.cmake\n'}
[2.204253] (robot_msgs) StdoutLine: {'line': b'-- Up-to-date: /data/rl_deploy/install/robot_msgs/share/robot_msgs/cmake/robot_msgsConfig-version.cmake\n'}
[2.204421] (-) TimerEvent: {}
[2.204777] (robot_msgs) StdoutLine: {'line': b'-- Up-to-date: /data/rl_deploy/install/robot_msgs/share/robot_msgs/package.xml\n'}
[2.205038] (robot_msgs) CommandEnded: {'returncode': 0}
[2.216282] (node_app_msgs) StdoutLine: {'line': b"Listing '/data/rl_deploy/install/node_app_msgs/local/lib/python3.10/dist-packages/node_app_msgs'...\n"}
[2.217120] (node_app_msgs) StdoutLine: {'line': b"Listing '/data/rl_deploy/install/node_app_msgs/local/lib/python3.10/dist-packages/node_app_msgs/msg'...\n"}
[2.227491] (node_app_msgs) StdoutLine: {'line': b'-- Up-to-date: /data/rl_deploy/install/node_app_msgs/local/lib/python3.10/dist-packages/node_app_msgs/node_app_msgs_s__rosidl_typesupport_fastrtps_c.cpython-310-aarch64-linux-gnu.so\n'}
[2.227884] (node_app_msgs) StdoutLine: {'line': b'-- Up-to-date: /data/rl_deploy/install/node_app_msgs/local/lib/python3.10/dist-packages/node_app_msgs/node_app_msgs_s__rosidl_typesupport_introspection_c.cpython-310-aarch64-linux-gnu.so\n'}
[2.228249] (node_app_msgs) StdoutLine: {'line': b'-- Up-to-date: /data/rl_deploy/install/node_app_msgs/local/lib/python3.10/dist-packages/node_app_msgs/node_app_msgs_s__rosidl_typesupport_c.cpython-310-aarch64-linux-gnu.so\n'}
[2.228867] (node_app_msgs) StdoutLine: {'line': b'-- Up-to-date: /data/rl_deploy/install/node_app_msgs/lib/libnode_app_msgs__rosidl_generator_py.so\n'}
[2.229233] (node_app_msgs) StdoutLine: {'line': b'-- Up-to-date: /data/rl_deploy/install/node_app_msgs/share/ament_index/resource_index/rust_packages/node_app_msgs\n'}
[2.229624] (node_app_msgs) StdoutLine: {'line': b'-- Up-to-date: /data/rl_deploy/install/node_app_msgs/share/node_app_msgs/rust\n'}
[2.230019] (node_app_msgs) StdoutLine: {'line': b'-- Up-to-date: /data/rl_deploy/install/node_app_msgs/share/node_app_msgs/rust/Cargo.toml\n'}
[2.230372] (node_app_msgs) StdoutLine: {'line': b'-- Up-to-date: /data/rl_deploy/install/node_app_msgs/share/node_app_msgs/rust/src\n'}
[2.230734] (node_app_msgs) StdoutLine: {'line': b'-- Up-to-date: /data/rl_deploy/install/node_app_msgs/share/node_app_msgs/rust/src/lib.rs\n'}
[2.231220] (node_app_msgs) StdoutLine: {'line': b'-- Up-to-date: /data/rl_deploy/install/node_app_msgs/share/node_app_msgs/rust/src/msg.rs\n'}
[2.231457] (node_app_msgs) StdoutLine: {'line': b'-- Up-to-date: /data/rl_deploy/install/node_app_msgs/share/node_app_msgs/rust/src/msg\n'}
[2.231622] (node_app_msgs) StdoutLine: {'line': b'-- Up-to-date: /data/rl_deploy/install/node_app_msgs/share/node_app_msgs/rust/src/msg/rmw.rs\n'}
[2.231969] (node_app_msgs) StdoutLine: {'line': b'-- Up-to-date: /data/rl_deploy/install/node_app_msgs/share/node_app_msgs/rust/build.rs\n'}
[2.232209] (node_app_msgs) StdoutLine: {'line': b'-- Up-to-date: /data/rl_deploy/install/node_app_msgs/share/node_app_msgs/msg/IotCmdMsg.idl\n'}
[2.232391] (node_app_msgs) StdoutLine: {'line': b'-- Up-to-date: /data/rl_deploy/install/node_app_msgs/share/node_app_msgs/msg/LrsCmdAction.idl\n'}
[2.232966] (node_app_msgs) StdoutLine: {'line': b'-- Up-to-date: /data/rl_deploy/install/node_app_msgs/share/node_app_msgs/msg/LrsCmdActionFeedback.idl\n'}
[2.233171] (node_app_msgs) StdoutLine: {'line': b'-- Up-to-date: /data/rl_deploy/install/node_app_msgs/share/node_app_msgs/msg/LrsCmdState.idl\n'}
[2.233309] (node_app_msgs) StdoutLine: {'line': b'-- Up-to-date: /data/rl_deploy/install/node_app_msgs/share/node_app_msgs/msg/LrsCmdStateFeedback.idl\n'}
[2.234081] (node_app_msgs) StdoutLine: {'line': b'-- Up-to-date: /data/rl_deploy/install/node_app_msgs/share/node_app_msgs/msg/LrsState.idl\n'}
[2.234754] (node_app_msgs) StdoutLine: {'line': b'-- Up-to-date: /data/rl_deploy/install/node_app_msgs/share/node_app_msgs/msg/IotCmdMsg.msg\n'}
[2.235197] (node_app_msgs) StdoutLine: {'line': b'-- Up-to-date: /data/rl_deploy/install/node_app_msgs/share/node_app_msgs/msg/LrsCmdAction.msg\n'}
[2.235523] (node_app_msgs) StdoutLine: {'line': b'-- Up-to-date: /data/rl_deploy/install/node_app_msgs/share/node_app_msgs/msg/LrsCmdActionFeedback.msg\n'}
[2.235703] (node_app_msgs) StdoutLine: {'line': b'-- Up-to-date: /data/rl_deploy/install/node_app_msgs/share/node_app_msgs/msg/LrsCmdState.msg\n'}
[2.235897] (node_app_msgs) StdoutLine: {'line': b'-- Up-to-date: /data/rl_deploy/install/node_app_msgs/share/node_app_msgs/msg/LrsCmdStateFeedback.msg\n'}
[2.236065] (node_app_msgs) StdoutLine: {'line': b'-- Up-to-date: /data/rl_deploy/install/node_app_msgs/share/node_app_msgs/msg/LrsState.msg\n'}
[2.236208] (node_app_msgs) StdoutLine: {'line': b'-- Up-to-date: /data/rl_deploy/install/node_app_msgs/share/ament_index/resource_index/package_run_dependencies/node_app_msgs\n'}
[2.236390] (node_app_msgs) StdoutLine: {'line': b'-- Up-to-date: /data/rl_deploy/install/node_app_msgs/share/ament_index/resource_index/parent_prefix_path/node_app_msgs\n'}
[2.236685] (node_app_msgs) StdoutLine: {'line': b'-- Up-to-date: /data/rl_deploy/install/node_app_msgs/share/node_app_msgs/environment/ament_prefix_path.sh\n'}
[2.236922] (node_app_msgs) StdoutLine: {'line': b'-- Up-to-date: /data/rl_deploy/install/node_app_msgs/share/node_app_msgs/environment/ament_prefix_path.dsv\n'}
[2.237130] (node_app_msgs) StdoutLine: {'line': b'-- Up-to-date: /data/rl_deploy/install/node_app_msgs/share/node_app_msgs/environment/path.sh\n'}
[2.237324] (node_app_msgs) StdoutLine: {'line': b'-- Up-to-date: /data/rl_deploy/install/node_app_msgs/share/node_app_msgs/environment/path.dsv\n'}
[2.237566] (node_app_msgs) StdoutLine: {'line': b'-- Up-to-date: /data/rl_deploy/install/node_app_msgs/share/node_app_msgs/local_setup.bash\n'}
[2.238040] (node_app_msgs) StdoutLine: {'line': b'-- Up-to-date: /data/rl_deploy/install/node_app_msgs/share/node_app_msgs/local_setup.sh\n'}
[2.238216] (node_app_msgs) StdoutLine: {'line': b'-- Up-to-date: /data/rl_deploy/install/node_app_msgs/share/node_app_msgs/local_setup.zsh\n'}
[2.238375] (node_app_msgs) StdoutLine: {'line': b'-- Up-to-date: /data/rl_deploy/install/node_app_msgs/share/node_app_msgs/local_setup.dsv\n'}
[2.238625] (node_app_msgs) StdoutLine: {'line': b'-- Installing: /data/rl_deploy/install/node_app_msgs/share/node_app_msgs/package.dsv\n'}
[2.238843] (node_app_msgs) StdoutLine: {'line': b'-- Up-to-date: /data/rl_deploy/install/node_app_msgs/share/ament_index/resource_index/packages/node_app_msgs\n'}
[2.239000] (node_app_msgs) StdoutLine: {'line': b'-- Up-to-date: /data/rl_deploy/install/node_app_msgs/share/node_app_msgs/cmake/export_node_app_msgs__rosidl_generator_cExport.cmake\n'}
[2.239443] (node_app_msgs) StdoutLine: {'line': b'-- Up-to-date: /data/rl_deploy/install/node_app_msgs/share/node_app_msgs/cmake/export_node_app_msgs__rosidl_generator_cExport-noconfig.cmake\n'}
[2.240217] (node_app_msgs) StdoutLine: {'line': b'-- Up-to-date: /data/rl_deploy/install/node_app_msgs/share/node_app_msgs/cmake/export_node_app_msgs__rosidl_typesupport_fastrtps_cExport.cmake\n'}
[2.240431] (node_app_msgs) StdoutLine: {'line': b'-- Up-to-date: /data/rl_deploy/install/node_app_msgs/share/node_app_msgs/cmake/export_node_app_msgs__rosidl_typesupport_fastrtps_cExport-noconfig.cmake\n'}
[2.241117] (node_app_msgs) StdoutLine: {'line': b'-- Up-to-date: /data/rl_deploy/install/node_app_msgs/share/node_app_msgs/cmake/node_app_msgs__rosidl_typesupport_introspection_cExport.cmake\n'}
[2.241356] (node_app_msgs) StdoutLine: {'line': b'-- Up-to-date: /data/rl_deploy/install/node_app_msgs/share/node_app_msgs/cmake/node_app_msgs__rosidl_typesupport_introspection_cExport-noconfig.cmake\n'}
[2.241586] (node_app_msgs) StdoutLine: {'line': b'-- Up-to-date: /data/rl_deploy/install/node_app_msgs/share/node_app_msgs/cmake/node_app_msgs__rosidl_typesupport_cExport.cmake\n'}
[2.242119] (node_app_msgs) StdoutLine: {'line': b'-- Up-to-date: /data/rl_deploy/install/node_app_msgs/share/node_app_msgs/cmake/node_app_msgs__rosidl_typesupport_cExport-noconfig.cmake\n'}
[2.242479] (node_app_msgs) StdoutLine: {'line': b'-- Up-to-date: /data/rl_deploy/install/node_app_msgs/share/node_app_msgs/cmake/export_node_app_msgs__rosidl_generator_cppExport.cmake\n'}
[2.242717] (node_app_msgs) StdoutLine: {'line': b'-- Up-to-date: /data/rl_deploy/install/node_app_msgs/share/node_app_msgs/cmake/export_node_app_msgs__rosidl_typesupport_fastrtps_cppExport.cmake\n'}
[2.242890] (node_app_msgs) StdoutLine: {'line': b'-- Up-to-date: /data/rl_deploy/install/node_app_msgs/share/node_app_msgs/cmake/export_node_app_msgs__rosidl_typesupport_fastrtps_cppExport-noconfig.cmake\n'}
[2.243317] (node_app_msgs) StdoutLine: {'line': b'-- Up-to-date: /data/rl_deploy/install/node_app_msgs/share/node_app_msgs/cmake/node_app_msgs__rosidl_typesupport_introspection_cppExport.cmake\n'}
[2.243927] (node_app_msgs) StdoutLine: {'line': b'-- Up-to-date: /data/rl_deploy/install/node_app_msgs/share/node_app_msgs/cmake/node_app_msgs__rosidl_typesupport_introspection_cppExport-noconfig.cmake\n'}
[2.244125] (node_app_msgs) StdoutLine: {'line': b'-- Up-to-date: /data/rl_deploy/install/node_app_msgs/share/node_app_msgs/cmake/node_app_msgs__rosidl_typesupport_cppExport.cmake\n'}
[2.244605] (node_app_msgs) StdoutLine: {'line': b'-- Up-to-date: /data/rl_deploy/install/node_app_msgs/share/node_app_msgs/cmake/node_app_msgs__rosidl_typesupport_cppExport-noconfig.cmake\n'}
[2.245034] (node_app_msgs) StdoutLine: {'line': b'-- Up-to-date: /data/rl_deploy/install/node_app_msgs/share/node_app_msgs/cmake/export_node_app_msgs__rosidl_generator_pyExport.cmake\n'}
[2.245699] (node_app_msgs) StdoutLine: {'line': b'-- Up-to-date: /data/rl_deploy/install/node_app_msgs/share/node_app_msgs/cmake/export_node_app_msgs__rosidl_generator_pyExport-noconfig.cmake\n'}
[2.246024] (node_app_msgs) StdoutLine: {'line': b'-- Up-to-date: /data/rl_deploy/install/node_app_msgs/share/node_app_msgs/cmake/rosidl_cmake-extras.cmake\n'}
[2.246514] (node_app_msgs) StdoutLine: {'line': b'-- Up-to-date: /data/rl_deploy/install/node_app_msgs/share/node_app_msgs/cmake/ament_cmake_export_dependencies-extras.cmake\n'}
[2.246745] (node_app_msgs) StdoutLine: {'line': b'-- Up-to-date: /data/rl_deploy/install/node_app_msgs/share/node_app_msgs/cmake/ament_cmake_export_include_directories-extras.cmake\n'}
[2.246965] (node_app_msgs) StdoutLine: {'line': b'-- Up-to-date: /data/rl_deploy/install/node_app_msgs/share/node_app_msgs/cmake/ament_cmake_export_libraries-extras.cmake\n'}
[2.247434] (node_app_msgs) StdoutLine: {'line': b'-- Up-to-date: /data/rl_deploy/install/node_app_msgs/share/node_app_msgs/cmake/ament_cmake_export_targets-extras.cmake\n'}
[2.247938] (node_app_msgs) StdoutLine: {'line': b'-- Up-to-date: /data/rl_deploy/install/node_app_msgs/share/node_app_msgs/cmake/rosidl_cmake_export_typesupport_targets-extras.cmake\n'}
[2.248122] (node_app_msgs) StdoutLine: {'line': b'-- Up-to-date: /data/rl_deploy/install/node_app_msgs/share/node_app_msgs/cmake/rosidl_cmake_export_typesupport_libraries-extras.cmake\n'}
[2.248594] (node_app_msgs) StdoutLine: {'line': b'-- Up-to-date: /data/rl_deploy/install/node_app_msgs/share/node_app_msgs/cmake/node_app_msgsConfig.cmake\n'}
[2.249144] (node_app_msgs) StdoutLine: {'line': b'-- Up-to-date: /data/rl_deploy/install/node_app_msgs/share/node_app_msgs/cmake/node_app_msgsConfig-version.cmake\n'}
[2.249332] (node_app_msgs) StdoutLine: {'line': b'-- Up-to-date: /data/rl_deploy/install/node_app_msgs/share/node_app_msgs/package.xml\n'}
[2.257384] (robot_msgs) JobEnded: {'identifier': 'robot_msgs', 'rc': 0}
[2.259453] (robot_state) JobStarted: {'identifier': 'robot_state'}
[2.265326] (node_app_msgs) CommandEnded: {'returncode': 0}
[2.297348] (node_app_msgs) JobEnded: {'identifier': 'node_app_msgs', 'rc': 0}
[2.299887] (robot_rl_controller) JobStarted: {'identifier': 'robot_rl_controller'}
[2.304539] (-) TimerEvent: {}
[2.308979] (robot_state) JobProgress: {'identifier': 'robot_state', 'progress': 'cmake'}
[2.310074] (robot_state) JobProgress: {'identifier': 'robot_state', 'progress': 'build'}
[2.310520] (robot_state) Command: {'cmd': ['/usr/local/bin/cmake', '--build', '/data/rl_deploy/build/robot_state', '--', '-j8', '-l8'], 'cwd': '/data/rl_deploy/build/robot_state', 'env': OrderedDict([('LESSOPEN', '| /usr/bin/lesspipe %s'), ('USER', 'root'), ('SSH_CLIENT', '192.168.8.113 50272 22'), ('LC_TIME', 'zh_CN.UTF-8'), ('XDG_SESSION_TYPE', 'tty'), ('GIT_ASKPASS', '/root/.vscode-server/cli/servers/Stable-61b3d0ab13be7dda2389f1d3e60a119c7f660cc3/server/extensions/git/dist/askpass.sh'), ('SHLVL', '2'), ('LD_LIBRARY_PATH', '/data/rl_deploy/install/robot_msgs/lib:/data/rl_deploy/install/node_control_msgs/lib:/opt/ros/humble/lib/aarch64-linux-gnu:/opt/ros/humble/lib:/app/lib:/app/lib:/usr/local/cuda-12/lib64:/usr/local/cuda-12/lib64:/usr/local/cuda-12/lib64'), ('BROWSER', '/root/.vscode-server/cli/servers/Stable-61b3d0ab13be7dda2389f1d3e60a119c7f660cc3/server/bin/helpers/browser.sh'), ('LYOS_LOCALHOST_ONLY', '1'), ('MOTD_SHOWN', 'pam'), ('HOME', '/root'), ('OLDPWD', '/root/.vscode-server'), ('TERM_PROGRAM_VERSION', '1.110.1'), ('VSCODE_IPC_HOOK_CLI', '/run/user/0/vscode-ipc-2d12e5c4-ef4a-4996-a4ea-3ebfab8c4620.sock'), ('JETSON_L4T', '36.4.4'), ('ROS_PYTHON_VERSION', '3'), ('JETSON_MODEL', 'NVIDIA Jetson Orin NX Engineering Reference Developer Kit Super'), ('VSCODE_GIT_ASKPASS_MAIN', '/root/.vscode-server/cli/servers/Stable-61b3d0ab13be7dda2389f1d3e60a119c7f660cc3/server/extensions/git/dist/askpass-main.js'), ('LC_MONETARY', 'zh_CN.UTF-8'), ('VSCODE_GIT_ASKPASS_NODE', '/root/.vscode-server/cli/servers/Stable-61b3d0ab13be7dda2389f1d3e60a119c7f660cc3/server/node'), ('VSCODE_PYTHON_AUTOACTIVATE_GUARD', '1'), ('DBUS_SESSION_BUS_ADDRESS', 'unix:path=/run/user/0/bus'), ('COLORTERM', 'truecolor'), ('LYOS_DOMAIN_ID', '18:45:b3:02:00:08'), ('DEBUGINFOD_URLS', ''), ('ROS_DISTRO', 'humble'), ('LOGNAME', 'root'), ('JETSON_MODULE', 'NVIDIA Jetson Orin NX (16GB ram)'), ('JETSON_SERIAL_NUMBER', 'DummySN'), ('_', '/usr/bin/colcon'), ('ROS_VERSION', '2'), ('XDG_SESSION_CLASS', 'user'), ('TERM', 'xterm-256color'), ('XDG_SESSION_ID', '5'), ('ROS_LOCALHOST_ONLY', '1'), ('PATH', '/root/.vscode-server/cli/servers/Stable-61b3d0ab13be7dda2389f1d3e60a119c7f660cc3/server/bin/remote-cli:/opt/ros/humble/bin:/usr/local/sbin:/usr/local/bin:/usr/sbin:/usr/bin:/sbin:/bin:/usr/games:/usr/local/games:/snap/bin:/app/bin:/app/bin:/usr/local/cuda-12/bin:/usr/local/cuda-12/bin:/usr/local/cuda-12/bin'), ('LC_ADDRESS', 'zh_CN.UTF-8'), ('XDG_RUNTIME_DIR', '/run/user/0'), ('LANG', 'en_US.UTF-8'), ('LC_TELEPHONE', 'zh_CN.UTF-8'), ('LS_COLORS', 'rs=0:di=01;34:ln=01;36:mh=00:pi=40;33:so=01;35:do=01;35:bd=40;33;01:cd=40;33;01:or=40;31;01:mi=00:su=37;41:sg=30;43:ca=30;41:tw=30;42:ow=34;42:st=37;44:ex=01;32:*.tar=01;31:*.tgz=01;31:*.arc=01;31:*.arj=01;31:*.taz=01;31:*.lha=01;31:*.lz4=01;31:*.lzh=01;31:*.lzma=01;31:*.tlz=01;31:*.txz=01;31:*.tzo=01;31:*.t7z=01;31:*.zip=01;31:*.z=01;31:*.dz=01;31:*.gz=01;31:*.lrz=01;31:*.lz=01;31:*.lzo=01;31:*.xz=01;31:*.zst=01;31:*.tzst=01;31:*.bz2=01;31:*.bz=01;31:*.tbz=01;31:*.tbz2=01;31:*.tz=01;31:*.deb=01;31:*.rpm=01;31:*.jar=01;31:*.war=01;31:*.ear=01;31:*.sar=01;31:*.rar=01;31:*.alz=01;31:*.ace=01;31:*.zoo=01;31:*.cpio=01;31:*.7z=01;31:*.rz=01;31:*.cab=01;31:*.wim=01;31:*.swm=01;31:*.dwm=01;31:*.esd=01;31:*.jpg=01;35:*.jpeg=01;35:*.mjpg=01;35:*.mjpeg=01;35:*.gif=01;35:*.bmp=01;35:*.pbm=01;35:*.pgm=01;35:*.ppm=01;35:*.tga=01;35:*.xbm=01;35:*.xpm=01;35:*.tif=01;35:*.tiff=01;35:*.png=01;35:*.svg=01;35:*.svgz=01;35:*.mng=01;35:*.pcx=01;35:*.mov=01;35:*.mpg=01;35:*.mpeg=01;35:*.m2v=01;35:*.mkv=01;35:*.webm=01;35:*.webp=01;35:*.ogm=01;35:*.mp4=01;35:*.m4v=01;35:*.mp4v=01;35:*.vob=01;35:*.qt=01;35:*.nuv=01;35:*.wmv=01;35:*.asf=01;35:*.rm=01;35:*.rmvb=01;35:*.flc=01;35:*.avi=01;35:*.fli=01;35:*.flv=01;35:*.gl=01;35:*.dl=01;35:*.xcf=01;35:*.xwd=01;35:*.yuv=01;35:*.cgm=01;35:*.emf=01;35:*.ogv=01;35:*.ogx=01;35:*.aac=00;36:*.au=00;36:*.flac=00;36:*.m4a=00;36:*.mid=00;36:*.midi=00;36:*.mka=00;36:*.mp3=00;36:*.mpc=00;36:*.ogg=00;36:*.ra=00;36:*.wav=00;36:*.oga=00;36:*.opus=00;36:*.spx=00;36:*.xspf=00;36:'), ('JETSON_SOC', 'tegra234'), ('VSCODE_GIT_IPC_HANDLE', '/run/user/0/vscode-git-994ffc2805.sock'), ('TERM_PROGRAM', 'vscode'), ('ROSDISTRO_INDEX_URL', 'https://mirrors.tuna.tsinghua.edu.cn/rosdistro/index_v4.yaml'), ('ROS_DOMAIN_ID', '193'), ('AMENT_PREFIX_PATH', '/data/rl_deploy/install/robot_msgs:/data/rl_deploy/install/node_control_msgs:/opt/ros/humble'), ('SHELL', '/bin/bash'), ('LC_NAME', 'zh_CN.UTF-8'), ('LESSCLOSE', '/usr/bin/lesspipe %s %s'), ('LC_MEASUREMENT', 'zh_CN.UTF-8'), ('LC_IDENTIFICATION', 'zh_CN.UTF-8'), ('VSCODE_GIT_ASKPASS_EXTRA_ARGS', ''), ('JETSON_CUDA_ARCH_BIN', '8.7'), ('PWD', '/data/rl_deploy/build/robot_state'), ('LC_ALL', 'en_US.UTF-8'), ('SSH_CONNECTION', '192.168.8.113 50272 192.168.8.111 22'), ('XDG_DATA_DIRS', '/usr/share/gnome:/usr/local/share:/usr/share:/var/lib/snapd/desktop'), ('PYTHONPATH', '/data/rl_deploy/install/robot_msgs/local/lib/python3.10/dist-packages:/data/rl_deploy/install/node_control_msgs/local/lib/python3.10/dist-packages:/opt/ros/humble/lib/python3.10/site-packages:/opt/ros/humble/local/lib/python3.10/dist-packages'), ('LC_NUMERIC', 'zh_CN.UTF-8'), ('LC_PAPER', 'zh_CN.UTF-8'), ('COLCON', '1'), ('JETSON_JETPACK', '6.2.1'), ('JETSON_P_NUMBER', 'p3767-0000'), ('CMAKE_PREFIX_PATH', '/data/rl_deploy/install/robot_msgs:/data/rl_deploy/install/node_control_msgs:/opt/ros/humble')]), 'shell': False}
[2.404688] (-) TimerEvent: {}
[2.460327] (robot_state) StderrLine: {'line': b'gmake: *** [Makefile:267: cmake_check_build_system] Interrupt\n'}
[2.463271] (robot_rl_controller) JobEnded: {'identifier': 'robot_rl_controller', 'rc': 0}
[2.465743] (robot_state) JobEnded: {'identifier': 'robot_state', 'rc': 'SIGINT'}
[2.477855] (-) EventReactorShutdown: {}
