[0.000000] (-) TimerEvent: {}
[0.000607] (node_control_msgs) JobQueued: {'identifier': 'node_control_msgs', 'dependencies': OrderedDict()}
[0.001150] (node_driver_msgs) JobQueued: {'identifier': 'node_driver_msgs', 'dependencies': OrderedDict()}
[0.001406] (node_app_msgs) JobQueued: {'identifier': 'node_app_msgs', 'dependencies': OrderedDict([('node_control_msgs', '/data/rl_deploy/install/node_control_msgs')])}
[0.001887] (robot_msgs) JobQueued: {'identifier': 'robot_msgs', 'dependencies': OrderedDict([('node_control_msgs', '/data/rl_deploy/install/node_control_msgs')])}
[0.001973] (robot_rl_controller) JobQueued: {'identifier': 'robot_rl_controller', 'dependencies': OrderedDict([('node_control_msgs', '/data/rl_deploy/install/node_control_msgs'), ('node_app_msgs', '/data/rl_deploy/install/node_app_msgs'), ('robot_msgs', '/data/rl_deploy/install/robot_msgs')])}
[0.002050] (robot_state) JobQueued: {'identifier': 'robot_state', 'dependencies': OrderedDict([('node_control_msgs', '/data/rl_deploy/install/node_control_msgs'), ('robot_msgs', '/data/rl_deploy/install/robot_msgs')])}
[0.002112] (node_control_msgs) JobStarted: {'identifier': 'node_control_msgs'}
[0.010338] (node_driver_msgs) JobStarted: {'identifier': 'node_driver_msgs'}
[0.018579] (node_control_msgs) JobProgress: {'identifier': 'node_control_msgs', 'progress': 'cmake'}
[0.020029] (node_control_msgs) JobProgress: {'identifier': 'node_control_msgs', 'progress': 'build'}
[0.021274] (node_control_msgs) Command: {'cmd': ['/usr/local/bin/cmake', '--build', '/data/rl_deploy/build/node_control_msgs', '--', '-j8', '-l8'], 'cwd': '/data/rl_deploy/build/node_control_msgs', 'env': OrderedDict([('LESSOPEN', '| /usr/bin/lesspipe %s'), ('USER', 'root'), ('SSH_CLIENT', '192.168.8.113 50272 22'), ('LC_TIME', 'zh_CN.UTF-8'), ('XDG_SESSION_TYPE', 'tty'), ('GIT_ASKPASS', '/root/.vscode-server/cli/servers/Stable-61b3d0ab13be7dda2389f1d3e60a119c7f660cc3/server/extensions/git/dist/askpass.sh'), ('SHLVL', '2'), ('LD_LIBRARY_PATH', '/opt/ros/humble/lib/aarch64-linux-gnu:/opt/ros/humble/lib::/app/lib:/app/lib:/usr/local/cuda-12/lib64:/usr/local/cuda-12/lib64:/usr/local/cuda-12/lib64'), ('BROWSER', '/root/.vscode-server/cli/servers/Stable-61b3d0ab13be7dda2389f1d3e60a119c7f660cc3/server/bin/helpers/browser.sh'), ('LYOS_LOCALHOST_ONLY', '1'), ('MOTD_SHOWN', 'pam'), ('HOME', '/root'), ('OLDPWD', '/root/.vscode-server'), ('TERM_PROGRAM_VERSION', '1.110.1'), ('VSCODE_IPC_HOOK_CLI', '/run/user/0/vscode-ipc-2d12e5c4-ef4a-4996-a4ea-3ebfab8c4620.sock'), ('JETSON_L4T', '36.4.4'), ('ROS_PYTHON_VERSION', '3'), ('JETSON_MODEL', 'NVIDIA Jetson Orin NX Engineering Reference Developer Kit Super'), ('VSCODE_GIT_ASKPASS_MAIN', '/root/.vscode-server/cli/servers/Stable-61b3d0ab13be7dda2389f1d3e60a119c7f660cc3/server/extensions/git/dist/askpass-main.js'), ('LC_MONETARY', 'zh_CN.UTF-8'), ('VSCODE_GIT_ASKPASS_NODE', '/root/.vscode-server/cli/servers/Stable-61b3d0ab13be7dda2389f1d3e60a119c7f660cc3/server/node'), ('VSCODE_PYTHON_AUTOACTIVATE_GUARD', '1'), ('DBUS_SESSION_BUS_ADDRESS', 'unix:path=/run/user/0/bus'), ('COLORTERM', 'truecolor'), ('LYOS_DOMAIN_ID', '18:45:b3:02:00:08'), ('DEBUGINFOD_URLS', ''), ('ROS_DISTRO', 'humble'), ('LOGNAME', 'root'), ('JETSON_MODULE', 'NVIDIA Jetson Orin NX (16GB ram)'), ('JETSON_SERIAL_NUMBER', 'DummySN'), ('_', '/usr/bin/colcon'), ('ROS_VERSION', '2'), ('XDG_SESSION_CLASS', 'user'), ('TERM', 'xterm-256color'), ('XDG_SESSION_ID', '5'), ('ROS_LOCALHOST_ONLY', '1'), ('PATH', '/root/.vscode-server/cli/servers/Stable-61b3d0ab13be7dda2389f1d3e60a119c7f660cc3/server/bin/remote-cli:/opt/ros/humble/bin:/usr/local/sbin:/usr/local/bin:/usr/sbin:/usr/bin:/sbin:/bin:/usr/games:/usr/local/games:/snap/bin:/app/bin:/app/bin:/usr/local/cuda-12/bin:/usr/local/cuda-12/bin:/usr/local/cuda-12/bin'), ('LC_ADDRESS', 'zh_CN.UTF-8'), ('XDG_RUNTIME_DIR', '/run/user/0'), ('LANG', 'en_US.UTF-8'), ('LC_TELEPHONE', 'zh_CN.UTF-8'), ('LS_COLORS', 'rs=0:di=01;34:ln=01;36:mh=00:pi=40;33:so=01;35:do=01;35:bd=40;33;01:cd=40;33;01:or=40;31;01:mi=00:su=37;41:sg=30;43:ca=30;41:tw=30;42:ow=34;42:st=37;44:ex=01;32:*.tar=01;31:*.tgz=01;31:*.arc=01;31:*.arj=01;31:*.taz=01;31:*.lha=01;31:*.lz4=01;31:*.lzh=01;31:*.lzma=01;31:*.tlz=01;31:*.txz=01;31:*.tzo=01;31:*.t7z=01;31:*.zip=01;31:*.z=01;31:*.dz=01;31:*.gz=01;31:*.lrz=01;31:*.lz=01;31:*.lzo=01;31:*.xz=01;31:*.zst=01;31:*.tzst=01;31:*.bz2=01;31:*.bz=01;31:*.tbz=01;31:*.tbz2=01;31:*.tz=01;31:*.deb=01;31:*.rpm=01;31:*.jar=01;31:*.war=01;31:*.ear=01;31:*.sar=01;31:*.rar=01;31:*.alz=01;31:*.ace=01;31:*.zoo=01;31:*.cpio=01;31:*.7z=01;31:*.rz=01;31:*.cab=01;31:*.wim=01;31:*.swm=01;31:*.dwm=01;31:*.esd=01;31:*.jpg=01;35:*.jpeg=01;35:*.mjpg=01;35:*.mjpeg=01;35:*.gif=01;35:*.bmp=01;35:*.pbm=01;35:*.pgm=01;35:*.ppm=01;35:*.tga=01;35:*.xbm=01;35:*.xpm=01;35:*.tif=01;35:*.tiff=01;35:*.png=01;35:*.svg=01;35:*.svgz=01;35:*.mng=01;35:*.pcx=01;35:*.mov=01;35:*.mpg=01;35:*.mpeg=01;35:*.m2v=01;35:*.mkv=01;35:*.webm=01;35:*.webp=01;35:*.ogm=01;35:*.mp4=01;35:*.m4v=01;35:*.mp4v=01;35:*.vob=01;35:*.qt=01;35:*.nuv=01;35:*.wmv=01;35:*.asf=01;35:*.rm=01;35:*.rmvb=01;35:*.flc=01;35:*.avi=01;35:*.fli=01;35:*.flv=01;35:*.gl=01;35:*.dl=01;35:*.xcf=01;35:*.xwd=01;35:*.yuv=01;35:*.cgm=01;35:*.emf=01;35:*.ogv=01;35:*.ogx=01;35:*.aac=00;36:*.au=00;36:*.flac=00;36:*.m4a=00;36:*.mid=00;36:*.midi=00;36:*.mka=00;36:*.mp3=00;36:*.mpc=00;36:*.ogg=00;36:*.ra=00;36:*.wav=00;36:*.oga=00;36:*.opus=00;36:*.spx=00;36:*.xspf=00;36:'), ('JETSON_SOC', 'tegra234'), ('VSCODE_GIT_IPC_HANDLE', '/run/user/0/vscode-git-994ffc2805.sock'), ('TERM_PROGRAM', 'vscode'), ('ROSDISTRO_INDEX_URL', 'https://mirrors.tuna.tsinghua.edu.cn/rosdistro/index_v4.yaml'), ('ROS_DOMAIN_ID', '193'), ('AMENT_PREFIX_PATH', '/opt/ros/humble'), ('SHELL', '/bin/bash'), ('LC_NAME', 'zh_CN.UTF-8'), ('LESSCLOSE', '/usr/bin/lesspipe %s %s'), ('LC_MEASUREMENT', 'zh_CN.UTF-8'), ('LC_IDENTIFICATION', 'zh_CN.UTF-8'), ('VSCODE_GIT_ASKPASS_EXTRA_ARGS', ''), ('JETSON_CUDA_ARCH_BIN', '8.7'), ('PWD', '/data/rl_deploy/build/node_control_msgs'), ('LC_ALL', 'en_US.UTF-8'), ('SSH_CONNECTION', '192.168.8.113 50272 192.168.8.111 22'), ('XDG_DATA_DIRS', '/usr/share/gnome:/usr/local/share:/usr/share:/var/lib/snapd/desktop'), ('PYTHONPATH', '/opt/ros/humble/lib/python3.10/site-packages:/opt/ros/humble/local/lib/python3.10/dist-packages'), ('LC_NUMERIC', 'zh_CN.UTF-8'), ('LC_PAPER', 'zh_CN.UTF-8'), ('COLCON', '1'), ('JETSON_JETPACK', '6.2.1'), ('JETSON_P_NUMBER', 'p3767-0000'), ('CMAKE_PREFIX_PATH', '/opt/ros/humble')]), 'shell': False}
[0.028535] (node_driver_msgs) JobProgress: {'identifier': 'node_driver_msgs', 'progress': 'cmake'}
[0.029924] (node_driver_msgs) JobProgress: {'identifier': 'node_driver_msgs', 'progress': 'build'}
[0.030596] (node_driver_msgs) Command: {'cmd': ['/usr/local/bin/cmake', '--build', '/data/rl_deploy/build/node_driver_msgs', '--', '-j8', '-l8'], 'cwd': '/data/rl_deploy/build/node_driver_msgs', 'env': OrderedDict([('LESSOPEN', '| /usr/bin/lesspipe %s'), ('USER', 'root'), ('SSH_CLIENT', '192.168.8.113 50272 22'), ('LC_TIME', 'zh_CN.UTF-8'), ('XDG_SESSION_TYPE', 'tty'), ('GIT_ASKPASS', '/root/.vscode-server/cli/servers/Stable-61b3d0ab13be7dda2389f1d3e60a119c7f660cc3/server/extensions/git/dist/askpass.sh'), ('SHLVL', '2'), ('LD_LIBRARY_PATH', '/opt/ros/humble/lib/aarch64-linux-gnu:/opt/ros/humble/lib::/app/lib:/app/lib:/usr/local/cuda-12/lib64:/usr/local/cuda-12/lib64:/usr/local/cuda-12/lib64'), ('BROWSER', '/root/.vscode-server/cli/servers/Stable-61b3d0ab13be7dda2389f1d3e60a119c7f660cc3/server/bin/helpers/browser.sh'), ('LYOS_LOCALHOST_ONLY', '1'), ('MOTD_SHOWN', 'pam'), ('HOME', '/root'), ('OLDPWD', '/root/.vscode-server'), ('TERM_PROGRAM_VERSION', '1.110.1'), ('VSCODE_IPC_HOOK_CLI', '/run/user/0/vscode-ipc-2d12e5c4-ef4a-4996-a4ea-3ebfab8c4620.sock'), ('JETSON_L4T', '36.4.4'), ('ROS_PYTHON_VERSION', '3'), ('JETSON_MODEL', 'NVIDIA Jetson Orin NX Engineering Reference Developer Kit Super'), ('VSCODE_GIT_ASKPASS_MAIN', '/root/.vscode-server/cli/servers/Stable-61b3d0ab13be7dda2389f1d3e60a119c7f660cc3/server/extensions/git/dist/askpass-main.js'), ('LC_MONETARY', 'zh_CN.UTF-8'), ('VSCODE_GIT_ASKPASS_NODE', '/root/.vscode-server/cli/servers/Stable-61b3d0ab13be7dda2389f1d3e60a119c7f660cc3/server/node'), ('VSCODE_PYTHON_AUTOACTIVATE_GUARD', '1'), ('DBUS_SESSION_BUS_ADDRESS', 'unix:path=/run/user/0/bus'), ('COLORTERM', 'truecolor'), ('LYOS_DOMAIN_ID', '18:45:b3:02:00:08'), ('DEBUGINFOD_URLS', ''), ('ROS_DISTRO', 'humble'), ('LOGNAME', 'root'), ('JETSON_MODULE', 'NVIDIA Jetson Orin NX (16GB ram)'), ('JETSON_SERIAL_NUMBER', 'DummySN'), ('_', '/usr/bin/colcon'), ('ROS_VERSION', '2'), ('XDG_SESSION_CLASS', 'user'), ('TERM', 'xterm-256color'), ('XDG_SESSION_ID', '5'), ('ROS_LOCALHOST_ONLY', '1'), ('PATH', '/root/.vscode-server/cli/servers/Stable-61b3d0ab13be7dda2389f1d3e60a119c7f660cc3/server/bin/remote-cli:/opt/ros/humble/bin:/usr/local/sbin:/usr/local/bin:/usr/sbin:/usr/bin:/sbin:/bin:/usr/games:/usr/local/games:/snap/bin:/app/bin:/app/bin:/usr/local/cuda-12/bin:/usr/local/cuda-12/bin:/usr/local/cuda-12/bin'), ('LC_ADDRESS', 'zh_CN.UTF-8'), ('XDG_RUNTIME_DIR', '/run/user/0'), ('LANG', 'en_US.UTF-8'), ('LC_TELEPHONE', 'zh_CN.UTF-8'), ('LS_COLORS', 'rs=0:di=01;34:ln=01;36:mh=00:pi=40;33:so=01;35:do=01;35:bd=40;33;01:cd=40;33;01:or=40;31;01:mi=00:su=37;41:sg=30;43:ca=30;41:tw=30;42:ow=34;42:st=37;44:ex=01;32:*.tar=01;31:*.tgz=01;31:*.arc=01;31:*.arj=01;31:*.taz=01;31:*.lha=01;31:*.lz4=01;31:*.lzh=01;31:*.lzma=01;31:*.tlz=01;31:*.txz=01;31:*.tzo=01;31:*.t7z=01;31:*.zip=01;31:*.z=01;31:*.dz=01;31:*.gz=01;31:*.lrz=01;31:*.lz=01;31:*.lzo=01;31:*.xz=01;31:*.zst=01;31:*.tzst=01;31:*.bz2=01;31:*.bz=01;31:*.tbz=01;31:*.tbz2=01;31:*.tz=01;31:*.deb=01;31:*.rpm=01;31:*.jar=01;31:*.war=01;31:*.ear=01;31:*.sar=01;31:*.rar=01;31:*.alz=01;31:*.ace=01;31:*.zoo=01;31:*.cpio=01;31:*.7z=01;31:*.rz=01;31:*.cab=01;31:*.wim=01;31:*.swm=01;31:*.dwm=01;31:*.esd=01;31:*.jpg=01;35:*.jpeg=01;35:*.mjpg=01;35:*.mjpeg=01;35:*.gif=01;35:*.bmp=01;35:*.pbm=01;35:*.pgm=01;35:*.ppm=01;35:*.tga=01;35:*.xbm=01;35:*.xpm=01;35:*.tif=01;35:*.tiff=01;35:*.png=01;35:*.svg=01;35:*.svgz=01;35:*.mng=01;35:*.pcx=01;35:*.mov=01;35:*.mpg=01;35:*.mpeg=01;35:*.m2v=01;35:*.mkv=01;35:*.webm=01;35:*.webp=01;35:*.ogm=01;35:*.mp4=01;35:*.m4v=01;35:*.mp4v=01;35:*.vob=01;35:*.qt=01;35:*.nuv=01;35:*.wmv=01;35:*.asf=01;35:*.rm=01;35:*.rmvb=01;35:*.flc=01;35:*.avi=01;35:*.fli=01;35:*.flv=01;35:*.gl=01;35:*.dl=01;35:*.xcf=01;35:*.xwd=01;35:*.yuv=01;35:*.cgm=01;35:*.emf=01;35:*.ogv=01;35:*.ogx=01;35:*.aac=00;36:*.au=00;36:*.flac=00;36:*.m4a=00;36:*.mid=00;36:*.midi=00;36:*.mka=00;36:*.mp3=00;36:*.mpc=00;36:*.ogg=00;36:*.ra=00;36:*.wav=00;36:*.oga=00;36:*.opus=00;36:*.spx=00;36:*.xspf=00;36:'), ('JETSON_SOC', 'tegra234'), ('VSCODE_GIT_IPC_HANDLE', '/run/user/0/vscode-git-994ffc2805.sock'), ('TERM_PROGRAM', 'vscode'), ('ROSDISTRO_INDEX_URL', 'https://mirrors.tuna.tsinghua.edu.cn/rosdistro/index_v4.yaml'), ('ROS_DOMAIN_ID', '193'), ('AMENT_PREFIX_PATH', '/opt/ros/humble'), ('SHELL', '/bin/bash'), ('LC_NAME', 'zh_CN.UTF-8'), ('LESSCLOSE', '/usr/bin/lesspipe %s %s'), ('LC_MEASUREMENT', 'zh_CN.UTF-8'), ('LC_IDENTIFICATION', 'zh_CN.UTF-8'), ('VSCODE_GIT_ASKPASS_EXTRA_ARGS', ''), ('JETSON_CUDA_ARCH_BIN', '8.7'), ('PWD', '/data/rl_deploy/build/node_driver_msgs'), ('LC_ALL', 'en_US.UTF-8'), ('SSH_CONNECTION', '192.168.8.113 50272 192.168.8.111 22'), ('XDG_DATA_DIRS', '/usr/share/gnome:/usr/local/share:/usr/share:/var/lib/snapd/desktop'), ('PYTHONPATH', '/opt/ros/humble/lib/python3.10/site-packages:/opt/ros/humble/local/lib/python3.10/dist-packages'), ('LC_NUMERIC', 'zh_CN.UTF-8'), ('LC_PAPER', 'zh_CN.UTF-8'), ('COLCON', '1'), ('JETSON_JETPACK', '6.2.1'), ('JETSON_P_NUMBER', 'p3767-0000'), ('CMAKE_PREFIX_PATH', '/opt/ros/humble')]), 'shell': False}
[0.099369] (-) TimerEvent: {}
[0.199984] (-) TimerEvent: {}
[0.222625] (node_control_msgs) StdoutLine: {'line': b'[  1%] Built target node_control_msgs__rs\n'}
[0.232292] (node_control_msgs) StdoutLine: {'line': b'[ 13%] Built target node_control_msgs__rosidl_generator_c\n'}
[0.237182] (node_control_msgs) StdoutLine: {'line': b'[ 13%] Built target ament_cmake_python_copy_node_control_msgs\n'}
[0.241455] (node_control_msgs) StdoutLine: {'line': b'[ 13%] Built target node_control_msgs__cpp\n'}
[0.274719] (node_control_msgs) StdoutLine: {'line': b'[ 24%] Built target node_control_msgs__rosidl_typesupport_introspection_c\n'}
[0.281599] (node_driver_msgs) StdoutLine: {'line': b'[  2%] Built target node_driver_msgs__rs\n'}
[0.283927] (node_control_msgs) StdoutLine: {'line': b'[ 35%] Built target node_control_msgs__rosidl_typesupport_c\n'}
[0.288725] (node_control_msgs) StdoutLine: {'line': b'[ 46%] Built target node_control_msgs__rosidl_typesupport_fastrtps_c\n'}
[0.292073] (node_driver_msgs) StdoutLine: {'line': b'[ 12%] Built target node_driver_msgs__rosidl_generator_c\n'}
[0.298242] (node_driver_msgs) StdoutLine: {'line': b'[ 15%] Built target node_driver_msgs__cpp\n'}
[0.300141] (-) TimerEvent: {}
[0.308501] (node_control_msgs) StdoutLine: {'line': b'[ 58%] Built target node_control_msgs__rosidl_typesupport_cpp\n'}
[0.315853] (node_driver_msgs) StdoutLine: {'line': b'[ 15%] Built target ament_cmake_python_copy_node_driver_msgs\n'}
[0.323788] (node_driver_msgs) StdoutLine: {'line': b'[ 25%] Built target node_driver_msgs__rosidl_typesupport_fastrtps_c\n'}
[0.329018] (node_control_msgs) StdoutLine: {'line': b'[ 70%] Built target node_control_msgs__rosidl_typesupport_introspection_cpp\n'}
[0.337424] (node_driver_msgs) StdoutLine: {'line': b'[ 35%] Built target node_driver_msgs__rosidl_typesupport_introspection_c\n'}
[0.341829] (node_control_msgs) StdoutLine: {'line': b'[ 82%] Built target node_control_msgs__rosidl_typesupport_fastrtps_cpp\n'}
[0.347249] (node_driver_msgs) StdoutLine: {'line': b'[ 45%] Built target node_driver_msgs__rosidl_typesupport_c\n'}
[0.354219] (node_driver_msgs) StdoutLine: {'line': b'[ 55%] Built target node_driver_msgs__rosidl_typesupport_cpp\n'}
[0.368599] (node_driver_msgs) StdoutLine: {'line': b'[ 65%] Built target node_driver_msgs__rosidl_typesupport_introspection_cpp\n'}
[0.375782] (node_driver_msgs) StdoutLine: {'line': b'[ 75%] Built target node_driver_msgs__rosidl_typesupport_fastrtps_cpp\n'}
[0.385440] (node_control_msgs) StdoutLine: {'line': b'[ 82%] Built target node_control_msgs\n'}
[0.400282] (-) TimerEvent: {}
[0.415114] (node_driver_msgs) StdoutLine: {'line': b'[ 75%] Built target node_driver_msgs\n'}
[0.421953] (node_control_msgs) StdoutLine: {'line': b'[ 83%] Built target node_control_msgs__py\n'}
[0.446385] (node_driver_msgs) StdoutLine: {'line': b'[ 77%] Built target node_driver_msgs__py\n'}
[0.470577] (node_control_msgs) StdoutLine: {'line': b'[ 94%] Built target node_control_msgs__rosidl_generator_py\n'}
[0.478207] (node_driver_msgs) StdoutLine: {'line': b'[ 85%] Built target node_driver_msgs__rosidl_generator_py\n'}
[0.500459] (-) TimerEvent: {}
[0.511025] (node_driver_msgs) StdoutLine: {'line': b'[ 90%] Built target node_driver_msgs__rosidl_typesupport_c__pyext\n'}
[0.519977] (node_control_msgs) StdoutLine: {'line': b'[ 96%] Built target node_control_msgs__rosidl_typesupport_introspection_c__pyext\n'}
[0.525926] (node_control_msgs) StdoutLine: {'line': b'[ 98%] Built target node_control_msgs__rosidl_typesupport_fastrtps_c__pyext\n'}
[0.534627] (node_driver_msgs) StdoutLine: {'line': b'[ 95%] Built target node_driver_msgs__rosidl_typesupport_fastrtps_c__pyext\n'}
[0.543904] (node_driver_msgs) StdoutLine: {'line': b'[100%] Built target node_driver_msgs__rosidl_typesupport_introspection_c__pyext\n'}
[0.545763] (node_control_msgs) StdoutLine: {'line': b'[100%] Built target node_control_msgs__rosidl_typesupport_c__pyext\n'}
[0.600590] (-) TimerEvent: {}
[0.701085] (-) TimerEvent: {}
[0.726533] (node_control_msgs) StdoutLine: {'line': b'running egg_info\n'}
[0.728473] (node_control_msgs) StdoutLine: {'line': b'writing node_control_msgs.egg-info/PKG-INFO\n'}
[0.729080] (node_control_msgs) StdoutLine: {'line': b'writing dependency_links to node_control_msgs.egg-info/dependency_links.txt\n'}
[0.729461] (node_control_msgs) StdoutLine: {'line': b'writing top-level names to node_control_msgs.egg-info/top_level.txt\n'}
[0.734510] (node_control_msgs) StdoutLine: {'line': b"reading manifest file 'node_control_msgs.egg-info/SOURCES.txt'\n"}
[0.735987] (node_control_msgs) StdoutLine: {'line': b"writing manifest file 'node_control_msgs.egg-info/SOURCES.txt'\n"}
[0.787969] (node_driver_msgs) StdoutLine: {'line': b'running egg_info\n'}
[0.790317] (node_driver_msgs) StdoutLine: {'line': b'writing node_driver_msgs.egg-info/PKG-INFO\n'}
[0.791066] (node_driver_msgs) StdoutLine: {'line': b'writing dependency_links to node_driver_msgs.egg-info/dependency_links.txt\n'}
[0.792136] (node_driver_msgs) StdoutLine: {'line': b'writing top-level names to node_driver_msgs.egg-info/top_level.txt\n'}
[0.797458] (node_driver_msgs) StdoutLine: {'line': b"reading manifest file 'node_driver_msgs.egg-info/SOURCES.txt'\n"}
[0.799259] (node_driver_msgs) StdoutLine: {'line': b"writing manifest file 'node_driver_msgs.egg-info/SOURCES.txt'\n"}
[0.799682] (node_control_msgs) StdoutLine: {'line': b'[100%] Built target ament_cmake_python_build_node_control_msgs_egg\n'}
[0.801171] (-) TimerEvent: {}
[0.813719] (node_control_msgs) CommandEnded: {'returncode': 0}
[0.832198] (node_control_msgs) JobProgress: {'identifier': 'node_control_msgs', 'progress': 'install'}
[0.867145] (node_driver_msgs) StdoutLine: {'line': b'[100%] Built target ament_cmake_python_build_node_driver_msgs_egg\n'}
[0.901323] (-) TimerEvent: {}
[0.978245] (node_control_msgs) Command: {'cmd': ['/usr/local/bin/cmake', '--install', '/data/rl_deploy/build/node_control_msgs'], 'cwd': '/data/rl_deploy/build/node_control_msgs', 'env': OrderedDict([('LESSOPEN', '| /usr/bin/lesspipe %s'), ('USER', 'root'), ('SSH_CLIENT', '192.168.8.113 50272 22'), ('LC_TIME', 'zh_CN.UTF-8'), ('XDG_SESSION_TYPE', 'tty'), ('GIT_ASKPASS', '/root/.vscode-server/cli/servers/Stable-61b3d0ab13be7dda2389f1d3e60a119c7f660cc3/server/extensions/git/dist/askpass.sh'), ('SHLVL', '2'), ('LD_LIBRARY_PATH', '/opt/ros/humble/lib/aarch64-linux-gnu:/opt/ros/humble/lib::/app/lib:/app/lib:/usr/local/cuda-12/lib64:/usr/local/cuda-12/lib64:/usr/local/cuda-12/lib64'), ('BROWSER', '/root/.vscode-server/cli/servers/Stable-61b3d0ab13be7dda2389f1d3e60a119c7f660cc3/server/bin/helpers/browser.sh'), ('LYOS_LOCALHOST_ONLY', '1'), ('MOTD_SHOWN', 'pam'), ('HOME', '/root'), ('OLDPWD', '/root/.vscode-server'), ('TERM_PROGRAM_VERSION', '1.110.1'), ('VSCODE_IPC_HOOK_CLI', '/run/user/0/vscode-ipc-2d12e5c4-ef4a-4996-a4ea-3ebfab8c4620.sock'), ('JETSON_L4T', '36.4.4'), ('ROS_PYTHON_VERSION', '3'), ('JETSON_MODEL', 'NVIDIA Jetson Orin NX Engineering Reference Developer Kit Super'), ('VSCODE_GIT_ASKPASS_MAIN', '/root/.vscode-server/cli/servers/Stable-61b3d0ab13be7dda2389f1d3e60a119c7f660cc3/server/extensions/git/dist/askpass-main.js'), ('LC_MONETARY', 'zh_CN.UTF-8'), ('VSCODE_GIT_ASKPASS_NODE', '/root/.vscode-server/cli/servers/Stable-61b3d0ab13be7dda2389f1d3e60a119c7f660cc3/server/node'), ('VSCODE_PYTHON_AUTOACTIVATE_GUARD', '1'), ('DBUS_SESSION_BUS_ADDRESS', 'unix:path=/run/user/0/bus'), ('COLORTERM', 'truecolor'), ('LYOS_DOMAIN_ID', '18:45:b3:02:00:08'), ('DEBUGINFOD_URLS', ''), ('ROS_DISTRO', 'humble'), ('LOGNAME', 'root'), ('JETSON_MODULE', 'NVIDIA Jetson Orin NX (16GB ram)'), ('JETSON_SERIAL_NUMBER', 'DummySN'), ('_', '/usr/bin/colcon'), ('ROS_VERSION', '2'), ('XDG_SESSION_CLASS', 'user'), ('TERM', 'xterm-256color'), ('XDG_SESSION_ID', '5'), ('ROS_LOCALHOST_ONLY', '1'), ('PATH', '/root/.vscode-server/cli/servers/Stable-61b3d0ab13be7dda2389f1d3e60a119c7f660cc3/server/bin/remote-cli:/opt/ros/humble/bin:/usr/local/sbin:/usr/local/bin:/usr/sbin:/usr/bin:/sbin:/bin:/usr/games:/usr/local/games:/snap/bin:/app/bin:/app/bin:/usr/local/cuda-12/bin:/usr/local/cuda-12/bin:/usr/local/cuda-12/bin'), ('LC_ADDRESS', 'zh_CN.UTF-8'), ('XDG_RUNTIME_DIR', '/run/user/0'), ('LANG', 'en_US.UTF-8'), ('LC_TELEPHONE', 'zh_CN.UTF-8'), ('LS_COLORS', 'rs=0:di=01;34:ln=01;36:mh=00:pi=40;33:so=01;35:do=01;35:bd=40;33;01:cd=40;33;01:or=40;31;01:mi=00:su=37;41:sg=30;43:ca=30;41:tw=30;42:ow=34;42:st=37;44:ex=01;32:*.tar=01;31:*.tgz=01;31:*.arc=01;31:*.arj=01;31:*.taz=01;31:*.lha=01;31:*.lz4=01;31:*.lzh=01;31:*.lzma=01;31:*.tlz=01;31:*.txz=01;31:*.tzo=01;31:*.t7z=01;31:*.zip=01;31:*.z=01;31:*.dz=01;31:*.gz=01;31:*.lrz=01;31:*.lz=01;31:*.lzo=01;31:*.xz=01;31:*.zst=01;31:*.tzst=01;31:*.bz2=01;31:*.bz=01;31:*.tbz=01;31:*.tbz2=01;31:*.tz=01;31:*.deb=01;31:*.rpm=01;31:*.jar=01;31:*.war=01;31:*.ear=01;31:*.sar=01;31:*.rar=01;31:*.alz=01;31:*.ace=01;31:*.zoo=01;31:*.cpio=01;31:*.7z=01;31:*.rz=01;31:*.cab=01;31:*.wim=01;31:*.swm=01;31:*.dwm=01;31:*.esd=01;31:*.jpg=01;35:*.jpeg=01;35:*.mjpg=01;35:*.mjpeg=01;35:*.gif=01;35:*.bmp=01;35:*.pbm=01;35:*.pgm=01;35:*.ppm=01;35:*.tga=01;35:*.xbm=01;35:*.xpm=01;35:*.tif=01;35:*.tiff=01;35:*.png=01;35:*.svg=01;35:*.svgz=01;35:*.mng=01;35:*.pcx=01;35:*.mov=01;35:*.mpg=01;35:*.mpeg=01;35:*.m2v=01;35:*.mkv=01;35:*.webm=01;35:*.webp=01;35:*.ogm=01;35:*.mp4=01;35:*.m4v=01;35:*.mp4v=01;35:*.vob=01;35:*.qt=01;35:*.nuv=01;35:*.wmv=01;35:*.asf=01;35:*.rm=01;35:*.rmvb=01;35:*.flc=01;35:*.avi=01;35:*.fli=01;35:*.flv=01;35:*.gl=01;35:*.dl=01;35:*.xcf=01;35:*.xwd=01;35:*.yuv=01;35:*.cgm=01;35:*.emf=01;35:*.ogv=01;35:*.ogx=01;35:*.aac=00;36:*.au=00;36:*.flac=00;36:*.m4a=00;36:*.mid=00;36:*.midi=00;36:*.mka=00;36:*.mp3=00;36:*.mpc=00;36:*.ogg=00;36:*.ra=00;36:*.wav=00;36:*.oga=00;36:*.opus=00;36:*.spx=00;36:*.xspf=00;36:'), ('JETSON_SOC', 'tegra234'), ('VSCODE_GIT_IPC_HANDLE', '/run/user/0/vscode-git-994ffc2805.sock'), ('TERM_PROGRAM', 'vscode'), ('ROSDISTRO_INDEX_URL', 'https://mirrors.tuna.tsinghua.edu.cn/rosdistro/index_v4.yaml'), ('ROS_DOMAIN_ID', '193'), ('AMENT_PREFIX_PATH', '/opt/ros/humble'), ('SHELL', '/bin/bash'), ('LC_NAME', 'zh_CN.UTF-8'), ('LESSCLOSE', '/usr/bin/lesspipe %s %s'), ('LC_MEASUREMENT', 'zh_CN.UTF-8'), ('LC_IDENTIFICATION', 'zh_CN.UTF-8'), ('VSCODE_GIT_ASKPASS_EXTRA_ARGS', ''), ('JETSON_CUDA_ARCH_BIN', '8.7'), ('PWD', '/data/rl_deploy/build/node_control_msgs'), ('LC_ALL', 'en_US.UTF-8'), ('SSH_CONNECTION', '192.168.8.113 50272 192.168.8.111 22'), ('XDG_DATA_DIRS', '/usr/share/gnome:/usr/local/share:/usr/share:/var/lib/snapd/desktop'), ('PYTHONPATH', '/opt/ros/humble/lib/python3.10/site-packages:/opt/ros/humble/local/lib/python3.10/dist-packages'), ('LC_NUMERIC', 'zh_CN.UTF-8'), ('LC_PAPER', 'zh_CN.UTF-8'), ('COLCON', '1'), ('JETSON_JETPACK', '6.2.1'), ('JETSON_P_NUMBER', 'p3767-0000'), ('CMAKE_PREFIX_PATH', '/opt/ros/humble')]), 'shell': False}
[0.983086] (node_driver_msgs) CommandEnded: {'returncode': 0}
[0.987148] (node_driver_msgs) JobProgress: {'identifier': 'node_driver_msgs', 'progress': 'install'}
[0.987378] (node_driver_msgs) Command: {'cmd': ['/usr/local/bin/cmake', '--install', '/data/rl_deploy/build/node_driver_msgs'], 'cwd': '/data/rl_deploy/build/node_driver_msgs', 'env': OrderedDict([('LESSOPEN', '| /usr/bin/lesspipe %s'), ('USER', 'root'), ('SSH_CLIENT', '192.168.8.113 50272 22'), ('LC_TIME', 'zh_CN.UTF-8'), ('XDG_SESSION_TYPE', 'tty'), ('GIT_ASKPASS', '/root/.vscode-server/cli/servers/Stable-61b3d0ab13be7dda2389f1d3e60a119c7f660cc3/server/extensions/git/dist/askpass.sh'), ('SHLVL', '2'), ('LD_LIBRARY_PATH', '/opt/ros/humble/lib/aarch64-linux-gnu:/opt/ros/humble/lib::/app/lib:/app/lib:/usr/local/cuda-12/lib64:/usr/local/cuda-12/lib64:/usr/local/cuda-12/lib64'), ('BROWSER', '/root/.vscode-server/cli/servers/Stable-61b3d0ab13be7dda2389f1d3e60a119c7f660cc3/server/bin/helpers/browser.sh'), ('LYOS_LOCALHOST_ONLY', '1'), ('MOTD_SHOWN', 'pam'), ('HOME', '/root'), ('OLDPWD', '/root/.vscode-server'), ('TERM_PROGRAM_VERSION', '1.110.1'), ('VSCODE_IPC_HOOK_CLI', '/run/user/0/vscode-ipc-2d12e5c4-ef4a-4996-a4ea-3ebfab8c4620.sock'), ('JETSON_L4T', '36.4.4'), ('ROS_PYTHON_VERSION', '3'), ('JETSON_MODEL', 'NVIDIA Jetson Orin NX Engineering Reference Developer Kit Super'), ('VSCODE_GIT_ASKPASS_MAIN', '/root/.vscode-server/cli/servers/Stable-61b3d0ab13be7dda2389f1d3e60a119c7f660cc3/server/extensions/git/dist/askpass-main.js'), ('LC_MONETARY', 'zh_CN.UTF-8'), ('VSCODE_GIT_ASKPASS_NODE', '/root/.vscode-server/cli/servers/Stable-61b3d0ab13be7dda2389f1d3e60a119c7f660cc3/server/node'), ('VSCODE_PYTHON_AUTOACTIVATE_GUARD', '1'), ('DBUS_SESSION_BUS_ADDRESS', 'unix:path=/run/user/0/bus'), ('COLORTERM', 'truecolor'), ('LYOS_DOMAIN_ID', '18:45:b3:02:00:08'), ('DEBUGINFOD_URLS', ''), ('ROS_DISTRO', 'humble'), ('LOGNAME', 'root'), ('JETSON_MODULE', 'NVIDIA Jetson Orin NX (16GB ram)'), ('JETSON_SERIAL_NUMBER', 'DummySN'), ('_', '/usr/bin/colcon'), ('ROS_VERSION', '2'), ('XDG_SESSION_CLASS', 'user'), ('TERM', 'xterm-256color'), ('XDG_SESSION_ID', '5'), ('ROS_LOCALHOST_ONLY', '1'), ('PATH', '/root/.vscode-server/cli/servers/Stable-61b3d0ab13be7dda2389f1d3e60a119c7f660cc3/server/bin/remote-cli:/opt/ros/humble/bin:/usr/local/sbin:/usr/local/bin:/usr/sbin:/usr/bin:/sbin:/bin:/usr/games:/usr/local/games:/snap/bin:/app/bin:/app/bin:/usr/local/cuda-12/bin:/usr/local/cuda-12/bin:/usr/local/cuda-12/bin'), ('LC_ADDRESS', 'zh_CN.UTF-8'), ('XDG_RUNTIME_DIR', '/run/user/0'), ('LANG', 'en_US.UTF-8'), ('LC_TELEPHONE', 'zh_CN.UTF-8'), ('LS_COLORS', 'rs=0:di=01;34:ln=01;36:mh=00:pi=40;33:so=01;35:do=01;35:bd=40;33;01:cd=40;33;01:or=40;31;01:mi=00:su=37;41:sg=30;43:ca=30;41:tw=30;42:ow=34;42:st=37;44:ex=01;32:*.tar=01;31:*.tgz=01;31:*.arc=01;31:*.arj=01;31:*.taz=01;31:*.lha=01;31:*.lz4=01;31:*.lzh=01;31:*.lzma=01;31:*.tlz=01;31:*.txz=01;31:*.tzo=01;31:*.t7z=01;31:*.zip=01;31:*.z=01;31:*.dz=01;31:*.gz=01;31:*.lrz=01;31:*.lz=01;31:*.lzo=01;31:*.xz=01;31:*.zst=01;31:*.tzst=01;31:*.bz2=01;31:*.bz=01;31:*.tbz=01;31:*.tbz2=01;31:*.tz=01;31:*.deb=01;31:*.rpm=01;31:*.jar=01;31:*.war=01;31:*.ear=01;31:*.sar=01;31:*.rar=01;31:*.alz=01;31:*.ace=01;31:*.zoo=01;31:*.cpio=01;31:*.7z=01;31:*.rz=01;31:*.cab=01;31:*.wim=01;31:*.swm=01;31:*.dwm=01;31:*.esd=01;31:*.jpg=01;35:*.jpeg=01;35:*.mjpg=01;35:*.mjpeg=01;35:*.gif=01;35:*.bmp=01;35:*.pbm=01;35:*.pgm=01;35:*.ppm=01;35:*.tga=01;35:*.xbm=01;35:*.xpm=01;35:*.tif=01;35:*.tiff=01;35:*.png=01;35:*.svg=01;35:*.svgz=01;35:*.mng=01;35:*.pcx=01;35:*.mov=01;35:*.mpg=01;35:*.mpeg=01;35:*.m2v=01;35:*.mkv=01;35:*.webm=01;35:*.webp=01;35:*.ogm=01;35:*.mp4=01;35:*.m4v=01;35:*.mp4v=01;35:*.vob=01;35:*.qt=01;35:*.nuv=01;35:*.wmv=01;35:*.asf=01;35:*.rm=01;35:*.rmvb=01;35:*.flc=01;35:*.avi=01;35:*.fli=01;35:*.flv=01;35:*.gl=01;35:*.dl=01;35:*.xcf=01;35:*.xwd=01;35:*.yuv=01;35:*.cgm=01;35:*.emf=01;35:*.ogv=01;35:*.ogx=01;35:*.aac=00;36:*.au=00;36:*.flac=00;36:*.m4a=00;36:*.mid=00;36:*.midi=00;36:*.mka=00;36:*.mp3=00;36:*.mpc=00;36:*.ogg=00;36:*.ra=00;36:*.wav=00;36:*.oga=00;36:*.opus=00;36:*.spx=00;36:*.xspf=00;36:'), ('JETSON_SOC', 'tegra234'), ('VSCODE_GIT_IPC_HANDLE', '/run/user/0/vscode-git-994ffc2805.sock'), ('TERM_PROGRAM', 'vscode'), ('ROSDISTRO_INDEX_URL', 'https://mirrors.tuna.tsinghua.edu.cn/rosdistro/index_v4.yaml'), ('ROS_DOMAIN_ID', '193'), ('AMENT_PREFIX_PATH', '/opt/ros/humble'), ('SHELL', '/bin/bash'), ('LC_NAME', 'zh_CN.UTF-8'), ('LESSCLOSE', '/usr/bin/lesspipe %s %s'), ('LC_MEASUREMENT', 'zh_CN.UTF-8'), ('LC_IDENTIFICATION', 'zh_CN.UTF-8'), ('VSCODE_GIT_ASKPASS_EXTRA_ARGS', ''), ('JETSON_CUDA_ARCH_BIN', '8.7'), ('PWD', '/data/rl_deploy/build/node_driver_msgs'), ('LC_ALL', 'en_US.UTF-8'), ('SSH_CONNECTION', '192.168.8.113 50272 192.168.8.111 22'), ('XDG_DATA_DIRS', '/usr/share/gnome:/usr/local/share:/usr/share:/var/lib/snapd/desktop'), ('PYTHONPATH', '/opt/ros/humble/lib/python3.10/site-packages:/opt/ros/humble/local/lib/python3.10/dist-packages'), ('LC_NUMERIC', 'zh_CN.UTF-8'), ('LC_PAPER', 'zh_CN.UTF-8'), ('COLCON', '1'), ('JETSON_JETPACK', '6.2.1'), ('JETSON_P_NUMBER', 'p3767-0000'), ('CMAKE_PREFIX_PATH', '/opt/ros/humble')]), 'shell': False}
[1.001486] (-) TimerEvent: {}
[1.102318] (-) TimerEvent: {}
[1.106989] (node_control_msgs) StdoutLine: {'line': b'-- Install configuration: ""\n'}
[1.107407] (node_control_msgs) StdoutLine: {'line': b'-- Up-to-date: /data/rl_deploy/install/node_control_msgs/share/ament_index/resource_index/rosidl_interfaces/node_control_msgs\n'}
[1.107770] (node_control_msgs) StdoutLine: {'line': b'-- Up-to-date: /data/rl_deploy/install/node_control_msgs/include/node_control_msgs/node_control_msgs\n'}
[1.108013] (node_control_msgs) StdoutLine: {'line': b'-- Up-to-date: /data/rl_deploy/install/node_control_msgs/include/node_control_msgs/node_control_msgs/srv\n'}
[1.108151] (node_control_msgs) StdoutLine: {'line': b'-- Up-to-date: /data/rl_deploy/install/node_control_msgs/include/node_control_msgs/node_control_msgs/srv/motor_config_status.h\n'}
[1.108271] (node_control_msgs) StdoutLine: {'line': b'-- Up-to-date: /data/rl_deploy/install/node_control_msgs/include/node_control_msgs/node_control_msgs/srv/detail\n'}
[1.108461] (node_control_msgs) StdoutLine: {'line': b'-- Up-to-date: /data/rl_deploy/install/node_control_msgs/include/node_control_msgs/node_control_msgs/srv/detail/motor_config_status__functions.h\n'}
[1.108594] (node_control_msgs) StdoutLine: {'line': b'-- Up-to-date: /data/rl_deploy/install/node_control_msgs/include/node_control_msgs/node_control_msgs/srv/detail/motor_config_status__struct.h\n'}
[1.108707] (node_control_msgs) StdoutLine: {'line': b'-- Up-to-date: /data/rl_deploy/install/node_control_msgs/include/node_control_msgs/node_control_msgs/srv/detail/motor_config_status__functions.c\n'}
[1.108817] (node_control_msgs) StdoutLine: {'line': b'-- Up-to-date: /data/rl_deploy/install/node_control_msgs/include/node_control_msgs/node_control_msgs/srv/detail/motor_config_status__type_support.h\n'}
[1.109663] (node_control_msgs) StdoutLine: {'line': b'-- Up-to-date: /data/rl_deploy/install/node_control_msgs/include/node_control_msgs/node_control_msgs/msg\n'}
[1.109806] (node_control_msgs) StdoutLine: {'line': b'-- Up-to-date: /data/rl_deploy/install/node_control_msgs/include/node_control_msgs/node_control_msgs/msg/motor_health.h\n'}
[1.109998] (node_control_msgs) StdoutLine: {'line': b'-- Up-to-date: /data/rl_deploy/install/node_control_msgs/include/node_control_msgs/node_control_msgs/msg/motor_config_dev.h\n'}
[1.110128] (node_control_msgs) StdoutLine: {'line': b'-- Up-to-date: /data/rl_deploy/install/node_control_msgs/include/node_control_msgs/node_control_msgs/msg/motor_feedback.h\n'}
[1.110237] (node_control_msgs) StdoutLine: {'line': b'-- Up-to-date: /data/rl_deploy/install/node_control_msgs/include/node_control_msgs/node_control_msgs/msg/motor_health_state.h\n'}
[1.110342] (node_control_msgs) StdoutLine: {'line': b'-- Up-to-date: /data/rl_deploy/install/node_control_msgs/include/node_control_msgs/node_control_msgs/msg/motor_config.h\n'}
[1.111304] (node_control_msgs) StdoutLine: {'line': b'-- Up-to-date: /data/rl_deploy/install/node_control_msgs/include/node_control_msgs/node_control_msgs/msg/motor_info_value.h\n'}
[1.111523] (node_control_msgs) StdoutLine: {'line': b'-- Up-to-date: /data/rl_deploy/install/node_control_msgs/include/node_control_msgs/node_control_msgs/msg/motor_control.h\n'}
[1.111650] (node_control_msgs) StdoutLine: {'line': b'-- Up-to-date: /data/rl_deploy/install/node_control_msgs/include/node_control_msgs/node_control_msgs/msg/detail\n'}
[1.111781] (node_control_msgs) StdoutLine: {'line': b'-- Up-to-date: /data/rl_deploy/install/node_control_msgs/include/node_control_msgs/node_control_msgs/msg/detail/motor_command__type_support.h\n'}
[1.111964] (node_control_msgs) StdoutLine: {'line': b'-- Up-to-date: /data/rl_deploy/install/node_control_msgs/include/node_control_msgs/node_control_msgs/msg/detail/motor_health_state__struct.h\n'}
[1.112093] (node_control_msgs) StdoutLine: {'line': b'-- Up-to-date: /data/rl_deploy/install/node_control_msgs/include/node_control_msgs/node_control_msgs/msg/detail/motor_config_dev__functions.h\n'}
[1.112203] (node_control_msgs) StdoutLine: {'line': b'-- Up-to-date: /data/rl_deploy/install/node_control_msgs/include/node_control_msgs/node_control_msgs/msg/detail/motor_command__functions.h\n'}
[1.112348] (node_control_msgs) StdoutLine: {'line': b'-- Up-to-date: /data/rl_deploy/install/node_control_msgs/include/node_control_msgs/node_control_msgs/msg/detail/motor_command__struct.h\n'}
[1.112515] (node_control_msgs) StdoutLine: {'line': b'-- Up-to-date: /data/rl_deploy/install/node_control_msgs/include/node_control_msgs/node_control_msgs/msg/detail/motor_info__functions.c\n'}
[1.112626] (node_control_msgs) StdoutLine: {'line': b'-- Up-to-date: /data/rl_deploy/install/node_control_msgs/include/node_control_msgs/node_control_msgs/msg/detail/motor_info__functions.h\n'}
[1.112733] (node_control_msgs) StdoutLine: {'line': b'-- Up-to-date: /data/rl_deploy/install/node_control_msgs/include/node_control_msgs/node_control_msgs/msg/detail/motor_info_value__functions.h\n'}
[1.112854] (node_control_msgs) StdoutLine: {'line': b'-- Up-to-date: /data/rl_deploy/install/node_control_msgs/include/node_control_msgs/node_control_msgs/msg/detail/motor_info__struct.h\n'}
[1.113079] (node_control_msgs) StdoutLine: {'line': b'-- Up-to-date: /data/rl_deploy/install/node_control_msgs/include/node_control_msgs/node_control_msgs/msg/detail/motor_feedback__type_support.h\n'}
[1.113195] (node_control_msgs) StdoutLine: {'line': b'-- Up-to-date: /data/rl_deploy/install/node_control_msgs/include/node_control_msgs/node_control_msgs/msg/detail/motor_control__type_support.h\n'}
[1.113324] (node_control_msgs) StdoutLine: {'line': b'-- Up-to-date: /data/rl_deploy/install/node_control_msgs/include/node_control_msgs/node_control_msgs/msg/detail/motor_health_state__functions.c\n'}
[1.113852] (node_control_msgs) StdoutLine: {'line': b'-- Up-to-date: /data/rl_deploy/install/node_control_msgs/include/node_control_msgs/node_control_msgs/msg/detail/motor_config_dev__type_support.h\n'}
[1.114063] (node_control_msgs) StdoutLine: {'line': b'-- Up-to-date: /data/rl_deploy/install/node_control_msgs/include/node_control_msgs/node_control_msgs/msg/detail/motor_info_value__struct.h\n'}
[1.114180] (node_control_msgs) StdoutLine: {'line': b'-- Up-to-date: /data/rl_deploy/install/node_control_msgs/include/node_control_msgs/node_control_msgs/msg/detail/motor_control__functions.h\n'}
[1.114289] (node_control_msgs) StdoutLine: {'line': b'-- Up-to-date: /data/rl_deploy/install/node_control_msgs/include/node_control_msgs/node_control_msgs/msg/detail/motor_command_feedback__functions.c\n'}
[1.114398] (node_control_msgs) StdoutLine: {'line': b'-- Up-to-date: /data/rl_deploy/install/node_control_msgs/include/node_control_msgs/node_control_msgs/msg/detail/motor_feedback__functions.c\n'}
[1.114788] (node_control_msgs) StdoutLine: {'line': b'-- Up-to-date: /data/rl_deploy/install/node_control_msgs/include/node_control_msgs/node_control_msgs/msg/detail/motor_config_dev__struct.h\n'}
[1.115183] (node_control_msgs) StdoutLine: {'line': b'-- Up-to-date: /data/rl_deploy/install/node_control_msgs/include/node_control_msgs/node_control_msgs/msg/detail/motor_config__functions.h\n'}
[1.115316] (node_control_msgs) StdoutLine: {'line': b'-- Up-to-date: /data/rl_deploy/install/node_control_msgs/include/node_control_msgs/node_control_msgs/msg/detail/motor_health__functions.h\n'}
[1.115637] (node_control_msgs) StdoutLine: {'line': b'-- Up-to-date: /data/rl_deploy/install/node_control_msgs/include/node_control_msgs/node_control_msgs/msg/detail/motor_health_state__type_support.h\n'}
[1.115874] (node_control_msgs) StdoutLine: {'line': b'-- Up-to-date: /data/rl_deploy/install/node_control_msgs/include/node_control_msgs/node_control_msgs/msg/detail/motor_feedback__functions.h\n'}
[1.116238] (node_control_msgs) StdoutLine: {'line': b'-- Up-to-date: /data/rl_deploy/install/node_control_msgs/include/node_control_msgs/node_control_msgs/msg/detail/motor_info__type_support.h\n'}
[1.116553] (node_control_msgs) StdoutLine: {'line': b'-- Up-to-date: /data/rl_deploy/install/node_control_msgs/include/node_control_msgs/node_control_msgs/msg/detail/motor_info_value__functions.c\n'}
[1.116847] (node_control_msgs) StdoutLine: {'line': b'-- Up-to-date: /data/rl_deploy/install/node_control_msgs/include/node_control_msgs/node_control_msgs/msg/detail/motor_command_feedback__struct.h\n'}
[1.117166] (node_control_msgs) StdoutLine: {'line': b'-- Up-to-date: /data/rl_deploy/install/node_control_msgs/include/node_control_msgs/node_control_msgs/msg/detail/motor_command_feedback__functions.h\n'}
[1.117389] (node_control_msgs) StdoutLine: {'line': b'-- Up-to-date: /data/rl_deploy/install/node_control_msgs/include/node_control_msgs/node_control_msgs/msg/detail/motor_info_value__type_support.h\n'}
[1.117672] (node_control_msgs) StdoutLine: {'line': b'-- Up-to-date: /data/rl_deploy/install/node_control_msgs/include/node_control_msgs/node_control_msgs/msg/detail/motor_health__struct.h\n'}
[1.118005] (node_control_msgs) StdoutLine: {'line': b'-- Up-to-date: /data/rl_deploy/install/node_control_msgs/include/node_control_msgs/node_control_msgs/msg/detail/motor_config_dev__functions.c\n'}
[1.118226] (node_control_msgs) StdoutLine: {'line': b'-- Up-to-date: /data/rl_deploy/install/node_control_msgs/include/node_control_msgs/node_control_msgs/msg/detail/motor_config__functions.c\n'}
[1.118349] (node_control_msgs) StdoutLine: {'line': b'-- Up-to-date: /data/rl_deploy/install/node_control_msgs/include/node_control_msgs/node_control_msgs/msg/detail/motor_command_feedback__type_support.h\n'}
[1.118539] (node_control_msgs) StdoutLine: {'line': b'-- Up-to-date: /data/rl_deploy/install/node_control_msgs/include/node_control_msgs/node_control_msgs/msg/detail/motor_health_state__functions.h\n'}
[1.118653] (node_control_msgs) StdoutLine: {'line': b'-- Up-to-date: /data/rl_deploy/install/node_control_msgs/include/node_control_msgs/node_control_msgs/msg/detail/motor_health__functions.c\n'}
[1.118831] (node_control_msgs) StdoutLine: {'line': b'-- Up-to-date: /data/rl_deploy/install/node_control_msgs/include/node_control_msgs/node_control_msgs/msg/detail/motor_health__type_support.h\n'}
[1.119165] (node_control_msgs) StdoutLine: {'line': b'-- Up-to-date: /data/rl_deploy/install/node_control_msgs/include/node_control_msgs/node_control_msgs/msg/detail/motor_feedback__struct.h\n'}
[1.119449] (node_control_msgs) StdoutLine: {'line': b'-- Up-to-date: /data/rl_deploy/install/node_control_msgs/include/node_control_msgs/node_control_msgs/msg/detail/motor_control__struct.h\n'}
[1.119755] (node_control_msgs) StdoutLine: {'line': b'-- Up-to-date: /data/rl_deploy/install/node_control_msgs/include/node_control_msgs/node_control_msgs/msg/detail/motor_control__functions.c\n'}
[1.120257] (node_control_msgs) StdoutLine: {'line': b'-- Up-to-date: /data/rl_deploy/install/node_control_msgs/include/node_control_msgs/node_control_msgs/msg/detail/motor_config__type_support.h\n'}
[1.120619] (node_control_msgs) StdoutLine: {'line': b'-- Up-to-date: /data/rl_deploy/install/node_control_msgs/include/node_control_msgs/node_control_msgs/msg/detail/motor_command__functions.c\n'}
[1.120782] (node_control_msgs) StdoutLine: {'line': b'-- Up-to-date: /data/rl_deploy/install/node_control_msgs/include/node_control_msgs/node_control_msgs/msg/detail/motor_config__struct.h\n'}
[1.121361] (node_control_msgs) StdoutLine: {'line': b'-- Up-to-date: /data/rl_deploy/install/node_control_msgs/include/node_control_msgs/node_control_msgs/msg/rosidl_generator_c__visibility_control.h\n'}
[1.121588] (node_control_msgs) StdoutLine: {'line': b'-- Up-to-date: /data/rl_deploy/install/node_control_msgs/include/node_control_msgs/node_control_msgs/msg/motor_command_feedback.h\n'}
[1.122013] (node_control_msgs) StdoutLine: {'line': b'-- Up-to-date: /data/rl_deploy/install/node_control_msgs/include/node_control_msgs/node_control_msgs/msg/motor_info.h\n'}
[1.122239] (node_control_msgs) StdoutLine: {'line': b'-- Up-to-date: /data/rl_deploy/install/node_control_msgs/include/node_control_msgs/node_control_msgs/msg/motor_command.h\n'}
[1.122403] (node_control_msgs) StdoutLine: {'line': b'-- Up-to-date: /data/rl_deploy/install/node_control_msgs/share/node_control_msgs/environment/library_path.sh\n'}
[1.122621] (node_control_msgs) StdoutLine: {'line': b'-- Up-to-date: /data/rl_deploy/install/node_control_msgs/share/node_control_msgs/environment/library_path.dsv\n'}
[1.122967] (node_control_msgs) StdoutLine: {'line': b'-- Up-to-date: /data/rl_deploy/install/node_control_msgs/lib/libnode_control_msgs__rosidl_generator_c.so\n'}
[1.123343] (node_control_msgs) StdoutLine: {'line': b'-- Up-to-date: /data/rl_deploy/install/node_control_msgs/include/node_control_msgs/node_control_msgs\n'}
[1.123659] (node_control_msgs) StdoutLine: {'line': b'-- Up-to-date: /data/rl_deploy/install/node_control_msgs/include/node_control_msgs/node_control_msgs/srv\n'}
[1.124378] (node_control_msgs) StdoutLine: {'line': b'-- Up-to-date: /data/rl_deploy/install/node_control_msgs/include/node_control_msgs/node_control_msgs/srv/detail\n'}
[1.124664] (node_control_msgs) StdoutLine: {'line': b'-- Up-to-date: /data/rl_deploy/install/node_control_msgs/include/node_control_msgs/node_control_msgs/srv/detail/motor_config_status__rosidl_typesupport_fastrtps_c.h\n'}
[1.124819] (node_control_msgs) StdoutLine: {'line': b'-- Up-to-date: /data/rl_deploy/install/node_control_msgs/include/node_control_msgs/node_control_msgs/msg\n'}
[1.124934] (node_control_msgs) StdoutLine: {'line': b'-- Up-to-date: /data/rl_deploy/install/node_control_msgs/include/node_control_msgs/node_control_msgs/msg/detail\n'}
[1.125047] (node_control_msgs) StdoutLine: {'line': b'-- Up-to-date: /data/rl_deploy/install/node_control_msgs/include/node_control_msgs/node_control_msgs/msg/detail/motor_info__rosidl_typesupport_fastrtps_c.h\n'}
[1.125173] (node_control_msgs) StdoutLine: {'line': b'-- Up-to-date: /data/rl_deploy/install/node_control_msgs/include/node_control_msgs/node_control_msgs/msg/detail/motor_config_dev__rosidl_typesupport_fastrtps_c.h\n'}
[1.125282] (node_control_msgs) StdoutLine: {'line': b'-- Up-to-date: /data/rl_deploy/install/node_control_msgs/include/node_control_msgs/node_control_msgs/msg/detail/motor_health__rosidl_typesupport_fastrtps_c.h\n'}
[1.125386] (node_control_msgs) StdoutLine: {'line': b'-- Up-to-date: /data/rl_deploy/install/node_control_msgs/include/node_control_msgs/node_control_msgs/msg/detail/motor_control__rosidl_typesupport_fastrtps_c.h\n'}
[1.125559] (node_control_msgs) StdoutLine: {'line': b'-- Up-to-date: /data/rl_deploy/install/node_control_msgs/include/node_control_msgs/node_control_msgs/msg/detail/motor_info_value__rosidl_typesupport_fastrtps_c.h\n'}
[1.125711] (node_control_msgs) StdoutLine: {'line': b'-- Up-to-date: /data/rl_deploy/install/node_control_msgs/include/node_control_msgs/node_control_msgs/msg/detail/motor_feedback__rosidl_typesupport_fastrtps_c.h\n'}
[1.125825] (node_control_msgs) StdoutLine: {'line': b'-- Up-to-date: /data/rl_deploy/install/node_control_msgs/include/node_control_msgs/node_control_msgs/msg/detail/motor_config__rosidl_typesupport_fastrtps_c.h\n'}
[1.125941] (node_control_msgs) StdoutLine: {'line': b'-- Up-to-date: /data/rl_deploy/install/node_control_msgs/include/node_control_msgs/node_control_msgs/msg/detail/motor_health_state__rosidl_typesupport_fastrtps_c.h\n'}
[1.126047] (node_control_msgs) StdoutLine: {'line': b'-- Up-to-date: /data/rl_deploy/install/node_control_msgs/include/node_control_msgs/node_control_msgs/msg/detail/motor_command_feedback__rosidl_typesupport_fastrtps_c.h\n'}
[1.126147] (node_control_msgs) StdoutLine: {'line': b'-- Up-to-date: /data/rl_deploy/install/node_control_msgs/include/node_control_msgs/node_control_msgs/msg/detail/motor_command__rosidl_typesupport_fastrtps_c.h\n'}
[1.126275] (node_control_msgs) StdoutLine: {'line': b'-- Up-to-date: /data/rl_deploy/install/node_control_msgs/include/node_control_msgs/node_control_msgs/msg/rosidl_typesupport_fastrtps_c__visibility_control.h\n'}
[1.126375] (node_control_msgs) StdoutLine: {'line': b'-- Up-to-date: /data/rl_deploy/install/node_control_msgs/lib/libnode_control_msgs__rosidl_typesupport_fastrtps_c.so\n'}
[1.126473] (node_control_msgs) StdoutLine: {'line': b'-- Up-to-date: /data/rl_deploy/install/node_control_msgs/include/node_control_msgs/node_control_msgs\n'}
[1.126681] (node_control_msgs) StdoutLine: {'line': b'-- Up-to-date: /data/rl_deploy/install/node_control_msgs/include/node_control_msgs/node_control_msgs/srv\n'}
[1.126796] (node_control_msgs) StdoutLine: {'line': b'-- Up-to-date: /data/rl_deploy/install/node_control_msgs/include/node_control_msgs/node_control_msgs/srv/detail\n'}
[1.126909] (node_control_msgs) StdoutLine: {'line': b'-- Up-to-date: /data/rl_deploy/install/node_control_msgs/include/node_control_msgs/node_control_msgs/srv/detail/motor_config_status__type_support.c\n'}
[1.127013] (node_control_msgs) StdoutLine: {'line': b'-- Up-to-date: /data/rl_deploy/install/node_control_msgs/include/node_control_msgs/node_control_msgs/srv/detail/motor_config_status__rosidl_typesupport_introspection_c.h\n'}
[1.127115] (node_control_msgs) StdoutLine: {'line': b'-- Up-to-date: /data/rl_deploy/install/node_control_msgs/include/node_control_msgs/node_control_msgs/msg\n'}
[1.127231] (node_control_msgs) StdoutLine: {'line': b'-- Up-to-date: /data/rl_deploy/install/node_control_msgs/include/node_control_msgs/node_control_msgs/msg/detail\n'}
[1.127332] (node_control_msgs) StdoutLine: {'line': b'-- Up-to-date: /data/rl_deploy/install/node_control_msgs/include/node_control_msgs/node_control_msgs/msg/detail/motor_config_dev__rosidl_typesupport_introspection_c.h\n'}
[1.127432] (node_control_msgs) StdoutLine: {'line': b'-- Up-to-date: /data/rl_deploy/install/node_control_msgs/include/node_control_msgs/node_control_msgs/msg/detail/motor_health__rosidl_typesupport_introspection_c.h\n'}
[1.127636] (node_control_msgs) StdoutLine: {'line': b'-- Up-to-date: /data/rl_deploy/install/node_control_msgs/include/node_control_msgs/node_control_msgs/msg/detail/motor_info_value__type_support.c\n'}
[1.127787] (node_control_msgs) StdoutLine: {'line': b'-- Up-to-date: /data/rl_deploy/install/node_control_msgs/include/node_control_msgs/node_control_msgs/msg/detail/motor_info__type_support.c\n'}
[1.127903] (node_control_msgs) StdoutLine: {'line': b'-- Up-to-date: /data/rl_deploy/install/node_control_msgs/include/node_control_msgs/node_control_msgs/msg/detail/motor_control__type_support.c\n'}
[1.128007] (node_control_msgs) StdoutLine: {'line': b'-- Up-to-date: /data/rl_deploy/install/node_control_msgs/include/node_control_msgs/node_control_msgs/msg/detail/motor_config__type_support.c\n'}
[1.128105] (node_control_msgs) StdoutLine: {'line': b'-- Up-to-date: /data/rl_deploy/install/node_control_msgs/include/node_control_msgs/node_control_msgs/msg/detail/motor_command__type_support.c\n'}
[1.128204] (node_control_msgs) StdoutLine: {'line': b'-- Up-to-date: /data/rl_deploy/install/node_control_msgs/include/node_control_msgs/node_control_msgs/msg/detail/motor_health__type_support.c\n'}
[1.128302] (node_control_msgs) StdoutLine: {'line': b'-- Up-to-date: /data/rl_deploy/install/node_control_msgs/include/node_control_msgs/node_control_msgs/msg/detail/motor_info_value__rosidl_typesupport_introspection_c.h\n'}
[1.128419] (node_control_msgs) StdoutLine: {'line': b'-- Up-to-date: /data/rl_deploy/install/node_control_msgs/include/node_control_msgs/node_control_msgs/msg/detail/motor_command_feedback__type_support.c\n'}
[1.128620] (node_control_msgs) StdoutLine: {'line': b'-- Up-to-date: /data/rl_deploy/install/node_control_msgs/include/node_control_msgs/node_control_msgs/msg/detail/motor_config__rosidl_typesupport_introspection_c.h\n'}
[1.128739] (node_control_msgs) StdoutLine: {'line': b'-- Up-to-date: /data/rl_deploy/install/node_control_msgs/include/node_control_msgs/node_control_msgs/msg/detail/motor_command_feedback__rosidl_typesupport_introspection_c.h\n'}
[1.128851] (node_control_msgs) StdoutLine: {'line': b'-- Up-to-date: /data/rl_deploy/install/node_control_msgs/include/node_control_msgs/node_control_msgs/msg/detail/motor_command__rosidl_typesupport_introspection_c.h\n'}
[1.128956] (node_control_msgs) StdoutLine: {'line': b'-- Up-to-date: /data/rl_deploy/install/node_control_msgs/include/node_control_msgs/node_control_msgs/msg/detail/motor_health_state__rosidl_typesupport_introspection_c.h\n'}
[1.129060] (node_control_msgs) StdoutLine: {'line': b'-- Up-to-date: /data/rl_deploy/install/node_control_msgs/include/node_control_msgs/node_control_msgs/msg/detail/motor_info__rosidl_typesupport_introspection_c.h\n'}
[1.129161] (node_control_msgs) StdoutLine: {'line': b'-- Up-to-date: /data/rl_deploy/install/node_control_msgs/include/node_control_msgs/node_control_msgs/msg/detail/motor_feedback__type_support.c\n'}
[1.129260] (node_control_msgs) StdoutLine: {'line': b'-- Up-to-date: /data/rl_deploy/install/node_control_msgs/include/node_control_msgs/node_control_msgs/msg/detail/motor_control__rosidl_typesupport_introspection_c.h\n'}
[1.129361] (node_control_msgs) StdoutLine: {'line': b'-- Up-to-date: /data/rl_deploy/install/node_control_msgs/include/node_control_msgs/node_control_msgs/msg/detail/motor_config_dev__type_support.c\n'}
[1.129459] (node_control_msgs) StdoutLine: {'line': b'-- Up-to-date: /data/rl_deploy/install/node_control_msgs/include/node_control_msgs/node_control_msgs/msg/detail/motor_health_state__type_support.c\n'}
[1.129711] (node_control_msgs) StdoutLine: {'line': b'-- Up-to-date: /data/rl_deploy/install/node_control_msgs/include/node_control_msgs/node_control_msgs/msg/detail/motor_feedback__rosidl_typesupport_introspection_c.h\n'}
[1.129833] (node_control_msgs) StdoutLine: {'line': b'-- Up-to-date: /data/rl_deploy/install/node_control_msgs/include/node_control_msgs/node_control_msgs/msg/rosidl_typesupport_introspection_c__visibility_control.h\n'}
[1.129939] (node_control_msgs) StdoutLine: {'line': b'-- Up-to-date: /data/rl_deploy/install/node_control_msgs/lib/libnode_control_msgs__rosidl_typesupport_introspection_c.so\n'}
[1.130067] (node_control_msgs) StdoutLine: {'line': b'-- Up-to-date: /data/rl_deploy/install/node_control_msgs/lib/libnode_control_msgs__rosidl_typesupport_c.so\n'}
[1.130171] (node_control_msgs) StdoutLine: {'line': b'-- Up-to-date: /data/rl_deploy/install/node_control_msgs/include/node_control_msgs/node_control_msgs\n'}
[1.130277] (node_control_msgs) StdoutLine: {'line': b'-- Up-to-date: /data/rl_deploy/install/node_control_msgs/include/node_control_msgs/node_control_msgs/srv\n'}
[1.130378] (node_control_msgs) StdoutLine: {'line': b'-- Up-to-date: /data/rl_deploy/install/node_control_msgs/include/node_control_msgs/node_control_msgs/srv/motor_config_status.hpp\n'}
[1.130539] (node_control_msgs) StdoutLine: {'line': b'-- Up-to-date: /data/rl_deploy/install/node_control_msgs/include/node_control_msgs/node_control_msgs/srv/detail\n'}
[1.130690] (node_control_msgs) StdoutLine: {'line': b'-- Up-to-date: /data/rl_deploy/install/node_control_msgs/include/node_control_msgs/node_control_msgs/srv/detail/motor_config_status__struct.hpp\n'}
[1.130813] (node_control_msgs) StdoutLine: {'line': b'-- Up-to-date: /data/rl_deploy/install/node_control_msgs/include/node_control_msgs/node_control_msgs/srv/detail/motor_config_status__builder.hpp\n'}
[1.130917] (node_control_msgs) StdoutLine: {'line': b'-- Up-to-date: /data/rl_deploy/install/node_control_msgs/include/node_control_msgs/node_control_msgs/srv/detail/motor_config_status__traits.hpp\n'}
[1.131022] (node_control_msgs) StdoutLine: {'line': b'-- Up-to-date: /data/rl_deploy/install/node_control_msgs/include/node_control_msgs/node_control_msgs/srv/detail/motor_config_status__type_support.hpp\n'}
[1.131125] (node_control_msgs) StdoutLine: {'line': b'-- Up-to-date: /data/rl_deploy/install/node_control_msgs/include/node_control_msgs/node_control_msgs/msg\n'}
[1.131225] (node_control_msgs) StdoutLine: {'line': b'-- Up-to-date: /data/rl_deploy/install/node_control_msgs/include/node_control_msgs/node_control_msgs/msg/motor_info_value.hpp\n'}
[1.131324] (node_control_msgs) StdoutLine: {'line': b'-- Up-to-date: /data/rl_deploy/install/node_control_msgs/include/node_control_msgs/node_control_msgs/msg/motor_config_dev.hpp\n'}
[1.131421] (node_control_msgs) StdoutLine: {'line': b'-- Up-to-date: /data/rl_deploy/install/node_control_msgs/include/node_control_msgs/node_control_msgs/msg/motor_feedback.hpp\n'}
[1.131620] (node_control_msgs) StdoutLine: {'line': b'-- Up-to-date: /data/rl_deploy/install/node_control_msgs/include/node_control_msgs/node_control_msgs/msg/motor_config.hpp\n'}
[1.131837] (node_control_msgs) StdoutLine: {'line': b'-- Up-to-date: /data/rl_deploy/install/node_control_msgs/include/node_control_msgs/node_control_msgs/msg/motor_info.hpp\n'}
[1.131959] (node_control_msgs) StdoutLine: {'line': b'-- Up-to-date: /data/rl_deploy/install/node_control_msgs/include/node_control_msgs/node_control_msgs/msg/detail\n'}
[1.132071] (node_control_msgs) StdoutLine: {'line': b'-- Up-to-date: /data/rl_deploy/install/node_control_msgs/include/node_control_msgs/node_control_msgs/msg/detail/motor_command__builder.hpp\n'}
[1.132176] (node_control_msgs) StdoutLine: {'line': b'-- Up-to-date: /data/rl_deploy/install/node_control_msgs/include/node_control_msgs/node_control_msgs/msg/detail/motor_config_dev__struct.hpp\n'}
[1.132300] (node_control_msgs) StdoutLine: {'line': b'-- Up-to-date: /data/rl_deploy/install/node_control_msgs/include/node_control_msgs/node_control_msgs/msg/detail/motor_config__type_support.hpp\n'}
[1.132403] (node_control_msgs) StdoutLine: {'line': b'-- Up-to-date: /data/rl_deploy/install/node_control_msgs/include/node_control_msgs/node_control_msgs/msg/detail/motor_health__type_support.hpp\n'}
[1.132585] (node_control_msgs) StdoutLine: {'line': b'-- Up-to-date: /data/rl_deploy/install/node_control_msgs/include/node_control_msgs/node_control_msgs/msg/detail/motor_feedback__type_support.hpp\n'}
[1.132714] (node_control_msgs) StdoutLine: {'line': b'-- Up-to-date: /data/rl_deploy/install/node_control_msgs/include/node_control_msgs/node_control_msgs/msg/detail/motor_info__type_support.hpp\n'}
[1.132829] (node_control_msgs) StdoutLine: {'line': b'-- Up-to-date: /data/rl_deploy/install/node_control_msgs/include/node_control_msgs/node_control_msgs/msg/detail/motor_config_dev__traits.hpp\n'}
[1.132932] (node_control_msgs) StdoutLine: {'line': b'-- Up-to-date: /data/rl_deploy/install/node_control_msgs/include/node_control_msgs/node_control_msgs/msg/detail/motor_info__traits.hpp\n'}
[1.133036] (node_control_msgs) StdoutLine: {'line': b'-- Up-to-date: /data/rl_deploy/install/node_control_msgs/include/node_control_msgs/node_control_msgs/msg/detail/motor_health_state__traits.hpp\n'}
[1.133136] (node_control_msgs) StdoutLine: {'line': b'-- Up-to-date: /data/rl_deploy/install/node_control_msgs/include/node_control_msgs/node_control_msgs/msg/detail/motor_info_value__builder.hpp\n'}
[1.133235] (node_control_msgs) StdoutLine: {'line': b'-- Up-to-date: /data/rl_deploy/install/node_control_msgs/include/node_control_msgs/node_control_msgs/msg/detail/motor_config__struct.hpp\n'}
[1.133333] (node_control_msgs) StdoutLine: {'line': b'-- Up-to-date: /data/rl_deploy/install/node_control_msgs/include/node_control_msgs/node_control_msgs/msg/detail/motor_info_value__traits.hpp\n'}
[1.133462] (node_control_msgs) StdoutLine: {'line': b'-- Up-to-date: /data/rl_deploy/install/node_control_msgs/include/node_control_msgs/node_control_msgs/msg/detail/motor_command__struct.hpp\n'}
[1.133663] (node_control_msgs) StdoutLine: {'line': b'-- Up-to-date: /data/rl_deploy/install/node_control_msgs/include/node_control_msgs/node_control_msgs/msg/detail/motor_health__traits.hpp\n'}
[1.133782] (node_control_msgs) StdoutLine: {'line': b'-- Up-to-date: /data/rl_deploy/install/node_control_msgs/include/node_control_msgs/node_control_msgs/msg/detail/motor_health__builder.hpp\n'}
[1.133888] (node_control_msgs) StdoutLine: {'line': b'-- Up-to-date: /data/rl_deploy/install/node_control_msgs/include/node_control_msgs/node_control_msgs/msg/detail/motor_command_feedback__traits.hpp\n'}
[1.133990] (node_control_msgs) StdoutLine: {'line': b'-- Up-to-date: /data/rl_deploy/install/node_control_msgs/include/node_control_msgs/node_control_msgs/msg/detail/motor_config__builder.hpp\n'}
[1.134090] (node_control_msgs) StdoutLine: {'line': b'-- Up-to-date: /data/rl_deploy/install/node_control_msgs/include/node_control_msgs/node_control_msgs/msg/detail/motor_config__traits.hpp\n'}
[1.134188] (node_control_msgs) StdoutLine: {'line': b'-- Up-to-date: /data/rl_deploy/install/node_control_msgs/include/node_control_msgs/node_control_msgs/msg/detail/motor_feedback__traits.hpp\n'}
[1.134285] (node_control_msgs) StdoutLine: {'line': b'-- Up-to-date: /data/rl_deploy/install/node_control_msgs/include/node_control_msgs/node_control_msgs/msg/detail/motor_command_feedback__builder.hpp\n'}
[1.134385] (node_control_msgs) StdoutLine: {'line': b'-- Up-to-date: /data/rl_deploy/install/node_control_msgs/include/node_control_msgs/node_control_msgs/msg/detail/motor_info_value__struct.hpp\n'}
[1.134546] (node_control_msgs) StdoutLine: {'line': b'-- Up-to-date: /data/rl_deploy/install/node_control_msgs/include/node_control_msgs/node_control_msgs/msg/detail/motor_config_dev__builder.hpp\n'}
[1.134696] (node_control_msgs) StdoutLine: {'line': b'-- Up-to-date: /data/rl_deploy/install/node_control_msgs/include/node_control_msgs/node_control_msgs/msg/detail/motor_health__struct.hpp\n'}
[1.134822] (node_control_msgs) StdoutLine: {'line': b'-- Up-to-date: /data/rl_deploy/install/node_control_msgs/include/node_control_msgs/node_control_msgs/msg/detail/motor_command_feedback__type_support.hpp\n'}
[1.134930] (node_control_msgs) StdoutLine: {'line': b'-- Up-to-date: /data/rl_deploy/install/node_control_msgs/include/node_control_msgs/node_control_msgs/msg/detail/motor_command__type_support.hpp\n'}
[1.135031] (node_control_msgs) StdoutLine: {'line': b'-- Up-to-date: /data/rl_deploy/install/node_control_msgs/include/node_control_msgs/node_control_msgs/msg/detail/motor_control__type_support.hpp\n'}
[1.135145] (node_control_msgs) StdoutLine: {'line': b'-- Up-to-date: /data/rl_deploy/install/node_control_msgs/include/node_control_msgs/node_control_msgs/msg/detail/motor_feedback__struct.hpp\n'}
[1.135246] (node_control_msgs) StdoutLine: {'line': b'-- Up-to-date: /data/rl_deploy/install/node_control_msgs/include/node_control_msgs/node_control_msgs/msg/detail/motor_health_state__struct.hpp\n'}
[1.135345] (node_control_msgs) StdoutLine: {'line': b'-- Up-to-date: /data/rl_deploy/install/node_control_msgs/include/node_control_msgs/node_control_msgs/msg/detail/motor_control__struct.hpp\n'}
[1.135446] (node_control_msgs) StdoutLine: {'line': b'-- Up-to-date: /data/rl_deploy/install/node_control_msgs/include/node_control_msgs/node_control_msgs/msg/detail/motor_health_state__builder.hpp\n'}
[1.135652] (node_control_msgs) StdoutLine: {'line': b'-- Up-to-date: /data/rl_deploy/install/node_control_msgs/include/node_control_msgs/node_control_msgs/msg/detail/motor_info_value__type_support.hpp\n'}
[1.135938] (node_control_msgs) StdoutLine: {'line': b'-- Up-to-date: /data/rl_deploy/install/node_control_msgs/include/node_control_msgs/node_control_msgs/msg/detail/motor_info__builder.hpp\n'}
[1.136061] (node_control_msgs) StdoutLine: {'line': b'-- Up-to-date: /data/rl_deploy/install/node_control_msgs/include/node_control_msgs/node_control_msgs/msg/detail/motor_info__struct.hpp\n'}
[1.136167] (node_control_msgs) StdoutLine: {'line': b'-- Up-to-date: /data/rl_deploy/install/node_control_msgs/include/node_control_msgs/node_control_msgs/msg/detail/motor_control__traits.hpp\n'}
[1.136271] (node_control_msgs) StdoutLine: {'line': b'-- Up-to-date: /data/rl_deploy/install/node_control_msgs/include/node_control_msgs/node_control_msgs/msg/detail/motor_command__traits.hpp\n'}
[1.136374] (node_control_msgs) StdoutLine: {'line': b'-- Up-to-date: /data/rl_deploy/install/node_control_msgs/include/node_control_msgs/node_control_msgs/msg/detail/motor_control__builder.hpp\n'}
[1.136475] (node_control_msgs) StdoutLine: {'line': b'-- Up-to-date: /data/rl_deploy/install/node_control_msgs/include/node_control_msgs/node_control_msgs/msg/detail/motor_config_dev__type_support.hpp\n'}
[1.136693] (node_control_msgs) StdoutLine: {'line': b'-- Up-to-date: /data/rl_deploy/install/node_control_msgs/include/node_control_msgs/node_control_msgs/msg/detail/motor_command_feedback__struct.hpp\n'}
[1.136811] (node_control_msgs) StdoutLine: {'line': b'-- Up-to-date: /data/rl_deploy/install/node_control_msgs/include/node_control_msgs/node_control_msgs/msg/detail/motor_health_state__type_support.hpp\n'}
[1.136920] (node_control_msgs) StdoutLine: {'line': b'-- Up-to-date: /data/rl_deploy/install/node_control_msgs/include/node_control_msgs/node_control_msgs/msg/detail/motor_feedback__builder.hpp\n'}
[1.137027] (node_control_msgs) StdoutLine: {'line': b'-- Up-to-date: /data/rl_deploy/install/node_control_msgs/include/node_control_msgs/node_control_msgs/msg/motor_health.hpp\n'}
[1.137170] (node_control_msgs) StdoutLine: {'line': b'-- Up-to-date: /data/rl_deploy/install/node_control_msgs/include/node_control_msgs/node_control_msgs/msg/rosidl_generator_cpp__visibility_control.hpp\n'}
[1.137277] (node_control_msgs) StdoutLine: {'line': b'-- Up-to-date: /data/rl_deploy/install/node_control_msgs/include/node_control_msgs/node_control_msgs/msg/motor_health_state.hpp\n'}
[1.137380] (node_control_msgs) StdoutLine: {'line': b'-- Up-to-date: /data/rl_deploy/install/node_control_msgs/include/node_control_msgs/node_control_msgs/msg/motor_command_feedback.hpp\n'}
[1.137587] (node_control_msgs) StdoutLine: {'line': b'-- Up-to-date: /data/rl_deploy/install/node_control_msgs/include/node_control_msgs/node_control_msgs/msg/motor_control.hpp\n'}
[1.137745] (node_control_msgs) StdoutLine: {'line': b'-- Up-to-date: /data/rl_deploy/install/node_control_msgs/include/node_control_msgs/node_control_msgs/msg/motor_command.hpp\n'}
[1.137870] (node_control_msgs) StdoutLine: {'line': b'-- Up-to-date: /data/rl_deploy/install/node_control_msgs/include/node_control_msgs/node_control_msgs\n'}
[1.137983] (node_control_msgs) StdoutLine: {'line': b'-- Up-to-date: /data/rl_deploy/install/node_control_msgs/include/node_control_msgs/node_control_msgs/srv\n'}
[1.138095] (node_control_msgs) StdoutLine: {'line': b'-- Up-to-date: /data/rl_deploy/install/node_control_msgs/include/node_control_msgs/node_control_msgs/srv/detail\n'}
[1.138201] (node_control_msgs) StdoutLine: {'line': b'-- Up-to-date: /data/rl_deploy/install/node_control_msgs/include/node_control_msgs/node_control_msgs/srv/detail/motor_config_status__rosidl_typesupport_fastrtps_cpp.hpp\n'}
[1.138304] (node_control_msgs) StdoutLine: {'line': b'-- Up-to-date: /data/rl_deploy/install/node_control_msgs/include/node_control_msgs/node_control_msgs/srv/detail/dds_fastrtps\n'}
[1.138405] (node_control_msgs) StdoutLine: {'line': b'-- Up-to-date: /data/rl_deploy/install/node_control_msgs/include/node_control_msgs/node_control_msgs/msg\n'}
[1.139659] (node_control_msgs) StdoutLine: {'line': b'-- Up-to-date: /data/rl_deploy/install/node_control_msgs/include/node_control_msgs/node_control_msgs/msg/rosidl_typesupport_fastrtps_cpp__visibility_control.h\n'}
[1.139954] (node_control_msgs) StdoutLine: {'line': b'-- Up-to-date: /data/rl_deploy/install/node_control_msgs/include/node_control_msgs/node_control_msgs/msg/detail\n'}
[1.140113] (node_control_msgs) StdoutLine: {'line': b'-- Up-to-date: /data/rl_deploy/install/node_control_msgs/include/node_control_msgs/node_control_msgs/msg/detail/motor_health_state__rosidl_typesupport_fastrtps_cpp.hpp\n'}
[1.140236] (node_control_msgs) StdoutLine: {'line': b'-- Up-to-date: /data/rl_deploy/install/node_control_msgs/include/node_control_msgs/node_control_msgs/msg/detail/motor_feedback__rosidl_typesupport_fastrtps_cpp.hpp\n'}
[1.140349] (node_control_msgs) StdoutLine: {'line': b'-- Up-to-date: /data/rl_deploy/install/node_control_msgs/include/node_control_msgs/node_control_msgs/msg/detail/dds_fastrtps\n'}
[1.140462] (node_control_msgs) StdoutLine: {'line': b'-- Up-to-date: /data/rl_deploy/install/node_control_msgs/include/node_control_msgs/node_control_msgs/msg/detail/motor_health__rosidl_typesupport_fastrtps_cpp.hpp\n'}
[1.141779] (node_control_msgs) StdoutLine: {'line': b'-- Up-to-date: /data/rl_deploy/install/node_control_msgs/include/node_control_msgs/node_control_msgs/msg/detail/motor_command_feedback__rosidl_typesupport_fastrtps_cpp.hpp\n'}
[1.141937] (node_control_msgs) StdoutLine: {'line': b'-- Up-to-date: /data/rl_deploy/install/node_control_msgs/include/node_control_msgs/node_control_msgs/msg/detail/motor_control__rosidl_typesupport_fastrtps_cpp.hpp\n'}
[1.142066] (node_control_msgs) StdoutLine: {'line': b'-- Up-to-date: /data/rl_deploy/install/node_control_msgs/include/node_control_msgs/node_control_msgs/msg/detail/motor_config_dev__rosidl_typesupport_fastrtps_cpp.hpp\n'}
[1.142181] (node_control_msgs) StdoutLine: {'line': b'-- Up-to-date: /data/rl_deploy/install/node_control_msgs/include/node_control_msgs/node_control_msgs/msg/detail/motor_info_value__rosidl_typesupport_fastrtps_cpp.hpp\n'}
[1.142288] (node_control_msgs) StdoutLine: {'line': b'-- Up-to-date: /data/rl_deploy/install/node_control_msgs/include/node_control_msgs/node_control_msgs/msg/detail/motor_config__rosidl_typesupport_fastrtps_cpp.hpp\n'}
[1.142391] (node_control_msgs) StdoutLine: {'line': b'-- Up-to-date: /data/rl_deploy/install/node_control_msgs/include/node_control_msgs/node_control_msgs/msg/detail/motor_info__rosidl_typesupport_fastrtps_cpp.hpp\n'}
[1.143658] (node_control_msgs) StdoutLine: {'line': b'-- Up-to-date: /data/rl_deploy/install/node_control_msgs/include/node_control_msgs/node_control_msgs/msg/detail/motor_command__rosidl_typesupport_fastrtps_cpp.hpp\n'}
[1.143885] (node_control_msgs) StdoutLine: {'line': b'-- Up-to-date: /data/rl_deploy/install/node_control_msgs/lib/libnode_control_msgs__rosidl_typesupport_fastrtps_cpp.so\n'}
[1.144030] (node_control_msgs) StdoutLine: {'line': b'-- Up-to-date: /data/rl_deploy/install/node_control_msgs/include/node_control_msgs/node_control_msgs\n'}
[1.144150] (node_control_msgs) StdoutLine: {'line': b'-- Up-to-date: /data/rl_deploy/install/node_control_msgs/include/node_control_msgs/node_control_msgs/srv\n'}
[1.144264] (node_control_msgs) StdoutLine: {'line': b'-- Up-to-date: /data/rl_deploy/install/node_control_msgs/include/node_control_msgs/node_control_msgs/srv/detail\n'}
[1.144369] (node_control_msgs) StdoutLine: {'line': b'-- Up-to-date: /data/rl_deploy/install/node_control_msgs/include/node_control_msgs/node_control_msgs/srv/detail/motor_config_status__rosidl_typesupport_introspection_cpp.hpp\n'}
[1.145637] (node_control_msgs) StdoutLine: {'line': b'-- Up-to-date: /data/rl_deploy/install/node_control_msgs/include/node_control_msgs/node_control_msgs/srv/detail/motor_config_status__type_support.cpp\n'}
[1.145861] (node_control_msgs) StdoutLine: {'line': b'-- Up-to-date: /data/rl_deploy/install/node_control_msgs/include/node_control_msgs/node_control_msgs/msg\n'}
[1.146007] (node_control_msgs) StdoutLine: {'line': b'-- Up-to-date: /data/rl_deploy/install/node_control_msgs/include/node_control_msgs/node_control_msgs/msg/detail\n'}
[1.146131] (node_control_msgs) StdoutLine: {'line': b'-- Up-to-date: /data/rl_deploy/install/node_control_msgs/include/node_control_msgs/node_control_msgs/msg/detail/motor_config__type_support.cpp\n'}
[1.146245] (node_control_msgs) StdoutLine: {'line': b'-- Up-to-date: /data/rl_deploy/install/node_control_msgs/include/node_control_msgs/node_control_msgs/msg/detail/motor_feedback__type_support.cpp\n'}
[1.146355] (node_control_msgs) StdoutLine: {'line': b'-- Up-to-date: /data/rl_deploy/install/node_control_msgs/include/node_control_msgs/node_control_msgs/msg/detail/motor_info__type_support.cpp\n'}
[1.146461] (node_control_msgs) StdoutLine: {'line': b'-- Up-to-date: /data/rl_deploy/install/node_control_msgs/include/node_control_msgs/node_control_msgs/msg/detail/motor_health__rosidl_typesupport_introspection_cpp.hpp\n'}
[1.147853] (node_control_msgs) StdoutLine: {'line': b'-- Up-to-date: /data/rl_deploy/install/node_control_msgs/include/node_control_msgs/node_control_msgs/msg/detail/motor_config_dev__type_support.cpp\n'}
[1.148037] (node_control_msgs) StdoutLine: {'line': b'-- Up-to-date: /data/rl_deploy/install/node_control_msgs/include/node_control_msgs/node_control_msgs/msg/detail/motor_command__rosidl_typesupport_introspection_cpp.hpp\n'}
[1.148166] (node_control_msgs) StdoutLine: {'line': b'-- Up-to-date: /data/rl_deploy/install/node_control_msgs/include/node_control_msgs/node_control_msgs/msg/detail/motor_info_value__type_support.cpp\n'}
[1.148284] (node_control_msgs) StdoutLine: {'line': b'-- Up-to-date: /data/rl_deploy/install/node_control_msgs/include/node_control_msgs/node_control_msgs/msg/detail/motor_health_state__rosidl_typesupport_introspection_cpp.hpp\n'}
[1.148419] (node_control_msgs) StdoutLine: {'line': b'-- Up-to-date: /data/rl_deploy/install/node_control_msgs/include/node_control_msgs/node_control_msgs/msg/detail/motor_feedback__rosidl_typesupport_introspection_cpp.hpp\n'}
[1.149711] (node_control_msgs) StdoutLine: {'line': b'-- Up-to-date: /data/rl_deploy/install/node_control_msgs/include/node_control_msgs/node_control_msgs/msg/detail/motor_control__rosidl_typesupport_introspection_cpp.hpp\n'}
[1.149893] (node_control_msgs) StdoutLine: {'line': b'-- Up-to-date: /data/rl_deploy/install/node_control_msgs/include/node_control_msgs/node_control_msgs/msg/detail/motor_info_value__rosidl_typesupport_introspection_cpp.hpp\n'}
[1.150060] (node_control_msgs) StdoutLine: {'line': b'-- Up-to-date: /data/rl_deploy/install/node_control_msgs/include/node_control_msgs/node_control_msgs/msg/detail/motor_command_feedback__type_support.cpp\n'}
[1.150183] (node_control_msgs) StdoutLine: {'line': b'-- Up-to-date: /data/rl_deploy/install/node_control_msgs/include/node_control_msgs/node_control_msgs/msg/detail/motor_config_dev__rosidl_typesupport_introspection_cpp.hpp\n'}
[1.150298] (node_control_msgs) StdoutLine: {'line': b'-- Up-to-date: /data/rl_deploy/install/node_control_msgs/include/node_control_msgs/node_control_msgs/msg/detail/motor_info__rosidl_typesupport_introspection_cpp.hpp\n'}
[1.150406] (node_control_msgs) StdoutLine: {'line': b'-- Up-to-date: /data/rl_deploy/install/node_control_msgs/include/node_control_msgs/node_control_msgs/msg/detail/motor_config__rosidl_typesupport_introspection_cpp.hpp\n'}
[1.151666] (node_control_msgs) StdoutLine: {'line': b'-- Up-to-date: /data/rl_deploy/install/node_control_msgs/include/node_control_msgs/node_control_msgs/msg/detail/motor_health__type_support.cpp\n'}
[1.151888] (node_control_msgs) StdoutLine: {'line': b'-- Up-to-date: /data/rl_deploy/install/node_control_msgs/include/node_control_msgs/node_control_msgs/msg/detail/motor_control__type_support.cpp\n'}
[1.152029] (node_control_msgs) StdoutLine: {'line': b'-- Up-to-date: /data/rl_deploy/install/node_control_msgs/include/node_control_msgs/node_control_msgs/msg/detail/motor_command__type_support.cpp\n'}
[1.152149] (node_control_msgs) StdoutLine: {'line': b'-- Up-to-date: /data/rl_deploy/install/node_control_msgs/include/node_control_msgs/node_control_msgs/msg/detail/motor_health_state__type_support.cpp\n'}
[1.152260] (node_control_msgs) StdoutLine: {'line': b'-- Up-to-date: /data/rl_deploy/install/node_control_msgs/include/node_control_msgs/node_control_msgs/msg/detail/motor_command_feedback__rosidl_typesupport_introspection_cpp.hpp\n'}
[1.152370] (node_control_msgs) StdoutLine: {'line': b'-- Up-to-date: /data/rl_deploy/install/node_control_msgs/lib/libnode_control_msgs__rosidl_typesupport_introspection_cpp.so\n'}
[1.152476] (node_control_msgs) StdoutLine: {'line': b'-- Up-to-date: /data/rl_deploy/install/node_control_msgs/lib/libnode_control_msgs__rosidl_typesupport_cpp.so\n'}
[1.155038] (node_control_msgs) StdoutLine: {'line': b'-- Up-to-date: /data/rl_deploy/install/node_control_msgs/share/node_control_msgs/environment/pythonpath.sh\n'}
[1.156139] (node_control_msgs) StdoutLine: {'line': b'-- Up-to-date: /data/rl_deploy/install/node_control_msgs/share/node_control_msgs/environment/pythonpath.dsv\n'}
[1.156939] (node_control_msgs) StdoutLine: {'line': b'-- Up-to-date: /data/rl_deploy/install/node_control_msgs/local/lib/python3.10/dist-packages/node_control_msgs-0.0.0-py3.10.egg-info\n'}
[1.158038] (node_control_msgs) StdoutLine: {'line': b'-- Installing: /data/rl_deploy/install/node_control_msgs/local/lib/python3.10/dist-packages/node_control_msgs-0.0.0-py3.10.egg-info/top_level.txt\n'}
[1.158694] (node_control_msgs) StdoutLine: {'line': b'-- Installing: /data/rl_deploy/install/node_control_msgs/local/lib/python3.10/dist-packages/node_control_msgs-0.0.0-py3.10.egg-info/PKG-INFO\n'}
[1.159910] (node_control_msgs) StdoutLine: {'line': b'-- Installing: /data/rl_deploy/install/node_control_msgs/local/lib/python3.10/dist-packages/node_control_msgs-0.0.0-py3.10.egg-info/SOURCES.txt\n'}
[1.160963] (node_control_msgs) StdoutLine: {'line': b'-- Installing: /data/rl_deploy/install/node_control_msgs/local/lib/python3.10/dist-packages/node_control_msgs-0.0.0-py3.10.egg-info/dependency_links.txt\n'}
[1.161646] (node_control_msgs) StdoutLine: {'line': b'-- Up-to-date: /data/rl_deploy/install/node_control_msgs/local/lib/python3.10/dist-packages/node_control_msgs\n'}
[1.162865] (node_control_msgs) StdoutLine: {'line': b'-- Up-to-date: /data/rl_deploy/install/node_control_msgs/local/lib/python3.10/dist-packages/node_control_msgs/libnode_control_msgs__rosidl_generator_py.so\n'}
[1.163479] (node_control_msgs) StdoutLine: {'line': b'-- Up-to-date: /data/rl_deploy/install/node_control_msgs/local/lib/python3.10/dist-packages/node_control_msgs/node_control_msgs_s__rosidl_typesupport_introspection_c.cpython-310-aarch64-linux-gnu.so\n'}
[1.163949] (node_control_msgs) StdoutLine: {'line': b'-- Up-to-date: /data/rl_deploy/install/node_control_msgs/local/lib/python3.10/dist-packages/node_control_msgs/node_control_msgs_s__rosidl_typesupport_c.cpython-310-aarch64-linux-gnu.so\n'}
[1.164127] (node_control_msgs) StdoutLine: {'line': b'-- Up-to-date: /data/rl_deploy/install/node_control_msgs/local/lib/python3.10/dist-packages/node_control_msgs/_node_control_msgs_s.ep.rosidl_typesupport_introspection_c.c\n'}
[1.164260] (node_control_msgs) StdoutLine: {'line': b'-- Up-to-date: /data/rl_deploy/install/node_control_msgs/local/lib/python3.10/dist-packages/node_control_msgs/__init__.py\n'}
[1.164375] (node_control_msgs) StdoutLine: {'line': b'-- Up-to-date: /data/rl_deploy/install/node_control_msgs/local/lib/python3.10/dist-packages/node_control_msgs/node_control_msgs_s__rosidl_typesupport_fastrtps_c.cpython-310-aarch64-linux-gnu.so\n'}
[1.164491] (node_control_msgs) StdoutLine: {'line': b'-- Up-to-date: /data/rl_deploy/install/node_control_msgs/local/lib/python3.10/dist-packages/node_control_msgs/srv\n'}
[1.164602] (node_control_msgs) StdoutLine: {'line': b'-- Up-to-date: /data/rl_deploy/install/node_control_msgs/local/lib/python3.10/dist-packages/node_control_msgs/srv/_motor_config_status.py\n'}
[1.164709] (node_control_msgs) StdoutLine: {'line': b'-- Up-to-date: /data/rl_deploy/install/node_control_msgs/local/lib/python3.10/dist-packages/node_control_msgs/srv/_motor_config_status_s.c\n'}
[1.164916] (node_control_msgs) StdoutLine: {'line': b'-- Up-to-date: /data/rl_deploy/install/node_control_msgs/local/lib/python3.10/dist-packages/node_control_msgs/srv/__init__.py\n'}
[1.165044] (node_control_msgs) StdoutLine: {'line': b'-- Up-to-date: /data/rl_deploy/install/node_control_msgs/local/lib/python3.10/dist-packages/node_control_msgs/_node_control_msgs_s.ep.rosidl_typesupport_c.c\n'}
[1.165166] (node_control_msgs) StdoutLine: {'line': b'-- Up-to-date: /data/rl_deploy/install/node_control_msgs/local/lib/python3.10/dist-packages/node_control_msgs/_node_control_msgs_s.ep.rosidl_typesupport_fastrtps_c.c\n'}
[1.165274] (node_control_msgs) StdoutLine: {'line': b'-- Up-to-date: /data/rl_deploy/install/node_control_msgs/local/lib/python3.10/dist-packages/node_control_msgs/msg\n'}
[1.165378] (node_control_msgs) StdoutLine: {'line': b'-- Up-to-date: /data/rl_deploy/install/node_control_msgs/local/lib/python3.10/dist-packages/node_control_msgs/msg/_motor_config_dev_s.c\n'}
[1.166611] (node_control_msgs) StdoutLine: {'line': b'-- Up-to-date: /data/rl_deploy/install/node_control_msgs/local/lib/python3.10/dist-packages/node_control_msgs/msg/_motor_command_s.c\n'}
[1.167075] (node_control_msgs) StdoutLine: {'line': b'-- Up-to-date: /data/rl_deploy/install/node_control_msgs/local/lib/python3.10/dist-packages/node_control_msgs/msg/_motor_config_dev.py\n'}
[1.167239] (node_control_msgs) StdoutLine: {'line': b'-- Up-to-date: /data/rl_deploy/install/node_control_msgs/local/lib/python3.10/dist-packages/node_control_msgs/msg/_motor_config_s.c\n'}
[1.167364] (node_control_msgs) StdoutLine: {'line': b'-- Up-to-date: /data/rl_deploy/install/node_control_msgs/local/lib/python3.10/dist-packages/node_control_msgs/msg/_motor_control_s.c\n'}
[1.167480] (node_control_msgs) StdoutLine: {'line': b'-- Up-to-date: /data/rl_deploy/install/node_control_msgs/local/lib/python3.10/dist-packages/node_control_msgs/msg/_motor_info_value.py\n'}
[1.172047] (node_control_msgs) StdoutLine: {'line': b'-- Up-to-date: /data/rl_deploy/install/node_control_msgs/local/lib/python3.10/dist-packages/node_control_msgs/msg/_motor_info_value_s.c\n'}
[1.172222] (node_control_msgs) StdoutLine: {'line': b'-- Up-to-date: /data/rl_deploy/install/node_control_msgs/local/lib/python3.10/dist-packages/node_control_msgs/msg/_motor_health.py\n'}
[1.172353] (node_control_msgs) StdoutLine: {'line': b'-- Up-to-date: /data/rl_deploy/install/node_control_msgs/local/lib/python3.10/dist-packages/node_control_msgs/msg/_motor_command_feedback_s.c\n'}
[1.172500] (node_control_msgs) StdoutLine: {'line': b'-- Up-to-date: /data/rl_deploy/install/node_control_msgs/local/lib/python3.10/dist-packages/node_control_msgs/msg/__init__.py\n'}
[1.172615] (node_control_msgs) StdoutLine: {'line': b'-- Up-to-date: /data/rl_deploy/install/node_control_msgs/local/lib/python3.10/dist-packages/node_control_msgs/msg/_motor_config.py\n'}
[1.172761] (node_control_msgs) StdoutLine: {'line': b'-- Up-to-date: /data/rl_deploy/install/node_control_msgs/local/lib/python3.10/dist-packages/node_control_msgs/msg/_motor_health_s.c\n'}
[1.173843] (node_control_msgs) StdoutLine: {'line': b'-- Up-to-date: /data/rl_deploy/install/node_control_msgs/local/lib/python3.10/dist-packages/node_control_msgs/msg/_motor_command_feedback.py\n'}
[1.174013] (node_control_msgs) StdoutLine: {'line': b'-- Up-to-date: /data/rl_deploy/install/node_control_msgs/local/lib/python3.10/dist-packages/node_control_msgs/msg/_motor_info_s.c\n'}
[1.174142] (node_control_msgs) StdoutLine: {'line': b'-- Up-to-date: /data/rl_deploy/install/node_control_msgs/local/lib/python3.10/dist-packages/node_control_msgs/msg/_motor_info.py\n'}
[1.174255] (node_control_msgs) StdoutLine: {'line': b'-- Up-to-date: /data/rl_deploy/install/node_control_msgs/local/lib/python3.10/dist-packages/node_control_msgs/msg/_motor_health_state.py\n'}
[1.174362] (node_control_msgs) StdoutLine: {'line': b'-- Up-to-date: /data/rl_deploy/install/node_control_msgs/local/lib/python3.10/dist-packages/node_control_msgs/msg/_motor_feedback.py\n'}
[1.174464] (node_control_msgs) StdoutLine: {'line': b'-- Up-to-date: /data/rl_deploy/install/node_control_msgs/local/lib/python3.10/dist-packages/node_control_msgs/msg/_motor_control.py\n'}
[1.174582] (node_control_msgs) StdoutLine: {'line': b'-- Up-to-date: /data/rl_deploy/install/node_control_msgs/local/lib/python3.10/dist-packages/node_control_msgs/msg/_motor_feedback_s.c\n'}
[1.174686] (node_control_msgs) StdoutLine: {'line': b'-- Up-to-date: /data/rl_deploy/install/node_control_msgs/local/lib/python3.10/dist-packages/node_control_msgs/msg/_motor_health_state_s.c\n'}
[1.176847] (node_control_msgs) StdoutLine: {'line': b'-- Up-to-date: /data/rl_deploy/install/node_control_msgs/local/lib/python3.10/dist-packages/node_control_msgs/msg/_motor_command.py\n'}
[1.177128] (node_driver_msgs) StdoutLine: {'line': b'-- Install configuration: ""\n'}
[1.177303] (node_driver_msgs) StdoutLine: {'line': b'-- Up-to-date: /data/rl_deploy/install/node_driver_msgs/share/ament_index/resource_index/rosidl_interfaces/node_driver_msgs\n'}
[1.177431] (node_driver_msgs) StdoutLine: {'line': b'-- Up-to-date: /data/rl_deploy/install/node_driver_msgs/include/node_driver_msgs/node_driver_msgs\n'}
[1.177548] (node_driver_msgs) StdoutLine: {'line': b'-- Up-to-date: /data/rl_deploy/install/node_driver_msgs/include/node_driver_msgs/node_driver_msgs/msg\n'}
[1.178998] (node_driver_msgs) StdoutLine: {'line': b'-- Up-to-date: /data/rl_deploy/install/node_driver_msgs/include/node_driver_msgs/node_driver_msgs/msg/sensormsgcontrol.h\n'}
[1.179167] (node_driver_msgs) StdoutLine: {'line': b'-- Up-to-date: /data/rl_deploy/install/node_driver_msgs/include/node_driver_msgs/node_driver_msgs/msg/detail\n'}
[1.179295] (node_driver_msgs) StdoutLine: {'line': b'-- Up-to-date: /data/rl_deploy/install/node_driver_msgs/include/node_driver_msgs/node_driver_msgs/msg/detail/sensormsgcontrol__type_support.h\n'}
[1.179409] (node_driver_msgs) StdoutLine: {'line': b'-- Up-to-date: /data/rl_deploy/install/node_driver_msgs/include/node_driver_msgs/node_driver_msgs/msg/detail/sensormsgcontrol__functions.h\n'}
[1.179518] (node_driver_msgs) StdoutLine: {'line': b'-- Up-to-date: /data/rl_deploy/install/node_driver_msgs/include/node_driver_msgs/node_driver_msgs/msg/detail/sensormsgstate__functions.h\n'}
[1.179792] (node_driver_msgs) StdoutLine: {'line': b'-- Up-to-date: /data/rl_deploy/install/node_driver_msgs/include/node_driver_msgs/node_driver_msgs/msg/detail/sensormsgcontrol__struct.h\n'}
[1.179946] (node_driver_msgs) StdoutLine: {'line': b'-- Up-to-date: /data/rl_deploy/install/node_driver_msgs/include/node_driver_msgs/node_driver_msgs/msg/detail/sensormsgstate__struct.h\n'}
[1.180081] (node_driver_msgs) StdoutLine: {'line': b'-- Up-to-date: /data/rl_deploy/install/node_driver_msgs/include/node_driver_msgs/node_driver_msgs/msg/detail/sensormsgcontrol__functions.c\n'}
[1.180188] (node_driver_msgs) StdoutLine: {'line': b'-- Up-to-date: /data/rl_deploy/install/node_driver_msgs/include/node_driver_msgs/node_driver_msgs/msg/detail/sensormsgstate__functions.c\n'}
[1.180291] (node_driver_msgs) StdoutLine: {'line': b'-- Up-to-date: /data/rl_deploy/install/node_driver_msgs/include/node_driver_msgs/node_driver_msgs/msg/detail/sensormsgstate__type_support.h\n'}
[1.180392] (node_driver_msgs) StdoutLine: {'line': b'-- Up-to-date: /data/rl_deploy/install/node_driver_msgs/include/node_driver_msgs/node_driver_msgs/msg/rosidl_generator_c__visibility_control.h\n'}
[1.180493] (node_driver_msgs) StdoutLine: {'line': b'-- Up-to-date: /data/rl_deploy/install/node_driver_msgs/include/node_driver_msgs/node_driver_msgs/msg/sensormsgstate.h\n'}
[1.180626] (node_driver_msgs) StdoutLine: {'line': b'-- Up-to-date: /data/rl_deploy/install/node_driver_msgs/share/node_driver_msgs/environment/library_path.sh\n'}
[1.180735] (node_driver_msgs) StdoutLine: {'line': b'-- Up-to-date: /data/rl_deploy/install/node_driver_msgs/share/node_driver_msgs/environment/library_path.dsv\n'}
[1.182680] (node_driver_msgs) StdoutLine: {'line': b'-- Up-to-date: /data/rl_deploy/install/node_driver_msgs/lib/libnode_driver_msgs__rosidl_generator_c.so\n'}
[1.182938] (node_driver_msgs) StdoutLine: {'line': b'-- Up-to-date: /data/rl_deploy/install/node_driver_msgs/include/node_driver_msgs/node_driver_msgs\n'}
[1.183089] (node_driver_msgs) StdoutLine: {'line': b'-- Up-to-date: /data/rl_deploy/install/node_driver_msgs/include/node_driver_msgs/node_driver_msgs/msg\n'}
[1.183208] (node_driver_msgs) StdoutLine: {'line': b'-- Up-to-date: /data/rl_deploy/install/node_driver_msgs/include/node_driver_msgs/node_driver_msgs/msg/detail\n'}
[1.183320] (node_driver_msgs) StdoutLine: {'line': b'-- Up-to-date: /data/rl_deploy/install/node_driver_msgs/include/node_driver_msgs/node_driver_msgs/msg/detail/sensormsgcontrol__rosidl_typesupport_fastrtps_c.h\n'}
[1.183430] (node_driver_msgs) StdoutLine: {'line': b'-- Up-to-date: /data/rl_deploy/install/node_driver_msgs/include/node_driver_msgs/node_driver_msgs/msg/detail/sensormsgstate__rosidl_typesupport_fastrtps_c.h\n'}
[1.184081] (node_driver_msgs) StdoutLine: {'line': b'-- Up-to-date: /data/rl_deploy/install/node_driver_msgs/include/node_driver_msgs/node_driver_msgs/msg/rosidl_typesupport_fastrtps_c__visibility_control.h\n'}
[1.184270] (node_driver_msgs) StdoutLine: {'line': b'-- Up-to-date: /data/rl_deploy/install/node_driver_msgs/lib/libnode_driver_msgs__rosidl_typesupport_fastrtps_c.so\n'}
[1.184396] (node_driver_msgs) StdoutLine: {'line': b'-- Up-to-date: /data/rl_deploy/install/node_driver_msgs/include/node_driver_msgs/node_driver_msgs\n'}
[1.184507] (node_driver_msgs) StdoutLine: {'line': b'-- Up-to-date: /data/rl_deploy/install/node_driver_msgs/include/node_driver_msgs/node_driver_msgs/msg\n'}
[1.184613] (node_driver_msgs) StdoutLine: {'line': b'-- Up-to-date: /data/rl_deploy/install/node_driver_msgs/include/node_driver_msgs/node_driver_msgs/msg/detail\n'}
[1.184715] (node_driver_msgs) StdoutLine: {'line': b'-- Up-to-date: /data/rl_deploy/install/node_driver_msgs/include/node_driver_msgs/node_driver_msgs/msg/detail/sensormsgstate__type_support.c\n'}
[1.184823] (node_driver_msgs) StdoutLine: {'line': b'-- Up-to-date: /data/rl_deploy/install/node_driver_msgs/include/node_driver_msgs/node_driver_msgs/msg/detail/sensormsgcontrol__rosidl_typesupport_introspection_c.h\n'}
[1.184926] (node_driver_msgs) StdoutLine: {'line': b'-- Up-to-date: /data/rl_deploy/install/node_driver_msgs/include/node_driver_msgs/node_driver_msgs/msg/detail/sensormsgcontrol__type_support.c\n'}
[1.185026] (node_driver_msgs) StdoutLine: {'line': b'-- Up-to-date: /data/rl_deploy/install/node_driver_msgs/include/node_driver_msgs/node_driver_msgs/msg/detail/sensormsgstate__rosidl_typesupport_introspection_c.h\n'}
[1.185153] (node_driver_msgs) StdoutLine: {'line': b'-- Up-to-date: /data/rl_deploy/install/node_driver_msgs/include/node_driver_msgs/node_driver_msgs/msg/rosidl_typesupport_introspection_c__visibility_control.h\n'}
[1.185254] (node_driver_msgs) StdoutLine: {'line': b'-- Up-to-date: /data/rl_deploy/install/node_driver_msgs/lib/libnode_driver_msgs__rosidl_typesupport_introspection_c.so\n'}
[1.185353] (node_driver_msgs) StdoutLine: {'line': b'-- Up-to-date: /data/rl_deploy/install/node_driver_msgs/lib/libnode_driver_msgs__rosidl_typesupport_c.so\n'}
[1.185450] (node_driver_msgs) StdoutLine: {'line': b'-- Up-to-date: /data/rl_deploy/install/node_driver_msgs/include/node_driver_msgs/node_driver_msgs\n'}
[1.185547] (node_driver_msgs) StdoutLine: {'line': b'-- Up-to-date: /data/rl_deploy/install/node_driver_msgs/include/node_driver_msgs/node_driver_msgs/msg\n'}
[1.185720] (node_driver_msgs) StdoutLine: {'line': b'-- Up-to-date: /data/rl_deploy/install/node_driver_msgs/include/node_driver_msgs/node_driver_msgs/msg/sensormsgcontrol.hpp\n'}
[1.185837] (node_driver_msgs) StdoutLine: {'line': b'-- Up-to-date: /data/rl_deploy/install/node_driver_msgs/include/node_driver_msgs/node_driver_msgs/msg/detail\n'}
[1.185941] (node_driver_msgs) StdoutLine: {'line': b'-- Up-to-date: /data/rl_deploy/install/node_driver_msgs/include/node_driver_msgs/node_driver_msgs/msg/detail/sensormsgstate__type_support.hpp\n'}
[1.186047] (node_driver_msgs) StdoutLine: {'line': b'-- Up-to-date: /data/rl_deploy/install/node_driver_msgs/include/node_driver_msgs/node_driver_msgs/msg/detail/sensormsgcontrol__traits.hpp\n'}
[1.186149] (node_driver_msgs) StdoutLine: {'line': b'-- Up-to-date: /data/rl_deploy/install/node_driver_msgs/include/node_driver_msgs/node_driver_msgs/msg/detail/sensormsgstate__struct.hpp\n'}
[1.186249] (node_driver_msgs) StdoutLine: {'line': b'-- Up-to-date: /data/rl_deploy/install/node_driver_msgs/include/node_driver_msgs/node_driver_msgs/msg/detail/sensormsgcontrol__builder.hpp\n'}
[1.186347] (node_driver_msgs) StdoutLine: {'line': b'-- Up-to-date: /data/rl_deploy/install/node_driver_msgs/include/node_driver_msgs/node_driver_msgs/msg/detail/sensormsgcontrol__struct.hpp\n'}
[1.186446] (node_driver_msgs) StdoutLine: {'line': b'-- Up-to-date: /data/rl_deploy/install/node_driver_msgs/include/node_driver_msgs/node_driver_msgs/msg/detail/sensormsgstate__traits.hpp\n'}
[1.186563] (node_driver_msgs) StdoutLine: {'line': b'-- Up-to-date: /data/rl_deploy/install/node_driver_msgs/include/node_driver_msgs/node_driver_msgs/msg/detail/sensormsgcontrol__type_support.hpp\n'}
[1.186665] (node_driver_msgs) StdoutLine: {'line': b'-- Up-to-date: /data/rl_deploy/install/node_driver_msgs/include/node_driver_msgs/node_driver_msgs/msg/detail/sensormsgstate__builder.hpp\n'}
[1.186765] (node_driver_msgs) StdoutLine: {'line': b'-- Up-to-date: /data/rl_deploy/install/node_driver_msgs/include/node_driver_msgs/node_driver_msgs/msg/sensormsgstate.hpp\n'}
[1.186869] (node_driver_msgs) StdoutLine: {'line': b'-- Up-to-date: /data/rl_deploy/install/node_driver_msgs/include/node_driver_msgs/node_driver_msgs/msg/rosidl_generator_cpp__visibility_control.hpp\n'}
[1.186971] (node_driver_msgs) StdoutLine: {'line': b'-- Up-to-date: /data/rl_deploy/install/node_driver_msgs/include/node_driver_msgs/node_driver_msgs\n'}
[1.188219] (node_driver_msgs) StdoutLine: {'line': b'-- Up-to-date: /data/rl_deploy/install/node_driver_msgs/include/node_driver_msgs/node_driver_msgs/msg\n'}
[1.188376] (node_driver_msgs) StdoutLine: {'line': b'-- Up-to-date: /data/rl_deploy/install/node_driver_msgs/include/node_driver_msgs/node_driver_msgs/msg/rosidl_typesupport_fastrtps_cpp__visibility_control.h\n'}
[1.188499] (node_driver_msgs) StdoutLine: {'line': b'-- Up-to-date: /data/rl_deploy/install/node_driver_msgs/include/node_driver_msgs/node_driver_msgs/msg/detail\n'}
[1.188613] (node_driver_msgs) StdoutLine: {'line': b'-- Up-to-date: /data/rl_deploy/install/node_driver_msgs/include/node_driver_msgs/node_driver_msgs/msg/detail/dds_fastrtps\n'}
[1.188835] (node_driver_msgs) StdoutLine: {'line': b'-- Up-to-date: /data/rl_deploy/install/node_driver_msgs/include/node_driver_msgs/node_driver_msgs/msg/detail/sensormsgcontrol__rosidl_typesupport_fastrtps_cpp.hpp\n'}
[1.189024] (node_driver_msgs) StdoutLine: {'line': b'-- Up-to-date: /data/rl_deploy/install/node_driver_msgs/include/node_driver_msgs/node_driver_msgs/msg/detail/sensormsgstate__rosidl_typesupport_fastrtps_cpp.hpp\n'}
[1.189144] (node_driver_msgs) StdoutLine: {'line': b'-- Up-to-date: /data/rl_deploy/install/node_driver_msgs/lib/libnode_driver_msgs__rosidl_typesupport_fastrtps_cpp.so\n'}
[1.189254] (node_driver_msgs) StdoutLine: {'line': b'-- Up-to-date: /data/rl_deploy/install/node_driver_msgs/include/node_driver_msgs/node_driver_msgs\n'}
[1.189358] (node_driver_msgs) StdoutLine: {'line': b'-- Up-to-date: /data/rl_deploy/install/node_driver_msgs/include/node_driver_msgs/node_driver_msgs/msg\n'}
[1.189459] (node_driver_msgs) StdoutLine: {'line': b'-- Up-to-date: /data/rl_deploy/install/node_driver_msgs/include/node_driver_msgs/node_driver_msgs/msg/detail\n'}
[1.190470] (node_driver_msgs) StdoutLine: {'line': b'-- Up-to-date: /data/rl_deploy/install/node_driver_msgs/include/node_driver_msgs/node_driver_msgs/msg/detail/sensormsgstate__rosidl_typesupport_introspection_cpp.hpp\n'}
[1.190633] (node_driver_msgs) StdoutLine: {'line': b'-- Up-to-date: /data/rl_deploy/install/node_driver_msgs/include/node_driver_msgs/node_driver_msgs/msg/detail/sensormsgstate__type_support.cpp\n'}
[1.190758] (node_driver_msgs) StdoutLine: {'line': b'-- Up-to-date: /data/rl_deploy/install/node_driver_msgs/include/node_driver_msgs/node_driver_msgs/msg/detail/sensormsgcontrol__rosidl_typesupport_introspection_cpp.hpp\n'}
[1.191494] (node_driver_msgs) StdoutLine: {'line': b'-- Up-to-date: /data/rl_deploy/install/node_driver_msgs/include/node_driver_msgs/node_driver_msgs/msg/detail/sensormsgcontrol__type_support.cpp\n'}
[1.191798] (node_driver_msgs) StdoutLine: {'line': b'-- Up-to-date: /data/rl_deploy/install/node_driver_msgs/lib/libnode_driver_msgs__rosidl_typesupport_introspection_cpp.so\n'}
[1.191946] (node_driver_msgs) StdoutLine: {'line': b'-- Up-to-date: /data/rl_deploy/install/node_driver_msgs/lib/libnode_driver_msgs__rosidl_typesupport_cpp.so\n'}
[1.192070] (node_driver_msgs) StdoutLine: {'line': b'-- Up-to-date: /data/rl_deploy/install/node_driver_msgs/share/node_driver_msgs/environment/pythonpath.sh\n'}
[1.192179] (node_driver_msgs) StdoutLine: {'line': b'-- Up-to-date: /data/rl_deploy/install/node_driver_msgs/share/node_driver_msgs/environment/pythonpath.dsv\n'}
[1.192283] (node_driver_msgs) StdoutLine: {'line': b'-- Up-to-date: /data/rl_deploy/install/node_driver_msgs/local/lib/python3.10/dist-packages/node_driver_msgs-0.0.0-py3.10.egg-info\n'}
[1.192386] (node_driver_msgs) StdoutLine: {'line': b'-- Installing: /data/rl_deploy/install/node_driver_msgs/local/lib/python3.10/dist-packages/node_driver_msgs-0.0.0-py3.10.egg-info/top_level.txt\n'}
[1.192487] (node_driver_msgs) StdoutLine: {'line': b'-- Installing: /data/rl_deploy/install/node_driver_msgs/local/lib/python3.10/dist-packages/node_driver_msgs-0.0.0-py3.10.egg-info/PKG-INFO\n'}
[1.192588] (node_driver_msgs) StdoutLine: {'line': b'-- Installing: /data/rl_deploy/install/node_driver_msgs/local/lib/python3.10/dist-packages/node_driver_msgs-0.0.0-py3.10.egg-info/SOURCES.txt\n'}
[1.192690] (node_driver_msgs) StdoutLine: {'line': b'-- Installing: /data/rl_deploy/install/node_driver_msgs/local/lib/python3.10/dist-packages/node_driver_msgs-0.0.0-py3.10.egg-info/dependency_links.txt\n'}
[1.192791] (node_driver_msgs) StdoutLine: {'line': b'-- Up-to-date: /data/rl_deploy/install/node_driver_msgs/local/lib/python3.10/dist-packages/node_driver_msgs\n'}
[1.192896] (node_driver_msgs) StdoutLine: {'line': b'-- Up-to-date: /data/rl_deploy/install/node_driver_msgs/local/lib/python3.10/dist-packages/node_driver_msgs/_node_driver_msgs_s.ep.rosidl_typesupport_c.c\n'}
[1.193018] (node_driver_msgs) StdoutLine: {'line': b'-- Up-to-date: /data/rl_deploy/install/node_driver_msgs/local/lib/python3.10/dist-packages/node_driver_msgs/node_driver_msgs_s__rosidl_typesupport_fastrtps_c.cpython-310-aarch64-linux-gnu.so\n'}
[1.193144] (node_driver_msgs) StdoutLine: {'line': b'-- Up-to-date: /data/rl_deploy/install/node_driver_msgs/local/lib/python3.10/dist-packages/node_driver_msgs/_node_driver_msgs_s.ep.rosidl_typesupport_introspection_c.c\n'}
[1.193247] (node_driver_msgs) StdoutLine: {'line': b'-- Up-to-date: /data/rl_deploy/install/node_driver_msgs/local/lib/python3.10/dist-packages/node_driver_msgs/libnode_driver_msgs__rosidl_generator_py.so\n'}
[1.193347] (node_driver_msgs) StdoutLine: {'line': b'-- Up-to-date: /data/rl_deploy/install/node_driver_msgs/local/lib/python3.10/dist-packages/node_driver_msgs/node_driver_msgs_s__rosidl_typesupport_c.cpython-310-aarch64-linux-gnu.so\n'}
[1.193448] (node_driver_msgs) StdoutLine: {'line': b'-- Up-to-date: /data/rl_deploy/install/node_driver_msgs/local/lib/python3.10/dist-packages/node_driver_msgs/__init__.py\n'}
[1.193546] (node_driver_msgs) StdoutLine: {'line': b'-- Up-to-date: /data/rl_deploy/install/node_driver_msgs/local/lib/python3.10/dist-packages/node_driver_msgs/node_driver_msgs_s__rosidl_typesupport_introspection_c.cpython-310-aarch64-linux-gnu.so\n'}
[1.193647] (node_driver_msgs) StdoutLine: {'line': b'-- Up-to-date: /data/rl_deploy/install/node_driver_msgs/local/lib/python3.10/dist-packages/node_driver_msgs/_node_driver_msgs_s.ep.rosidl_typesupport_fastrtps_c.c\n'}
[1.193753] (node_driver_msgs) StdoutLine: {'line': b'-- Up-to-date: /data/rl_deploy/install/node_driver_msgs/local/lib/python3.10/dist-packages/node_driver_msgs/msg\n'}
[1.195453] (node_driver_msgs) StdoutLine: {'line': b'-- Up-to-date: /data/rl_deploy/install/node_driver_msgs/local/lib/python3.10/dist-packages/node_driver_msgs/msg/__init__.py\n'}
[1.195977] (node_driver_msgs) StdoutLine: {'line': b'-- Up-to-date: /data/rl_deploy/install/node_driver_msgs/local/lib/python3.10/dist-packages/node_driver_msgs/msg/_sensormsgstate_s.c\n'}
[1.196157] (node_driver_msgs) StdoutLine: {'line': b'-- Up-to-date: /data/rl_deploy/install/node_driver_msgs/local/lib/python3.10/dist-packages/node_driver_msgs/msg/_sensormsgcontrol.py\n'}
[1.196278] (node_driver_msgs) StdoutLine: {'line': b'-- Up-to-date: /data/rl_deploy/install/node_driver_msgs/local/lib/python3.10/dist-packages/node_driver_msgs/msg/_sensormsgstate.py\n'}
[1.196388] (node_driver_msgs) StdoutLine: {'line': b'-- Up-to-date: /data/rl_deploy/install/node_driver_msgs/local/lib/python3.10/dist-packages/node_driver_msgs/msg/_sensormsgcontrol_s.c\n'}
[1.202448] (-) TimerEvent: {}
[1.207035] (node_control_msgs) StdoutLine: {'line': b"Listing '/data/rl_deploy/install/node_control_msgs/local/lib/python3.10/dist-packages/node_control_msgs'...\n"}
[1.207560] (node_control_msgs) StdoutLine: {'line': b"Listing '/data/rl_deploy/install/node_control_msgs/local/lib/python3.10/dist-packages/node_control_msgs/msg'...\n"}
[1.207763] (node_control_msgs) StdoutLine: {'line': b"Listing '/data/rl_deploy/install/node_control_msgs/local/lib/python3.10/dist-packages/node_control_msgs/srv'...\n"}
[1.218309] (node_control_msgs) StdoutLine: {'line': b'-- Up-to-date: /data/rl_deploy/install/node_control_msgs/local/lib/python3.10/dist-packages/node_control_msgs/node_control_msgs_s__rosidl_typesupport_fastrtps_c.cpython-310-aarch64-linux-gnu.so\n'}
[1.219961] (node_control_msgs) StdoutLine: {'line': b'-- Up-to-date: /data/rl_deploy/install/node_control_msgs/local/lib/python3.10/dist-packages/node_control_msgs/node_control_msgs_s__rosidl_typesupport_introspection_c.cpython-310-aarch64-linux-gnu.so\n'}
[1.220235] (node_control_msgs) StdoutLine: {'line': b'-- Up-to-date: /data/rl_deploy/install/node_control_msgs/local/lib/python3.10/dist-packages/node_control_msgs/node_control_msgs_s__rosidl_typesupport_c.cpython-310-aarch64-linux-gnu.so\n'}
[1.220977] (node_control_msgs) StdoutLine: {'line': b'-- Up-to-date: /data/rl_deploy/install/node_control_msgs/lib/libnode_control_msgs__rosidl_generator_py.so\n'}
[1.221158] (node_control_msgs) StdoutLine: {'line': b'-- Up-to-date: /data/rl_deploy/install/node_control_msgs/share/ament_index/resource_index/rust_packages/node_control_msgs\n'}
[1.221312] (node_control_msgs) StdoutLine: {'line': b'-- Up-to-date: /data/rl_deploy/install/node_control_msgs/share/node_control_msgs/rust\n'}
[1.221438] (node_control_msgs) StdoutLine: {'line': b'-- Up-to-date: /data/rl_deploy/install/node_control_msgs/share/node_control_msgs/rust/Cargo.toml\n'}
[1.221548] (node_control_msgs) StdoutLine: {'line': b'-- Up-to-date: /data/rl_deploy/install/node_control_msgs/share/node_control_msgs/rust/src\n'}
[1.221774] (node_control_msgs) StdoutLine: {'line': b'-- Up-to-date: /data/rl_deploy/install/node_control_msgs/share/node_control_msgs/rust/src/lib.rs\n'}
[1.221996] (node_control_msgs) StdoutLine: {'line': b'-- Up-to-date: /data/rl_deploy/install/node_control_msgs/share/node_control_msgs/rust/src/srv.rs\n'}
[1.222123] (node_control_msgs) StdoutLine: {'line': b'-- Up-to-date: /data/rl_deploy/install/node_control_msgs/share/node_control_msgs/rust/src/srv\n'}
[1.222234] (node_control_msgs) StdoutLine: {'line': b'-- Up-to-date: /data/rl_deploy/install/node_control_msgs/share/node_control_msgs/rust/src/srv/rmw.rs\n'}
[1.222338] (node_control_msgs) StdoutLine: {'line': b'-- Up-to-date: /data/rl_deploy/install/node_control_msgs/share/node_control_msgs/rust/src/msg.rs\n'}
[1.222439] (node_control_msgs) StdoutLine: {'line': b'-- Up-to-date: /data/rl_deploy/install/node_control_msgs/share/node_control_msgs/rust/src/msg\n'}
[1.222540] (node_control_msgs) StdoutLine: {'line': b'-- Up-to-date: /data/rl_deploy/install/node_control_msgs/share/node_control_msgs/rust/src/msg/rmw.rs\n'}
[1.222829] (node_control_msgs) StdoutLine: {'line': b'-- Up-to-date: /data/rl_deploy/install/node_control_msgs/share/node_control_msgs/rust/build.rs\n'}
[1.222954] (node_control_msgs) StdoutLine: {'line': b'-- Up-to-date: /data/rl_deploy/install/node_control_msgs/share/node_control_msgs/msg/MotorCommandFeedback.idl\n'}
[1.223127] (node_control_msgs) StdoutLine: {'line': b'-- Up-to-date: /data/rl_deploy/install/node_control_msgs/share/node_control_msgs/msg/MotorCommand.idl\n'}
[1.223290] (node_control_msgs) StdoutLine: {'line': b'-- Up-to-date: /data/rl_deploy/install/node_control_msgs/share/node_control_msgs/msg/MotorConfig.idl\n'}
[1.223447] (node_control_msgs) StdoutLine: {'line': b'-- Up-to-date: /data/rl_deploy/install/node_control_msgs/share/node_control_msgs/msg/MotorConfigDev.idl\n'}
[1.223671] (node_control_msgs) StdoutLine: {'line': b'-- Up-to-date: /data/rl_deploy/install/node_control_msgs/share/node_control_msgs/msg/MotorControl.idl\n'}
[1.223971] (node_control_msgs) StdoutLine: {'line': b'-- Up-to-date: /data/rl_deploy/install/node_control_msgs/share/node_control_msgs/msg/MotorFeedback.idl\n'}
[1.224206] (node_control_msgs) StdoutLine: {'line': b'-- Up-to-date: /data/rl_deploy/install/node_control_msgs/share/node_control_msgs/msg/MotorHealth.idl\n'}
[1.224382] (node_control_msgs) StdoutLine: {'line': b'-- Up-to-date: /data/rl_deploy/install/node_control_msgs/share/node_control_msgs/msg/MotorHealthState.idl\n'}
[1.224534] (node_control_msgs) StdoutLine: {'line': b'-- Up-to-date: /data/rl_deploy/install/node_control_msgs/share/node_control_msgs/msg/MotorInfo.idl\n'}
[1.224826] (node_control_msgs) StdoutLine: {'line': b'-- Up-to-date: /data/rl_deploy/install/node_control_msgs/share/node_control_msgs/msg/MotorInfoValue.idl\n'}
[1.224947] (node_control_msgs) StdoutLine: {'line': b'-- Up-to-date: /data/rl_deploy/install/node_control_msgs/share/node_control_msgs/srv/MotorConfigStatus.idl\n'}
[1.225146] (node_control_msgs) StdoutLine: {'line': b'-- Up-to-date: /data/rl_deploy/install/node_control_msgs/share/node_control_msgs/msg/MotorCommandFeedback.msg\n'}
[1.225311] (node_control_msgs) StdoutLine: {'line': b'-- Up-to-date: /data/rl_deploy/install/node_control_msgs/share/node_control_msgs/msg/MotorCommand.msg\n'}
[1.225470] (node_control_msgs) StdoutLine: {'line': b'-- Up-to-date: /data/rl_deploy/install/node_control_msgs/share/node_control_msgs/msg/MotorConfig.msg\n'}
[1.225822] (node_control_msgs) StdoutLine: {'line': b'-- Up-to-date: /data/rl_deploy/install/node_control_msgs/share/node_control_msgs/msg/MotorConfigDev.msg\n'}
[1.225950] (node_control_msgs) StdoutLine: {'line': b'-- Up-to-date: /data/rl_deploy/install/node_control_msgs/share/node_control_msgs/msg/MotorControl.msg\n'}
[1.226062] (node_control_msgs) StdoutLine: {'line': b'-- Up-to-date: /data/rl_deploy/install/node_control_msgs/share/node_control_msgs/msg/MotorFeedback.msg\n'}
[1.226168] (node_control_msgs) StdoutLine: {'line': b'-- Up-to-date: /data/rl_deploy/install/node_control_msgs/share/node_control_msgs/msg/MotorHealth.msg\n'}
[1.226270] (node_control_msgs) StdoutLine: {'line': b'-- Up-to-date: /data/rl_deploy/install/node_control_msgs/share/node_control_msgs/msg/MotorHealthState.msg\n'}
[1.226417] (node_control_msgs) StdoutLine: {'line': b'-- Up-to-date: /data/rl_deploy/install/node_control_msgs/share/node_control_msgs/msg/MotorInfo.msg\n'}
[1.226526] (node_control_msgs) StdoutLine: {'line': b'-- Up-to-date: /data/rl_deploy/install/node_control_msgs/share/node_control_msgs/msg/MotorInfoValue.msg\n'}
[1.226830] (node_control_msgs) StdoutLine: {'line': b'-- Up-to-date: /data/rl_deploy/install/node_control_msgs/share/node_control_msgs/srv/MotorConfigStatus.srv\n'}
[1.226954] (node_control_msgs) StdoutLine: {'line': b'-- Up-to-date: /data/rl_deploy/install/node_control_msgs/share/node_control_msgs/srv/MotorConfigStatus_Request.msg\n'}
[1.227068] (node_driver_msgs) StdoutLine: {'line': b"Listing '/data/rl_deploy/install/node_driver_msgs/local/lib/python3.10/dist-packages/node_driver_msgs'...\n"}
[1.227247] (node_driver_msgs) StdoutLine: {'line': b"Listing '/data/rl_deploy/install/node_driver_msgs/local/lib/python3.10/dist-packages/node_driver_msgs/msg'...\n"}
[1.227415] (node_control_msgs) StdoutLine: {'line': b'-- Up-to-date: /data/rl_deploy/install/node_control_msgs/share/node_control_msgs/srv/MotorConfigStatus_Response.msg\n'}
[1.227523] (node_control_msgs) StdoutLine: {'line': b'-- Up-to-date: /data/rl_deploy/install/node_control_msgs/share/ament_index/resource_index/package_run_dependencies/node_control_msgs\n'}
[1.228100] (node_control_msgs) StdoutLine: {'line': b'-- Up-to-date: /data/rl_deploy/install/node_control_msgs/share/ament_index/resource_index/parent_prefix_path/node_control_msgs\n'}
[1.228308] (node_control_msgs) StdoutLine: {'line': b'-- Up-to-date: /data/rl_deploy/install/node_control_msgs/share/node_control_msgs/environment/ament_prefix_path.sh\n'}
[1.228475] (node_control_msgs) StdoutLine: {'line': b'-- Up-to-date: /data/rl_deploy/install/node_control_msgs/share/node_control_msgs/environment/ament_prefix_path.dsv\n'}
[1.228812] (node_control_msgs) StdoutLine: {'line': b'-- Up-to-date: /data/rl_deploy/install/node_control_msgs/share/node_control_msgs/environment/path.sh\n'}
[1.228978] (node_control_msgs) StdoutLine: {'line': b'-- Up-to-date: /data/rl_deploy/install/node_control_msgs/share/node_control_msgs/environment/path.dsv\n'}
[1.229095] (node_control_msgs) StdoutLine: {'line': b'-- Up-to-date: /data/rl_deploy/install/node_control_msgs/share/node_control_msgs/local_setup.bash\n'}
[1.229204] (node_control_msgs) StdoutLine: {'line': b'-- Up-to-date: /data/rl_deploy/install/node_control_msgs/share/node_control_msgs/local_setup.sh\n'}
[1.229363] (node_control_msgs) StdoutLine: {'line': b'-- Up-to-date: /data/rl_deploy/install/node_control_msgs/share/node_control_msgs/local_setup.zsh\n'}
[1.229503] (node_control_msgs) StdoutLine: {'line': b'-- Up-to-date: /data/rl_deploy/install/node_control_msgs/share/node_control_msgs/local_setup.dsv\n'}
[1.229718] (node_control_msgs) StdoutLine: {'line': b'-- Installing: /data/rl_deploy/install/node_control_msgs/share/node_control_msgs/package.dsv\n'}
[1.229927] (node_control_msgs) StdoutLine: {'line': b'-- Up-to-date: /data/rl_deploy/install/node_control_msgs/share/ament_index/resource_index/packages/node_control_msgs\n'}
[1.230060] (node_control_msgs) StdoutLine: {'line': b'-- Up-to-date: /data/rl_deploy/install/node_control_msgs/share/node_control_msgs/cmake/export_node_control_msgs__rosidl_generator_cExport.cmake\n'}
[1.230315] (node_control_msgs) StdoutLine: {'line': b'-- Up-to-date: /data/rl_deploy/install/node_control_msgs/share/node_control_msgs/cmake/export_node_control_msgs__rosidl_generator_cExport-noconfig.cmake\n'}
[1.230511] (node_control_msgs) StdoutLine: {'line': b'-- Up-to-date: /data/rl_deploy/install/node_control_msgs/share/node_control_msgs/cmake/export_node_control_msgs__rosidl_typesupport_fastrtps_cExport.cmake\n'}
[1.230853] (node_control_msgs) StdoutLine: {'line': b'-- Up-to-date: /data/rl_deploy/install/node_control_msgs/share/node_control_msgs/cmake/export_node_control_msgs__rosidl_typesupport_fastrtps_cExport-noconfig.cmake\n'}
[1.230981] (node_control_msgs) StdoutLine: {'line': b'-- Up-to-date: /data/rl_deploy/install/node_control_msgs/share/node_control_msgs/cmake/node_control_msgs__rosidl_typesupport_introspection_cExport.cmake\n'}
[1.231092] (node_control_msgs) StdoutLine: {'line': b'-- Up-to-date: /data/rl_deploy/install/node_control_msgs/share/node_control_msgs/cmake/node_control_msgs__rosidl_typesupport_introspection_cExport-noconfig.cmake\n'}
[1.231236] (node_control_msgs) StdoutLine: {'line': b'-- Up-to-date: /data/rl_deploy/install/node_control_msgs/share/node_control_msgs/cmake/node_control_msgs__rosidl_typesupport_cExport.cmake\n'}
[1.231344] (node_control_msgs) StdoutLine: {'line': b'-- Up-to-date: /data/rl_deploy/install/node_control_msgs/share/node_control_msgs/cmake/node_control_msgs__rosidl_typesupport_cExport-noconfig.cmake\n'}
[1.231460] (node_control_msgs) StdoutLine: {'line': b'-- Up-to-date: /data/rl_deploy/install/node_control_msgs/share/node_control_msgs/cmake/export_node_control_msgs__rosidl_generator_cppExport.cmake\n'}
[1.231957] (node_control_msgs) StdoutLine: {'line': b'-- Up-to-date: /data/rl_deploy/install/node_control_msgs/share/node_control_msgs/cmake/export_node_control_msgs__rosidl_typesupport_fastrtps_cppExport.cmake\n'}
[1.232101] (node_control_msgs) StdoutLine: {'line': b'-- Up-to-date: /data/rl_deploy/install/node_control_msgs/share/node_control_msgs/cmake/export_node_control_msgs__rosidl_typesupport_fastrtps_cppExport-noconfig.cmake\n'}
[1.232216] (node_control_msgs) StdoutLine: {'line': b'-- Up-to-date: /data/rl_deploy/install/node_control_msgs/share/node_control_msgs/cmake/node_control_msgs__rosidl_typesupport_introspection_cppExport.cmake\n'}
[1.232326] (node_control_msgs) StdoutLine: {'line': b'-- Up-to-date: /data/rl_deploy/install/node_control_msgs/share/node_control_msgs/cmake/node_control_msgs__rosidl_typesupport_introspection_cppExport-noconfig.cmake\n'}
[1.232431] (node_control_msgs) StdoutLine: {'line': b'-- Up-to-date: /data/rl_deploy/install/node_control_msgs/share/node_control_msgs/cmake/node_control_msgs__rosidl_typesupport_cppExport.cmake\n'}
[1.232537] (node_control_msgs) StdoutLine: {'line': b'-- Up-to-date: /data/rl_deploy/install/node_control_msgs/share/node_control_msgs/cmake/node_control_msgs__rosidl_typesupport_cppExport-noconfig.cmake\n'}
[1.232943] (node_control_msgs) StdoutLine: {'line': b'-- Up-to-date: /data/rl_deploy/install/node_control_msgs/share/node_control_msgs/cmake/export_node_control_msgs__rosidl_generator_pyExport.cmake\n'}
[1.233073] (node_control_msgs) StdoutLine: {'line': b'-- Up-to-date: /data/rl_deploy/install/node_control_msgs/share/node_control_msgs/cmake/export_node_control_msgs__rosidl_generator_pyExport-noconfig.cmake\n'}
[1.233183] (node_control_msgs) StdoutLine: {'line': b'-- Up-to-date: /data/rl_deploy/install/node_control_msgs/share/node_control_msgs/cmake/rosidl_cmake-extras.cmake\n'}
[1.233294] (node_control_msgs) StdoutLine: {'line': b'-- Up-to-date: /data/rl_deploy/install/node_control_msgs/share/node_control_msgs/cmake/ament_cmake_export_dependencies-extras.cmake\n'}
[1.233401] (node_control_msgs) StdoutLine: {'line': b'-- Up-to-date: /data/rl_deploy/install/node_control_msgs/share/node_control_msgs/cmake/ament_cmake_export_include_directories-extras.cmake\n'}
[1.233506] (node_control_msgs) StdoutLine: {'line': b'-- Up-to-date: /data/rl_deploy/install/node_control_msgs/share/node_control_msgs/cmake/ament_cmake_export_libraries-extras.cmake\n'}
[1.233912] (node_control_msgs) StdoutLine: {'line': b'-- Up-to-date: /data/rl_deploy/install/node_control_msgs/share/node_control_msgs/cmake/ament_cmake_export_targets-extras.cmake\n'}
[1.234045] (node_control_msgs) StdoutLine: {'line': b'-- Up-to-date: /data/rl_deploy/install/node_control_msgs/share/node_control_msgs/cmake/rosidl_cmake_export_typesupport_targets-extras.cmake\n'}
[1.234160] (node_control_msgs) StdoutLine: {'line': b'-- Up-to-date: /data/rl_deploy/install/node_control_msgs/share/node_control_msgs/cmake/rosidl_cmake_export_typesupport_libraries-extras.cmake\n'}
[1.234265] (node_control_msgs) StdoutLine: {'line': b'-- Up-to-date: /data/rl_deploy/install/node_control_msgs/share/node_control_msgs/cmake/node_control_msgsConfig.cmake\n'}
[1.234366] (node_control_msgs) StdoutLine: {'line': b'-- Up-to-date: /data/rl_deploy/install/node_control_msgs/share/node_control_msgs/cmake/node_control_msgsConfig-version.cmake\n'}
[1.234468] (node_control_msgs) StdoutLine: {'line': b'-- Up-to-date: /data/rl_deploy/install/node_control_msgs/share/node_control_msgs/package.xml\n'}
[1.236668] (node_control_msgs) CommandEnded: {'returncode': 0}
[1.237679] (node_driver_msgs) StdoutLine: {'line': b'-- Up-to-date: /data/rl_deploy/install/node_driver_msgs/local/lib/python3.10/dist-packages/node_driver_msgs/node_driver_msgs_s__rosidl_typesupport_fastrtps_c.cpython-310-aarch64-linux-gnu.so\n'}
[1.238275] (node_driver_msgs) StdoutLine: {'line': b'-- Up-to-date: /data/rl_deploy/install/node_driver_msgs/local/lib/python3.10/dist-packages/node_driver_msgs/node_driver_msgs_s__rosidl_typesupport_introspection_c.cpython-310-aarch64-linux-gnu.so\n'}
[1.238564] (node_driver_msgs) StdoutLine: {'line': b'-- Up-to-date: /data/rl_deploy/install/node_driver_msgs/local/lib/python3.10/dist-packages/node_driver_msgs/node_driver_msgs_s__rosidl_typesupport_c.cpython-310-aarch64-linux-gnu.so\n'}
[1.239166] (node_driver_msgs) StdoutLine: {'line': b'-- Up-to-date: /data/rl_deploy/install/node_driver_msgs/lib/libnode_driver_msgs__rosidl_generator_py.so\n'}
[1.240021] (node_driver_msgs) StdoutLine: {'line': b'-- Up-to-date: /data/rl_deploy/install/node_driver_msgs/share/ament_index/resource_index/rust_packages/node_driver_msgs\n'}
[1.240476] (node_driver_msgs) StdoutLine: {'line': b'-- Up-to-date: /data/rl_deploy/install/node_driver_msgs/share/node_driver_msgs/rust\n'}
[1.248657] (node_driver_msgs) StdoutLine: {'line': b'-- Up-to-date: /data/rl_deploy/install/node_driver_msgs/share/node_driver_msgs/rust/Cargo.toml\n'}
[1.249723] (node_driver_msgs) StdoutLine: {'line': b'-- Up-to-date: /data/rl_deploy/install/node_driver_msgs/share/node_driver_msgs/rust/src\n'}
[1.251251] (node_driver_msgs) StdoutLine: {'line': b'-- Up-to-date: /data/rl_deploy/install/node_driver_msgs/share/node_driver_msgs/rust/src/lib.rs\n'}
[1.251471] (node_driver_msgs) StdoutLine: {'line': b'-- Up-to-date: /data/rl_deploy/install/node_driver_msgs/share/node_driver_msgs/rust/src/msg.rs\n'}
[1.252843] (node_driver_msgs) StdoutLine: {'line': b'-- Up-to-date: /data/rl_deploy/install/node_driver_msgs/share/node_driver_msgs/rust/src/msg\n'}
[1.253714] (node_driver_msgs) StdoutLine: {'line': b'-- Up-to-date: /data/rl_deploy/install/node_driver_msgs/share/node_driver_msgs/rust/src/msg/rmw.rs\n'}
[1.254092] (node_driver_msgs) StdoutLine: {'line': b'-- Up-to-date: /data/rl_deploy/install/node_driver_msgs/share/node_driver_msgs/rust/build.rs\n'}
[1.254314] (node_driver_msgs) StdoutLine: {'line': b'-- Up-to-date: /data/rl_deploy/install/node_driver_msgs/share/node_driver_msgs/msg/Sensormsgcontrol.idl\n'}
[1.255047] (node_driver_msgs) StdoutLine: {'line': b'-- Up-to-date: /data/rl_deploy/install/node_driver_msgs/share/node_driver_msgs/msg/Sensormsgstate.idl\n'}
[1.256383] (node_driver_msgs) StdoutLine: {'line': b'-- Up-to-date: /data/rl_deploy/install/node_driver_msgs/share/node_driver_msgs/msg/Sensormsgcontrol.msg\n'}
[1.256654] (node_driver_msgs) StdoutLine: {'line': b'-- Up-to-date: /data/rl_deploy/install/node_driver_msgs/share/node_driver_msgs/msg/Sensormsgstate.msg\n'}
[1.257092] (node_driver_msgs) StdoutLine: {'line': b'-- Up-to-date: /data/rl_deploy/install/node_driver_msgs/share/ament_index/resource_index/package_run_dependencies/node_driver_msgs\n'}
[1.257959] (node_driver_msgs) StdoutLine: {'line': b'-- Up-to-date: /data/rl_deploy/install/node_driver_msgs/share/ament_index/resource_index/parent_prefix_path/node_driver_msgs\n'}
[1.258556] (node_driver_msgs) StdoutLine: {'line': b'-- Up-to-date: /data/rl_deploy/install/node_driver_msgs/share/node_driver_msgs/environment/ament_prefix_path.sh\n'}
[1.259667] (node_driver_msgs) StdoutLine: {'line': b'-- Up-to-date: /data/rl_deploy/install/node_driver_msgs/share/node_driver_msgs/environment/ament_prefix_path.dsv\n'}
[1.259973] (node_driver_msgs) StdoutLine: {'line': b'-- Up-to-date: /data/rl_deploy/install/node_driver_msgs/share/node_driver_msgs/environment/path.sh\n'}
[1.260503] (node_driver_msgs) StdoutLine: {'line': b'-- Up-to-date: /data/rl_deploy/install/node_driver_msgs/share/node_driver_msgs/environment/path.dsv\n'}
[1.260764] (node_driver_msgs) StdoutLine: {'line': b'-- Up-to-date: /data/rl_deploy/install/node_driver_msgs/share/node_driver_msgs/local_setup.bash\n'}
[1.261022] (node_driver_msgs) StdoutLine: {'line': b'-- Up-to-date: /data/rl_deploy/install/node_driver_msgs/share/node_driver_msgs/local_setup.sh\n'}
[1.261483] (node_driver_msgs) StdoutLine: {'line': b'-- Up-to-date: /data/rl_deploy/install/node_driver_msgs/share/node_driver_msgs/local_setup.zsh\n'}
[1.261705] (node_driver_msgs) StdoutLine: {'line': b'-- Up-to-date: /data/rl_deploy/install/node_driver_msgs/share/node_driver_msgs/local_setup.dsv\n'}
[1.262165] (node_driver_msgs) StdoutLine: {'line': b'-- Installing: /data/rl_deploy/install/node_driver_msgs/share/node_driver_msgs/package.dsv\n'}
[1.262362] (node_driver_msgs) StdoutLine: {'line': b'-- Up-to-date: /data/rl_deploy/install/node_driver_msgs/share/ament_index/resource_index/packages/node_driver_msgs\n'}
[1.262546] (node_driver_msgs) StdoutLine: {'line': b'-- Up-to-date: /data/rl_deploy/install/node_driver_msgs/share/node_driver_msgs/cmake/export_node_driver_msgs__rosidl_generator_cExport.cmake\n'}
[1.263167] (node_driver_msgs) StdoutLine: {'line': b'-- Up-to-date: /data/rl_deploy/install/node_driver_msgs/share/node_driver_msgs/cmake/export_node_driver_msgs__rosidl_generator_cExport-noconfig.cmake\n'}
[1.264023] (node_driver_msgs) StdoutLine: {'line': b'-- Up-to-date: /data/rl_deploy/install/node_driver_msgs/share/node_driver_msgs/cmake/export_node_driver_msgs__rosidl_typesupport_fastrtps_cExport.cmake\n'}
[1.264218] (node_driver_msgs) StdoutLine: {'line': b'-- Up-to-date: /data/rl_deploy/install/node_driver_msgs/share/node_driver_msgs/cmake/export_node_driver_msgs__rosidl_typesupport_fastrtps_cExport-noconfig.cmake\n'}
[1.264339] (node_driver_msgs) StdoutLine: {'line': b'-- Up-to-date: /data/rl_deploy/install/node_driver_msgs/share/node_driver_msgs/cmake/node_driver_msgs__rosidl_typesupport_introspection_cExport.cmake\n'}
[1.264449] (node_driver_msgs) StdoutLine: {'line': b'-- Up-to-date: /data/rl_deploy/install/node_driver_msgs/share/node_driver_msgs/cmake/node_driver_msgs__rosidl_typesupport_introspection_cExport-noconfig.cmake\n'}
[1.264555] (node_driver_msgs) StdoutLine: {'line': b'-- Up-to-date: /data/rl_deploy/install/node_driver_msgs/share/node_driver_msgs/cmake/node_driver_msgs__rosidl_typesupport_cExport.cmake\n'}
[1.265103] (node_driver_msgs) StdoutLine: {'line': b'-- Up-to-date: /data/rl_deploy/install/node_driver_msgs/share/node_driver_msgs/cmake/node_driver_msgs__rosidl_typesupport_cExport-noconfig.cmake\n'}
[1.265501] (node_driver_msgs) StdoutLine: {'line': b'-- Up-to-date: /data/rl_deploy/install/node_driver_msgs/share/node_driver_msgs/cmake/export_node_driver_msgs__rosidl_generator_cppExport.cmake\n'}
[1.265647] (node_driver_msgs) StdoutLine: {'line': b'-- Up-to-date: /data/rl_deploy/install/node_driver_msgs/share/node_driver_msgs/cmake/export_node_driver_msgs__rosidl_typesupport_fastrtps_cppExport.cmake\n'}
[1.266018] (node_driver_msgs) StdoutLine: {'line': b'-- Up-to-date: /data/rl_deploy/install/node_driver_msgs/share/node_driver_msgs/cmake/export_node_driver_msgs__rosidl_typesupport_fastrtps_cppExport-noconfig.cmake\n'}
[1.266666] (node_driver_msgs) StdoutLine: {'line': b'-- Up-to-date: /data/rl_deploy/install/node_driver_msgs/share/node_driver_msgs/cmake/node_driver_msgs__rosidl_typesupport_introspection_cppExport.cmake\n'}
[1.267513] (node_driver_msgs) StdoutLine: {'line': b'-- Up-to-date: /data/rl_deploy/install/node_driver_msgs/share/node_driver_msgs/cmake/node_driver_msgs__rosidl_typesupport_introspection_cppExport-noconfig.cmake\n'}
[1.267835] (node_driver_msgs) StdoutLine: {'line': b'-- Up-to-date: /data/rl_deploy/install/node_driver_msgs/share/node_driver_msgs/cmake/node_driver_msgs__rosidl_typesupport_cppExport.cmake\n'}
[1.270036] (node_driver_msgs) StdoutLine: {'line': b'-- Up-to-date: /data/rl_deploy/install/node_driver_msgs/share/node_driver_msgs/cmake/node_driver_msgs__rosidl_typesupport_cppExport-noconfig.cmake\n'}
[1.271653] (node_driver_msgs) StdoutLine: {'line': b'-- Up-to-date: /data/rl_deploy/install/node_driver_msgs/share/node_driver_msgs/cmake/export_node_driver_msgs__rosidl_generator_pyExport.cmake\n'}
[1.272162] (node_driver_msgs) StdoutLine: {'line': b'-- Up-to-date: /data/rl_deploy/install/node_driver_msgs/share/node_driver_msgs/cmake/export_node_driver_msgs__rosidl_generator_pyExport-noconfig.cmake\n'}
[1.272417] (node_driver_msgs) StdoutLine: {'line': b'-- Up-to-date: /data/rl_deploy/install/node_driver_msgs/share/node_driver_msgs/cmake/rosidl_cmake-extras.cmake\n'}
[1.272580] (node_driver_msgs) StdoutLine: {'line': b'-- Up-to-date: /data/rl_deploy/install/node_driver_msgs/share/node_driver_msgs/cmake/ament_cmake_export_dependencies-extras.cmake\n'}
[1.273255] (node_driver_msgs) StdoutLine: {'line': b'-- Up-to-date: /data/rl_deploy/install/node_driver_msgs/share/node_driver_msgs/cmake/ament_cmake_export_include_directories-extras.cmake\n'}
[1.273524] (node_driver_msgs) StdoutLine: {'line': b'-- Up-to-date: /data/rl_deploy/install/node_driver_msgs/share/node_driver_msgs/cmake/ament_cmake_export_libraries-extras.cmake\n'}
[1.274588] (node_driver_msgs) StdoutLine: {'line': b'-- Up-to-date: /data/rl_deploy/install/node_driver_msgs/share/node_driver_msgs/cmake/ament_cmake_export_targets-extras.cmake\n'}
[1.274872] (node_driver_msgs) StdoutLine: {'line': b'-- Up-to-date: /data/rl_deploy/install/node_driver_msgs/share/node_driver_msgs/cmake/rosidl_cmake_export_typesupport_targets-extras.cmake\n'}
[1.275170] (node_driver_msgs) StdoutLine: {'line': b'-- Up-to-date: /data/rl_deploy/install/node_driver_msgs/share/node_driver_msgs/cmake/rosidl_cmake_export_typesupport_libraries-extras.cmake\n'}
[1.275471] (node_driver_msgs) StdoutLine: {'line': b'-- Up-to-date: /data/rl_deploy/install/node_driver_msgs/share/node_driver_msgs/cmake/node_driver_msgsConfig.cmake\n'}
[1.275675] (node_driver_msgs) StdoutLine: {'line': b'-- Up-to-date: /data/rl_deploy/install/node_driver_msgs/share/node_driver_msgs/cmake/node_driver_msgsConfig-version.cmake\n'}
[1.275953] (node_driver_msgs) StdoutLine: {'line': b'-- Up-to-date: /data/rl_deploy/install/node_driver_msgs/share/node_driver_msgs/package.xml\n'}
[1.302682] (-) TimerEvent: {}
[1.303428] (node_control_msgs) JobEnded: {'identifier': 'node_control_msgs', 'rc': 0}
[1.306173] (robot_msgs) JobStarted: {'identifier': 'robot_msgs'}
[1.311839] (node_app_msgs) JobStarted: {'identifier': 'node_app_msgs'}
[1.319882] (node_driver_msgs) CommandEnded: {'returncode': 0}
[1.357269] (node_driver_msgs) JobEnded: {'identifier': 'node_driver_msgs', 'rc': 0}
[1.359884] (robot_msgs) JobProgress: {'identifier': 'robot_msgs', 'progress': 'cmake'}
[1.361109] (robot_msgs) JobProgress: {'identifier': 'robot_msgs', 'progress': 'build'}
[1.362136] (robot_msgs) Command: {'cmd': ['/usr/local/bin/cmake', '--build', '/data/rl_deploy/build/robot_msgs', '--', '-j8', '-l8'], 'cwd': '/data/rl_deploy/build/robot_msgs', 'env': OrderedDict([('LESSOPEN', '| /usr/bin/lesspipe %s'), ('USER', 'root'), ('SSH_CLIENT', '192.168.8.113 50272 22'), ('LC_TIME', 'zh_CN.UTF-8'), ('XDG_SESSION_TYPE', 'tty'), ('GIT_ASKPASS', '/root/.vscode-server/cli/servers/Stable-61b3d0ab13be7dda2389f1d3e60a119c7f660cc3/server/extensions/git/dist/askpass.sh'), ('SHLVL', '2'), ('LD_LIBRARY_PATH', '/data/rl_deploy/install/node_control_msgs/lib:/opt/ros/humble/lib/aarch64-linux-gnu:/opt/ros/humble/lib:/app/lib:/app/lib:/usr/local/cuda-12/lib64:/usr/local/cuda-12/lib64:/usr/local/cuda-12/lib64'), ('BROWSER', '/root/.vscode-server/cli/servers/Stable-61b3d0ab13be7dda2389f1d3e60a119c7f660cc3/server/bin/helpers/browser.sh'), ('LYOS_LOCALHOST_ONLY', '1'), ('MOTD_SHOWN', 'pam'), ('HOME', '/root'), ('OLDPWD', '/root/.vscode-server'), ('TERM_PROGRAM_VERSION', '1.110.1'), ('VSCODE_IPC_HOOK_CLI', '/run/user/0/vscode-ipc-2d12e5c4-ef4a-4996-a4ea-3ebfab8c4620.sock'), ('JETSON_L4T', '36.4.4'), ('ROS_PYTHON_VERSION', '3'), ('JETSON_MODEL', 'NVIDIA Jetson Orin NX Engineering Reference Developer Kit Super'), ('VSCODE_GIT_ASKPASS_MAIN', '/root/.vscode-server/cli/servers/Stable-61b3d0ab13be7dda2389f1d3e60a119c7f660cc3/server/extensions/git/dist/askpass-main.js'), ('LC_MONETARY', 'zh_CN.UTF-8'), ('VSCODE_GIT_ASKPASS_NODE', '/root/.vscode-server/cli/servers/Stable-61b3d0ab13be7dda2389f1d3e60a119c7f660cc3/server/node'), ('VSCODE_PYTHON_AUTOACTIVATE_GUARD', '1'), ('DBUS_SESSION_BUS_ADDRESS', 'unix:path=/run/user/0/bus'), ('COLORTERM', 'truecolor'), ('LYOS_DOMAIN_ID', '18:45:b3:02:00:08'), ('DEBUGINFOD_URLS', ''), ('ROS_DISTRO', 'humble'), ('LOGNAME', 'root'), ('JETSON_MODULE', 'NVIDIA Jetson Orin NX (16GB ram)'), ('JETSON_SERIAL_NUMBER', 'DummySN'), ('_', '/usr/bin/colcon'), ('ROS_VERSION', '2'), ('XDG_SESSION_CLASS', 'user'), ('TERM', 'xterm-256color'), ('XDG_SESSION_ID', '5'), ('ROS_LOCALHOST_ONLY', '1'), ('PATH', '/root/.vscode-server/cli/servers/Stable-61b3d0ab13be7dda2389f1d3e60a119c7f660cc3/server/bin/remote-cli:/opt/ros/humble/bin:/usr/local/sbin:/usr/local/bin:/usr/sbin:/usr/bin:/sbin:/bin:/usr/games:/usr/local/games:/snap/bin:/app/bin:/app/bin:/usr/local/cuda-12/bin:/usr/local/cuda-12/bin:/usr/local/cuda-12/bin'), ('LC_ADDRESS', 'zh_CN.UTF-8'), ('XDG_RUNTIME_DIR', '/run/user/0'), ('LANG', 'en_US.UTF-8'), ('LC_TELEPHONE', 'zh_CN.UTF-8'), ('LS_COLORS', 'rs=0:di=01;34:ln=01;36:mh=00:pi=40;33:so=01;35:do=01;35:bd=40;33;01:cd=40;33;01:or=40;31;01:mi=00:su=37;41:sg=30;43:ca=30;41:tw=30;42:ow=34;42:st=37;44:ex=01;32:*.tar=01;31:*.tgz=01;31:*.arc=01;31:*.arj=01;31:*.taz=01;31:*.lha=01;31:*.lz4=01;31:*.lzh=01;31:*.lzma=01;31:*.tlz=01;31:*.txz=01;31:*.tzo=01;31:*.t7z=01;31:*.zip=01;31:*.z=01;31:*.dz=01;31:*.gz=01;31:*.lrz=01;31:*.lz=01;31:*.lzo=01;31:*.xz=01;31:*.zst=01;31:*.tzst=01;31:*.bz2=01;31:*.bz=01;31:*.tbz=01;31:*.tbz2=01;31:*.tz=01;31:*.deb=01;31:*.rpm=01;31:*.jar=01;31:*.war=01;31:*.ear=01;31:*.sar=01;31:*.rar=01;31:*.alz=01;31:*.ace=01;31:*.zoo=01;31:*.cpio=01;31:*.7z=01;31:*.rz=01;31:*.cab=01;31:*.wim=01;31:*.swm=01;31:*.dwm=01;31:*.esd=01;31:*.jpg=01;35:*.jpeg=01;35:*.mjpg=01;35:*.mjpeg=01;35:*.gif=01;35:*.bmp=01;35:*.pbm=01;35:*.pgm=01;35:*.ppm=01;35:*.tga=01;35:*.xbm=01;35:*.xpm=01;35:*.tif=01;35:*.tiff=01;35:*.png=01;35:*.svg=01;35:*.svgz=01;35:*.mng=01;35:*.pcx=01;35:*.mov=01;35:*.mpg=01;35:*.mpeg=01;35:*.m2v=01;35:*.mkv=01;35:*.webm=01;35:*.webp=01;35:*.ogm=01;35:*.mp4=01;35:*.m4v=01;35:*.mp4v=01;35:*.vob=01;35:*.qt=01;35:*.nuv=01;35:*.wmv=01;35:*.asf=01;35:*.rm=01;35:*.rmvb=01;35:*.flc=01;35:*.avi=01;35:*.fli=01;35:*.flv=01;35:*.gl=01;35:*.dl=01;35:*.xcf=01;35:*.xwd=01;35:*.yuv=01;35:*.cgm=01;35:*.emf=01;35:*.ogv=01;35:*.ogx=01;35:*.aac=00;36:*.au=00;36:*.flac=00;36:*.m4a=00;36:*.mid=00;36:*.midi=00;36:*.mka=00;36:*.mp3=00;36:*.mpc=00;36:*.ogg=00;36:*.ra=00;36:*.wav=00;36:*.oga=00;36:*.opus=00;36:*.spx=00;36:*.xspf=00;36:'), ('JETSON_SOC', 'tegra234'), ('VSCODE_GIT_IPC_HANDLE', '/run/user/0/vscode-git-994ffc2805.sock'), ('TERM_PROGRAM', 'vscode'), ('ROSDISTRO_INDEX_URL', 'https://mirrors.tuna.tsinghua.edu.cn/rosdistro/index_v4.yaml'), ('ROS_DOMAIN_ID', '193'), ('AMENT_PREFIX_PATH', '/data/rl_deploy/install/node_control_msgs:/opt/ros/humble'), ('SHELL', '/bin/bash'), ('LC_NAME', 'zh_CN.UTF-8'), ('LESSCLOSE', '/usr/bin/lesspipe %s %s'), ('LC_MEASUREMENT', 'zh_CN.UTF-8'), ('LC_IDENTIFICATION', 'zh_CN.UTF-8'), ('VSCODE_GIT_ASKPASS_EXTRA_ARGS', ''), ('JETSON_CUDA_ARCH_BIN', '8.7'), ('PWD', '/data/rl_deploy/build/robot_msgs'), ('LC_ALL', 'en_US.UTF-8'), ('SSH_CONNECTION', '192.168.8.113 50272 192.168.8.111 22'), ('XDG_DATA_DIRS', '/usr/share/gnome:/usr/local/share:/usr/share:/var/lib/snapd/desktop'), ('PYTHONPATH', '/data/rl_deploy/install/node_control_msgs/local/lib/python3.10/dist-packages:/opt/ros/humble/lib/python3.10/site-packages:/opt/ros/humble/local/lib/python3.10/dist-packages'), ('LC_NUMERIC', 'zh_CN.UTF-8'), ('LC_PAPER', 'zh_CN.UTF-8'), ('COLCON', '1'), ('JETSON_JETPACK', '6.2.1'), ('JETSON_P_NUMBER', 'p3767-0000'), ('CMAKE_PREFIX_PATH', '/data/rl_deploy/install/node_control_msgs:/opt/ros/humble')]), 'shell': False}
[1.366708] (node_app_msgs) JobProgress: {'identifier': 'node_app_msgs', 'progress': 'cmake'}
[1.367865] (node_app_msgs) JobProgress: {'identifier': 'node_app_msgs', 'progress': 'build'}
[1.368425] (node_app_msgs) Command: {'cmd': ['/usr/local/bin/cmake', '--build', '/data/rl_deploy/build/node_app_msgs', '--', '-j8', '-l8'], 'cwd': '/data/rl_deploy/build/node_app_msgs', 'env': OrderedDict([('LESSOPEN', '| /usr/bin/lesspipe %s'), ('USER', 'root'), ('SSH_CLIENT', '192.168.8.113 50272 22'), ('LC_TIME', 'zh_CN.UTF-8'), ('XDG_SESSION_TYPE', 'tty'), ('GIT_ASKPASS', '/root/.vscode-server/cli/servers/Stable-61b3d0ab13be7dda2389f1d3e60a119c7f660cc3/server/extensions/git/dist/askpass.sh'), ('SHLVL', '2'), ('LD_LIBRARY_PATH', '/data/rl_deploy/install/node_control_msgs/lib:/opt/ros/humble/lib/aarch64-linux-gnu:/opt/ros/humble/lib:/app/lib:/app/lib:/usr/local/cuda-12/lib64:/usr/local/cuda-12/lib64:/usr/local/cuda-12/lib64'), ('BROWSER', '/root/.vscode-server/cli/servers/Stable-61b3d0ab13be7dda2389f1d3e60a119c7f660cc3/server/bin/helpers/browser.sh'), ('LYOS_LOCALHOST_ONLY', '1'), ('MOTD_SHOWN', 'pam'), ('HOME', '/root'), ('OLDPWD', '/root/.vscode-server'), ('TERM_PROGRAM_VERSION', '1.110.1'), ('VSCODE_IPC_HOOK_CLI', '/run/user/0/vscode-ipc-2d12e5c4-ef4a-4996-a4ea-3ebfab8c4620.sock'), ('JETSON_L4T', '36.4.4'), ('ROS_PYTHON_VERSION', '3'), ('JETSON_MODEL', 'NVIDIA Jetson Orin NX Engineering Reference Developer Kit Super'), ('VSCODE_GIT_ASKPASS_MAIN', '/root/.vscode-server/cli/servers/Stable-61b3d0ab13be7dda2389f1d3e60a119c7f660cc3/server/extensions/git/dist/askpass-main.js'), ('LC_MONETARY', 'zh_CN.UTF-8'), ('VSCODE_GIT_ASKPASS_NODE', '/root/.vscode-server/cli/servers/Stable-61b3d0ab13be7dda2389f1d3e60a119c7f660cc3/server/node'), ('VSCODE_PYTHON_AUTOACTIVATE_GUARD', '1'), ('DBUS_SESSION_BUS_ADDRESS', 'unix:path=/run/user/0/bus'), ('COLORTERM', 'truecolor'), ('LYOS_DOMAIN_ID', '18:45:b3:02:00:08'), ('DEBUGINFOD_URLS', ''), ('ROS_DISTRO', 'humble'), ('LOGNAME', 'root'), ('JETSON_MODULE', 'NVIDIA Jetson Orin NX (16GB ram)'), ('JETSON_SERIAL_NUMBER', 'DummySN'), ('_', '/usr/bin/colcon'), ('ROS_VERSION', '2'), ('XDG_SESSION_CLASS', 'user'), ('TERM', 'xterm-256color'), ('XDG_SESSION_ID', '5'), ('ROS_LOCALHOST_ONLY', '1'), ('PATH', '/root/.vscode-server/cli/servers/Stable-61b3d0ab13be7dda2389f1d3e60a119c7f660cc3/server/bin/remote-cli:/opt/ros/humble/bin:/usr/local/sbin:/usr/local/bin:/usr/sbin:/usr/bin:/sbin:/bin:/usr/games:/usr/local/games:/snap/bin:/app/bin:/app/bin:/usr/local/cuda-12/bin:/usr/local/cuda-12/bin:/usr/local/cuda-12/bin'), ('LC_ADDRESS', 'zh_CN.UTF-8'), ('XDG_RUNTIME_DIR', '/run/user/0'), ('LANG', 'en_US.UTF-8'), ('LC_TELEPHONE', 'zh_CN.UTF-8'), ('LS_COLORS', 'rs=0:di=01;34:ln=01;36:mh=00:pi=40;33:so=01;35:do=01;35:bd=40;33;01:cd=40;33;01:or=40;31;01:mi=00:su=37;41:sg=30;43:ca=30;41:tw=30;42:ow=34;42:st=37;44:ex=01;32:*.tar=01;31:*.tgz=01;31:*.arc=01;31:*.arj=01;31:*.taz=01;31:*.lha=01;31:*.lz4=01;31:*.lzh=01;31:*.lzma=01;31:*.tlz=01;31:*.txz=01;31:*.tzo=01;31:*.t7z=01;31:*.zip=01;31:*.z=01;31:*.dz=01;31:*.gz=01;31:*.lrz=01;31:*.lz=01;31:*.lzo=01;31:*.xz=01;31:*.zst=01;31:*.tzst=01;31:*.bz2=01;31:*.bz=01;31:*.tbz=01;31:*.tbz2=01;31:*.tz=01;31:*.deb=01;31:*.rpm=01;31:*.jar=01;31:*.war=01;31:*.ear=01;31:*.sar=01;31:*.rar=01;31:*.alz=01;31:*.ace=01;31:*.zoo=01;31:*.cpio=01;31:*.7z=01;31:*.rz=01;31:*.cab=01;31:*.wim=01;31:*.swm=01;31:*.dwm=01;31:*.esd=01;31:*.jpg=01;35:*.jpeg=01;35:*.mjpg=01;35:*.mjpeg=01;35:*.gif=01;35:*.bmp=01;35:*.pbm=01;35:*.pgm=01;35:*.ppm=01;35:*.tga=01;35:*.xbm=01;35:*.xpm=01;35:*.tif=01;35:*.tiff=01;35:*.png=01;35:*.svg=01;35:*.svgz=01;35:*.mng=01;35:*.pcx=01;35:*.mov=01;35:*.mpg=01;35:*.mpeg=01;35:*.m2v=01;35:*.mkv=01;35:*.webm=01;35:*.webp=01;35:*.ogm=01;35:*.mp4=01;35:*.m4v=01;35:*.mp4v=01;35:*.vob=01;35:*.qt=01;35:*.nuv=01;35:*.wmv=01;35:*.asf=01;35:*.rm=01;35:*.rmvb=01;35:*.flc=01;35:*.avi=01;35:*.fli=01;35:*.flv=01;35:*.gl=01;35:*.dl=01;35:*.xcf=01;35:*.xwd=01;35:*.yuv=01;35:*.cgm=01;35:*.emf=01;35:*.ogv=01;35:*.ogx=01;35:*.aac=00;36:*.au=00;36:*.flac=00;36:*.m4a=00;36:*.mid=00;36:*.midi=00;36:*.mka=00;36:*.mp3=00;36:*.mpc=00;36:*.ogg=00;36:*.ra=00;36:*.wav=00;36:*.oga=00;36:*.opus=00;36:*.spx=00;36:*.xspf=00;36:'), ('JETSON_SOC', 'tegra234'), ('VSCODE_GIT_IPC_HANDLE', '/run/user/0/vscode-git-994ffc2805.sock'), ('TERM_PROGRAM', 'vscode'), ('ROSDISTRO_INDEX_URL', 'https://mirrors.tuna.tsinghua.edu.cn/rosdistro/index_v4.yaml'), ('ROS_DOMAIN_ID', '193'), ('AMENT_PREFIX_PATH', '/data/rl_deploy/install/node_control_msgs:/opt/ros/humble'), ('SHELL', '/bin/bash'), ('LC_NAME', 'zh_CN.UTF-8'), ('LESSCLOSE', '/usr/bin/lesspipe %s %s'), ('LC_MEASUREMENT', 'zh_CN.UTF-8'), ('LC_IDENTIFICATION', 'zh_CN.UTF-8'), ('VSCODE_GIT_ASKPASS_EXTRA_ARGS', ''), ('JETSON_CUDA_ARCH_BIN', '8.7'), ('PWD', '/data/rl_deploy/build/node_app_msgs'), ('LC_ALL', 'en_US.UTF-8'), ('SSH_CONNECTION', '192.168.8.113 50272 192.168.8.111 22'), ('XDG_DATA_DIRS', '/usr/share/gnome:/usr/local/share:/usr/share:/var/lib/snapd/desktop'), ('PYTHONPATH', '/data/rl_deploy/install/node_control_msgs/local/lib/python3.10/dist-packages:/opt/ros/humble/lib/python3.10/site-packages:/opt/ros/humble/local/lib/python3.10/dist-packages'), ('LC_NUMERIC', 'zh_CN.UTF-8'), ('LC_PAPER', 'zh_CN.UTF-8'), ('COLCON', '1'), ('JETSON_JETPACK', '6.2.1'), ('JETSON_P_NUMBER', 'p3767-0000'), ('CMAKE_PREFIX_PATH', '/data/rl_deploy/install/node_control_msgs:/opt/ros/humble')]), 'shell': False}
[1.402816] (-) TimerEvent: {}
[1.503309] (-) TimerEvent: {}
[1.584416] (robot_msgs) StdoutLine: {'line': b'[  9%] Built target robot_msgs__rosidl_generator_c\n'}
[1.585380] (robot_msgs) StdoutLine: {'line': b'[ 15%] Built target robot_msgs__rs\n'}
[1.585819] (robot_msgs) StdoutLine: {'line': b'[ 15%] Built target robot_msgs__cpp\n'}
[1.586774] (robot_msgs) StdoutLine: {'line': b'[ 15%] Built target ament_cmake_python_copy_robot_msgs\n'}
[1.603547] (-) TimerEvent: {}
[1.616287] (node_app_msgs) StdoutLine: {'line': b'[  1%] Built target node_app_msgs__cpp\n'}
[1.618170] (robot_msgs) StdoutLine: {'line': b'[ 25%] Built target robot_msgs__rosidl_typesupport_fastrtps_c\n'}
[1.620779] (robot_msgs) StdoutLine: {'line': b'[ 34%] Built target robot_msgs__rosidl_typesupport_introspection_c\n'}
[1.623481] (node_app_msgs) StdoutLine: {'line': b'[  2%] Built target node_app_msgs__rs\n'}
[1.625237] (robot_msgs) StdoutLine: {'line': b'[ 43%] Built target robot_msgs__rosidl_typesupport_c\n'}
[1.628585] (robot_msgs) StdoutLine: {'line': b'[ 53%] Built target robot_msgs__rosidl_typesupport_introspection_cpp\n'}
[1.640091] (robot_msgs) StdoutLine: {'line': b'[ 62%] Built target robot_msgs__rosidl_typesupport_fastrtps_cpp\n'}
[1.640616] (node_app_msgs) StdoutLine: {'line': b'[ 13%] Built target node_app_msgs__rosidl_generator_c\n'}
[1.656062] (node_app_msgs) StdoutLine: {'line': b'[ 13%] Built target ament_cmake_python_copy_node_app_msgs\n'}
[1.668555] (robot_msgs) StdoutLine: {'line': b'[ 71%] Built target robot_msgs__rosidl_typesupport_cpp\n'}
[1.673215] (node_app_msgs) StdoutLine: {'line': b'[ 25%] Built target node_app_msgs__rosidl_typesupport_introspection_cpp\n'}
[1.679365] (node_app_msgs) StdoutLine: {'line': b'[ 36%] Built target node_app_msgs__rosidl_typesupport_fastrtps_cpp\n'}
[1.685533] (node_app_msgs) StdoutLine: {'line': b'[ 47%] Built target node_app_msgs__rosidl_typesupport_c\n'}
[1.687541] (node_app_msgs) StdoutLine: {'line': b'[ 58%] Built target node_app_msgs__rosidl_typesupport_introspection_c\n'}
[1.693084] (robot_msgs) StdoutLine: {'line': b'[ 71%] Built target robot_msgs\n'}
[1.694985] (node_app_msgs) StdoutLine: {'line': b'[ 69%] Built target node_app_msgs__rosidl_typesupport_cpp\n'}
[1.703679] (-) TimerEvent: {}
[1.705822] (node_app_msgs) StdoutLine: {'line': b'[ 80%] Built target node_app_msgs__rosidl_typesupport_fastrtps_c\n'}
[1.732308] (robot_msgs) StdoutLine: {'line': b'[ 75%] Built target robot_msgs__py\n'}
[1.733910] (node_app_msgs) StdoutLine: {'line': b'[ 80%] Built target node_app_msgs\n'}
[1.760436] (robot_msgs) StdoutLine: {'line': b'[ 81%] Built target robot_msgs__rosidl_generator_py\n'}
[1.771323] (node_app_msgs) StdoutLine: {'line': b'[ 81%] Built target node_app_msgs__py\n'}
[1.799071] (robot_msgs) StdoutLine: {'line': b'[ 90%] Built target robot_msgs__rosidl_typesupport_introspection_c__pyext\n'}
[1.800586] (robot_msgs) StdoutLine: {'line': b'[ 93%] Built target robot_msgs__rosidl_typesupport_fastrtps_c__pyext\n'}
[1.803886] (-) TimerEvent: {}
[1.809702] (robot_msgs) StdoutLine: {'line': b'[100%] Built target robot_msgs__rosidl_typesupport_c__pyext\n'}
[1.826042] (node_app_msgs) StdoutLine: {'line': b'[ 91%] Built target node_app_msgs__rosidl_generator_py\n'}
[1.853697] (node_app_msgs) StdoutLine: {'line': b'[ 94%] Built target node_app_msgs__rosidl_typesupport_introspection_c__pyext\n'}
[1.864272] (node_app_msgs) StdoutLine: {'line': b'[ 97%] Built target node_app_msgs__rosidl_typesupport_c__pyext\n'}
[1.872118] (node_app_msgs) StdoutLine: {'line': b'[100%] Built target node_app_msgs__rosidl_typesupport_fastrtps_c__pyext\n'}
[1.904037] (-) TimerEvent: {}
[2.004514] (-) TimerEvent: {}
[2.045381] (robot_msgs) StdoutLine: {'line': b'running egg_info\n'}
[2.047860] (robot_msgs) StdoutLine: {'line': b'writing robot_msgs.egg-info/PKG-INFO\n'}
[2.049155] (robot_msgs) StdoutLine: {'line': b'writing dependency_links to robot_msgs.egg-info/dependency_links.txt\n'}
[2.050052] (robot_msgs) StdoutLine: {'line': b'writing top-level names to robot_msgs.egg-info/top_level.txt\n'}
[2.052574] (robot_msgs) StdoutLine: {'line': b"reading manifest file 'robot_msgs.egg-info/SOURCES.txt'\n"}
[2.053464] (robot_msgs) StdoutLine: {'line': b"writing manifest file 'robot_msgs.egg-info/SOURCES.txt'\n"}
[2.104639] (-) TimerEvent: {}
[2.107776] (robot_msgs) StdoutLine: {'line': b'[100%] Built target ament_cmake_python_build_robot_msgs_egg\n'}
[2.119796] (robot_msgs) CommandEnded: {'returncode': 0}
[2.123286] (robot_msgs) JobProgress: {'identifier': 'robot_msgs', 'progress': 'install'}
[2.123404] (robot_msgs) Command: {'cmd': ['/usr/local/bin/cmake', '--install', '/data/rl_deploy/build/robot_msgs'], 'cwd': '/data/rl_deploy/build/robot_msgs', 'env': OrderedDict([('LESSOPEN', '| /usr/bin/lesspipe %s'), ('USER', 'root'), ('SSH_CLIENT', '192.168.8.113 50272 22'), ('LC_TIME', 'zh_CN.UTF-8'), ('XDG_SESSION_TYPE', 'tty'), ('GIT_ASKPASS', '/root/.vscode-server/cli/servers/Stable-61b3d0ab13be7dda2389f1d3e60a119c7f660cc3/server/extensions/git/dist/askpass.sh'), ('SHLVL', '2'), ('LD_LIBRARY_PATH', '/data/rl_deploy/install/node_control_msgs/lib:/opt/ros/humble/lib/aarch64-linux-gnu:/opt/ros/humble/lib:/app/lib:/app/lib:/usr/local/cuda-12/lib64:/usr/local/cuda-12/lib64:/usr/local/cuda-12/lib64'), ('BROWSER', '/root/.vscode-server/cli/servers/Stable-61b3d0ab13be7dda2389f1d3e60a119c7f660cc3/server/bin/helpers/browser.sh'), ('LYOS_LOCALHOST_ONLY', '1'), ('MOTD_SHOWN', 'pam'), ('HOME', '/root'), ('OLDPWD', '/root/.vscode-server'), ('TERM_PROGRAM_VERSION', '1.110.1'), ('VSCODE_IPC_HOOK_CLI', '/run/user/0/vscode-ipc-2d12e5c4-ef4a-4996-a4ea-3ebfab8c4620.sock'), ('JETSON_L4T', '36.4.4'), ('ROS_PYTHON_VERSION', '3'), ('JETSON_MODEL', 'NVIDIA Jetson Orin NX Engineering Reference Developer Kit Super'), ('VSCODE_GIT_ASKPASS_MAIN', '/root/.vscode-server/cli/servers/Stable-61b3d0ab13be7dda2389f1d3e60a119c7f660cc3/server/extensions/git/dist/askpass-main.js'), ('LC_MONETARY', 'zh_CN.UTF-8'), ('VSCODE_GIT_ASKPASS_NODE', '/root/.vscode-server/cli/servers/Stable-61b3d0ab13be7dda2389f1d3e60a119c7f660cc3/server/node'), ('VSCODE_PYTHON_AUTOACTIVATE_GUARD', '1'), ('DBUS_SESSION_BUS_ADDRESS', 'unix:path=/run/user/0/bus'), ('COLORTERM', 'truecolor'), ('LYOS_DOMAIN_ID', '18:45:b3:02:00:08'), ('DEBUGINFOD_URLS', ''), ('ROS_DISTRO', 'humble'), ('LOGNAME', 'root'), ('JETSON_MODULE', 'NVIDIA Jetson Orin NX (16GB ram)'), ('JETSON_SERIAL_NUMBER', 'DummySN'), ('_', '/usr/bin/colcon'), ('ROS_VERSION', '2'), ('XDG_SESSION_CLASS', 'user'), ('TERM', 'xterm-256color'), ('XDG_SESSION_ID', '5'), ('ROS_LOCALHOST_ONLY', '1'), ('PATH', '/root/.vscode-server/cli/servers/Stable-61b3d0ab13be7dda2389f1d3e60a119c7f660cc3/server/bin/remote-cli:/opt/ros/humble/bin:/usr/local/sbin:/usr/local/bin:/usr/sbin:/usr/bin:/sbin:/bin:/usr/games:/usr/local/games:/snap/bin:/app/bin:/app/bin:/usr/local/cuda-12/bin:/usr/local/cuda-12/bin:/usr/local/cuda-12/bin'), ('LC_ADDRESS', 'zh_CN.UTF-8'), ('XDG_RUNTIME_DIR', '/run/user/0'), ('LANG', 'en_US.UTF-8'), ('LC_TELEPHONE', 'zh_CN.UTF-8'), ('LS_COLORS', 'rs=0:di=01;34:ln=01;36:mh=00:pi=40;33:so=01;35:do=01;35:bd=40;33;01:cd=40;33;01:or=40;31;01:mi=00:su=37;41:sg=30;43:ca=30;41:tw=30;42:ow=34;42:st=37;44:ex=01;32:*.tar=01;31:*.tgz=01;31:*.arc=01;31:*.arj=01;31:*.taz=01;31:*.lha=01;31:*.lz4=01;31:*.lzh=01;31:*.lzma=01;31:*.tlz=01;31:*.txz=01;31:*.tzo=01;31:*.t7z=01;31:*.zip=01;31:*.z=01;31:*.dz=01;31:*.gz=01;31:*.lrz=01;31:*.lz=01;31:*.lzo=01;31:*.xz=01;31:*.zst=01;31:*.tzst=01;31:*.bz2=01;31:*.bz=01;31:*.tbz=01;31:*.tbz2=01;31:*.tz=01;31:*.deb=01;31:*.rpm=01;31:*.jar=01;31:*.war=01;31:*.ear=01;31:*.sar=01;31:*.rar=01;31:*.alz=01;31:*.ace=01;31:*.zoo=01;31:*.cpio=01;31:*.7z=01;31:*.rz=01;31:*.cab=01;31:*.wim=01;31:*.swm=01;31:*.dwm=01;31:*.esd=01;31:*.jpg=01;35:*.jpeg=01;35:*.mjpg=01;35:*.mjpeg=01;35:*.gif=01;35:*.bmp=01;35:*.pbm=01;35:*.pgm=01;35:*.ppm=01;35:*.tga=01;35:*.xbm=01;35:*.xpm=01;35:*.tif=01;35:*.tiff=01;35:*.png=01;35:*.svg=01;35:*.svgz=01;35:*.mng=01;35:*.pcx=01;35:*.mov=01;35:*.mpg=01;35:*.mpeg=01;35:*.m2v=01;35:*.mkv=01;35:*.webm=01;35:*.webp=01;35:*.ogm=01;35:*.mp4=01;35:*.m4v=01;35:*.mp4v=01;35:*.vob=01;35:*.qt=01;35:*.nuv=01;35:*.wmv=01;35:*.asf=01;35:*.rm=01;35:*.rmvb=01;35:*.flc=01;35:*.avi=01;35:*.fli=01;35:*.flv=01;35:*.gl=01;35:*.dl=01;35:*.xcf=01;35:*.xwd=01;35:*.yuv=01;35:*.cgm=01;35:*.emf=01;35:*.ogv=01;35:*.ogx=01;35:*.aac=00;36:*.au=00;36:*.flac=00;36:*.m4a=00;36:*.mid=00;36:*.midi=00;36:*.mka=00;36:*.mp3=00;36:*.mpc=00;36:*.ogg=00;36:*.ra=00;36:*.wav=00;36:*.oga=00;36:*.opus=00;36:*.spx=00;36:*.xspf=00;36:'), ('JETSON_SOC', 'tegra234'), ('VSCODE_GIT_IPC_HANDLE', '/run/user/0/vscode-git-994ffc2805.sock'), ('TERM_PROGRAM', 'vscode'), ('ROSDISTRO_INDEX_URL', 'https://mirrors.tuna.tsinghua.edu.cn/rosdistro/index_v4.yaml'), ('ROS_DOMAIN_ID', '193'), ('AMENT_PREFIX_PATH', '/data/rl_deploy/install/node_control_msgs:/opt/ros/humble'), ('SHELL', '/bin/bash'), ('LC_NAME', 'zh_CN.UTF-8'), ('LESSCLOSE', '/usr/bin/lesspipe %s %s'), ('LC_MEASUREMENT', 'zh_CN.UTF-8'), ('LC_IDENTIFICATION', 'zh_CN.UTF-8'), ('VSCODE_GIT_ASKPASS_EXTRA_ARGS', ''), ('JETSON_CUDA_ARCH_BIN', '8.7'), ('PWD', '/data/rl_deploy/build/robot_msgs'), ('LC_ALL', 'en_US.UTF-8'), ('SSH_CONNECTION', '192.168.8.113 50272 192.168.8.111 22'), ('XDG_DATA_DIRS', '/usr/share/gnome:/usr/local/share:/usr/share:/var/lib/snapd/desktop'), ('PYTHONPATH', '/data/rl_deploy/install/node_control_msgs/local/lib/python3.10/dist-packages:/opt/ros/humble/lib/python3.10/site-packages:/opt/ros/humble/local/lib/python3.10/dist-packages'), ('LC_NUMERIC', 'zh_CN.UTF-8'), ('LC_PAPER', 'zh_CN.UTF-8'), ('COLCON', '1'), ('JETSON_JETPACK', '6.2.1'), ('JETSON_P_NUMBER', 'p3767-0000'), ('CMAKE_PREFIX_PATH', '/data/rl_deploy/install/node_control_msgs:/opt/ros/humble')]), 'shell': False}
[2.204771] (-) TimerEvent: {}
[2.218050] (node_app_msgs) StdoutLine: {'line': b'running egg_info\n'}
[2.220467] (node_app_msgs) StdoutLine: {'line': b'writing node_app_msgs.egg-info/PKG-INFO\n'}
[2.221099] (node_app_msgs) StdoutLine: {'line': b'writing dependency_links to node_app_msgs.egg-info/dependency_links.txt\n'}
[2.221778] (node_app_msgs) StdoutLine: {'line': b'writing top-level names to node_app_msgs.egg-info/top_level.txt\n'}
[2.227663] (node_app_msgs) StdoutLine: {'line': b"reading manifest file 'node_app_msgs.egg-info/SOURCES.txt'\n"}
[2.231296] (node_app_msgs) StdoutLine: {'line': b"writing manifest file 'node_app_msgs.egg-info/SOURCES.txt'\n"}
[2.266048] (robot_msgs) StdoutLine: {'line': b'-- Install configuration: ""\n'}
[2.266497] (robot_msgs) StdoutLine: {'line': b'-- Up-to-date: /data/rl_deploy/install/robot_msgs/share/ament_index/resource_index/rosidl_interfaces/robot_msgs\n'}
[2.268994] (robot_msgs) StdoutLine: {'line': b'-- Up-to-date: /data/rl_deploy/install/robot_msgs/include/robot_msgs/robot_msgs\n'}
[2.269719] (robot_msgs) StdoutLine: {'line': b'-- Up-to-date: /data/rl_deploy/install/robot_msgs/include/robot_msgs/robot_msgs/msg\n'}
[2.270503] (robot_msgs) StdoutLine: {'line': b'-- Up-to-date: /data/rl_deploy/install/robot_msgs/include/robot_msgs/robot_msgs/msg/robot_state.h\n'}
[2.271179] (robot_msgs) StdoutLine: {'line': b'-- Up-to-date: /data/rl_deploy/install/robot_msgs/include/robot_msgs/robot_msgs/msg/detail\n'}
[2.271623] (robot_msgs) StdoutLine: {'line': b'-- Up-to-date: /data/rl_deploy/install/robot_msgs/include/robot_msgs/robot_msgs/msg/detail/robot_state__functions.c\n'}
[2.272221] (robot_msgs) StdoutLine: {'line': b'-- Up-to-date: /data/rl_deploy/install/robot_msgs/include/robot_msgs/robot_msgs/msg/detail/robot_state__struct.h\n'}
[2.273071] (robot_msgs) StdoutLine: {'line': b'-- Up-to-date: /data/rl_deploy/install/robot_msgs/include/robot_msgs/robot_msgs/msg/detail/robot_state__type_support.h\n'}
[2.273570] (robot_msgs) StdoutLine: {'line': b'-- Up-to-date: /data/rl_deploy/install/robot_msgs/include/robot_msgs/robot_msgs/msg/detail/robot_state__functions.h\n'}
[2.273720] (robot_msgs) StdoutLine: {'line': b'-- Up-to-date: /data/rl_deploy/install/robot_msgs/include/robot_msgs/robot_msgs/msg/rosidl_generator_c__visibility_control.h\n'}
[2.274095] (robot_msgs) StdoutLine: {'line': b'-- Up-to-date: /data/rl_deploy/install/robot_msgs/share/robot_msgs/environment/library_path.sh\n'}
[2.274597] (robot_msgs) StdoutLine: {'line': b'-- Up-to-date: /data/rl_deploy/install/robot_msgs/share/robot_msgs/environment/library_path.dsv\n'}
[2.275088] (robot_msgs) StdoutLine: {'line': b'-- Up-to-date: /data/rl_deploy/install/robot_msgs/lib/librobot_msgs__rosidl_generator_c.so\n'}
[2.275218] (robot_msgs) StdoutLine: {'line': b'-- Up-to-date: /data/rl_deploy/install/robot_msgs/include/robot_msgs/robot_msgs\n'}
[2.275335] (robot_msgs) StdoutLine: {'line': b'-- Up-to-date: /data/rl_deploy/install/robot_msgs/include/robot_msgs/robot_msgs/msg\n'}
[2.275525] (robot_msgs) StdoutLine: {'line': b'-- Up-to-date: /data/rl_deploy/install/robot_msgs/include/robot_msgs/robot_msgs/msg/detail\n'}
[2.275649] (robot_msgs) StdoutLine: {'line': b'-- Up-to-date: /data/rl_deploy/install/robot_msgs/include/robot_msgs/robot_msgs/msg/detail/robot_state__rosidl_typesupport_fastrtps_c.h\n'}
[2.275781] (robot_msgs) StdoutLine: {'line': b'-- Up-to-date: /data/rl_deploy/install/robot_msgs/include/robot_msgs/robot_msgs/msg/rosidl_typesupport_fastrtps_c__visibility_control.h\n'}
[2.275952] (robot_msgs) StdoutLine: {'line': b'-- Up-to-date: /data/rl_deploy/install/robot_msgs/lib/librobot_msgs__rosidl_typesupport_fastrtps_c.so\n'}
[2.276098] (robot_msgs) StdoutLine: {'line': b'-- Up-to-date: /data/rl_deploy/install/robot_msgs/include/robot_msgs/robot_msgs\n'}
[2.276203] (robot_msgs) StdoutLine: {'line': b'-- Up-to-date: /data/rl_deploy/install/robot_msgs/include/robot_msgs/robot_msgs/msg\n'}
[2.276308] (robot_msgs) StdoutLine: {'line': b'-- Up-to-date: /data/rl_deploy/install/robot_msgs/include/robot_msgs/robot_msgs/msg/robot_state.hpp\n'}
[2.276450] (robot_msgs) StdoutLine: {'line': b'-- Up-to-date: /data/rl_deploy/install/robot_msgs/include/robot_msgs/robot_msgs/msg/detail\n'}
[2.276563] (robot_msgs) StdoutLine: {'line': b'-- Up-to-date: /data/rl_deploy/install/robot_msgs/include/robot_msgs/robot_msgs/msg/detail/robot_state__builder.hpp\n'}
[2.276694] (robot_msgs) StdoutLine: {'line': b'-- Up-to-date: /data/rl_deploy/install/robot_msgs/include/robot_msgs/robot_msgs/msg/detail/robot_state__struct.hpp\n'}
[2.276799] (robot_msgs) StdoutLine: {'line': b'-- Up-to-date: /data/rl_deploy/install/robot_msgs/include/robot_msgs/robot_msgs/msg/detail/robot_state__traits.hpp\n'}
[2.276983] (robot_msgs) StdoutLine: {'line': b'-- Up-to-date: /data/rl_deploy/install/robot_msgs/include/robot_msgs/robot_msgs/msg/detail/robot_state__type_support.hpp\n'}
[2.277553] (robot_msgs) StdoutLine: {'line': b'-- Up-to-date: /data/rl_deploy/install/robot_msgs/include/robot_msgs/robot_msgs/msg/rosidl_generator_cpp__visibility_control.hpp\n'}
[2.277719] (robot_msgs) StdoutLine: {'line': b'-- Up-to-date: /data/rl_deploy/install/robot_msgs/include/robot_msgs/robot_msgs\n'}
[2.277836] (robot_msgs) StdoutLine: {'line': b'-- Up-to-date: /data/rl_deploy/install/robot_msgs/include/robot_msgs/robot_msgs/msg\n'}
[2.278567] (robot_msgs) StdoutLine: {'line': b'-- Up-to-date: /data/rl_deploy/install/robot_msgs/include/robot_msgs/robot_msgs/msg/rosidl_typesupport_fastrtps_cpp__visibility_control.h\n'}
[2.278696] (robot_msgs) StdoutLine: {'line': b'-- Up-to-date: /data/rl_deploy/install/robot_msgs/include/robot_msgs/robot_msgs/msg/detail\n'}
[2.278807] (robot_msgs) StdoutLine: {'line': b'-- Up-to-date: /data/rl_deploy/install/robot_msgs/include/robot_msgs/robot_msgs/msg/detail/dds_fastrtps\n'}
[2.279563] (robot_msgs) StdoutLine: {'line': b'-- Up-to-date: /data/rl_deploy/install/robot_msgs/include/robot_msgs/robot_msgs/msg/detail/robot_state__rosidl_typesupport_fastrtps_cpp.hpp\n'}
[2.279718] (robot_msgs) StdoutLine: {'line': b'-- Up-to-date: /data/rl_deploy/install/robot_msgs/lib/librobot_msgs__rosidl_typesupport_fastrtps_cpp.so\n'}
[2.279843] (robot_msgs) StdoutLine: {'line': b'-- Up-to-date: /data/rl_deploy/install/robot_msgs/include/robot_msgs/robot_msgs\n'}
[2.280583] (robot_msgs) StdoutLine: {'line': b'-- Up-to-date: /data/rl_deploy/install/robot_msgs/include/robot_msgs/robot_msgs/msg\n'}
[2.280712] (robot_msgs) StdoutLine: {'line': b'-- Up-to-date: /data/rl_deploy/install/robot_msgs/include/robot_msgs/robot_msgs/msg/detail\n'}
[2.280824] (robot_msgs) StdoutLine: {'line': b'-- Up-to-date: /data/rl_deploy/install/robot_msgs/include/robot_msgs/robot_msgs/msg/detail/robot_state__type_support.c\n'}
[2.281578] (robot_msgs) StdoutLine: {'line': b'-- Up-to-date: /data/rl_deploy/install/robot_msgs/include/robot_msgs/robot_msgs/msg/detail/robot_state__rosidl_typesupport_introspection_c.h\n'}
[2.281722] (robot_msgs) StdoutLine: {'line': b'-- Up-to-date: /data/rl_deploy/install/robot_msgs/include/robot_msgs/robot_msgs/msg/rosidl_typesupport_introspection_c__visibility_control.h\n'}
[2.281841] (robot_msgs) StdoutLine: {'line': b'-- Up-to-date: /data/rl_deploy/install/robot_msgs/lib/librobot_msgs__rosidl_typesupport_introspection_c.so\n'}
[2.282582] (robot_msgs) StdoutLine: {'line': b'-- Up-to-date: /data/rl_deploy/install/robot_msgs/lib/librobot_msgs__rosidl_typesupport_c.so\n'}
[2.282736] (robot_msgs) StdoutLine: {'line': b'-- Up-to-date: /data/rl_deploy/install/robot_msgs/include/robot_msgs/robot_msgs\n'}
[2.282852] (robot_msgs) StdoutLine: {'line': b'-- Up-to-date: /data/rl_deploy/install/robot_msgs/include/robot_msgs/robot_msgs/msg\n'}
[2.283587] (robot_msgs) StdoutLine: {'line': b'-- Up-to-date: /data/rl_deploy/install/robot_msgs/include/robot_msgs/robot_msgs/msg/detail\n'}
[2.283732] (robot_msgs) StdoutLine: {'line': b'-- Up-to-date: /data/rl_deploy/install/robot_msgs/include/robot_msgs/robot_msgs/msg/detail/robot_state__type_support.cpp\n'}
[2.283855] (robot_msgs) StdoutLine: {'line': b'-- Up-to-date: /data/rl_deploy/install/robot_msgs/include/robot_msgs/robot_msgs/msg/detail/robot_state__rosidl_typesupport_introspection_cpp.hpp\n'}
[2.284644] (robot_msgs) StdoutLine: {'line': b'-- Up-to-date: /data/rl_deploy/install/robot_msgs/lib/librobot_msgs__rosidl_typesupport_introspection_cpp.so\n'}
[2.284774] (robot_msgs) StdoutLine: {'line': b'-- Up-to-date: /data/rl_deploy/install/robot_msgs/lib/librobot_msgs__rosidl_typesupport_cpp.so\n'}
[2.285550] (robot_msgs) StdoutLine: {'line': b'-- Up-to-date: /data/rl_deploy/install/robot_msgs/share/robot_msgs/environment/pythonpath.sh\n'}
[2.285698] (robot_msgs) StdoutLine: {'line': b'-- Up-to-date: /data/rl_deploy/install/robot_msgs/share/robot_msgs/environment/pythonpath.dsv\n'}
[2.285816] (robot_msgs) StdoutLine: {'line': b'-- Up-to-date: /data/rl_deploy/install/robot_msgs/local/lib/python3.10/dist-packages/robot_msgs-0.0.0-py3.10.egg-info\n'}
[2.286564] (robot_msgs) StdoutLine: {'line': b'-- Installing: /data/rl_deploy/install/robot_msgs/local/lib/python3.10/dist-packages/robot_msgs-0.0.0-py3.10.egg-info/top_level.txt\n'}
[2.286700] (robot_msgs) StdoutLine: {'line': b'-- Installing: /data/rl_deploy/install/robot_msgs/local/lib/python3.10/dist-packages/robot_msgs-0.0.0-py3.10.egg-info/PKG-INFO\n'}
[2.286818] (robot_msgs) StdoutLine: {'line': b'-- Installing: /data/rl_deploy/install/robot_msgs/local/lib/python3.10/dist-packages/robot_msgs-0.0.0-py3.10.egg-info/SOURCES.txt\n'}
[2.287591] (robot_msgs) StdoutLine: {'line': b'-- Installing: /data/rl_deploy/install/robot_msgs/local/lib/python3.10/dist-packages/robot_msgs-0.0.0-py3.10.egg-info/dependency_links.txt\n'}
[2.287757] (robot_msgs) StdoutLine: {'line': b'-- Up-to-date: /data/rl_deploy/install/robot_msgs/local/lib/python3.10/dist-packages/robot_msgs\n'}
[2.288091] (robot_msgs) StdoutLine: {'line': b'-- Up-to-date: /data/rl_deploy/install/robot_msgs/local/lib/python3.10/dist-packages/robot_msgs/_robot_msgs_s.ep.rosidl_typesupport_introspection_c.c\n'}
[2.288248] (robot_msgs) StdoutLine: {'line': b'-- Up-to-date: /data/rl_deploy/install/robot_msgs/local/lib/python3.10/dist-packages/robot_msgs/_robot_msgs_s.ep.rosidl_typesupport_c.c\n'}
[2.288363] (robot_msgs) StdoutLine: {'line': b'-- Up-to-date: /data/rl_deploy/install/robot_msgs/local/lib/python3.10/dist-packages/robot_msgs/robot_msgs_s__rosidl_typesupport_introspection_c.cpython-310-aarch64-linux-gnu.so\n'}
[2.289130] (robot_msgs) StdoutLine: {'line': b'-- Up-to-date: /data/rl_deploy/install/robot_msgs/local/lib/python3.10/dist-packages/robot_msgs/robot_msgs_s__rosidl_typesupport_fastrtps_c.cpython-310-aarch64-linux-gnu.so\n'}
[2.289259] (robot_msgs) StdoutLine: {'line': b'-- Up-to-date: /data/rl_deploy/install/robot_msgs/local/lib/python3.10/dist-packages/robot_msgs/__init__.py\n'}
[2.289371] (robot_msgs) StdoutLine: {'line': b'-- Up-to-date: /data/rl_deploy/install/robot_msgs/local/lib/python3.10/dist-packages/robot_msgs/_robot_msgs_s.ep.rosidl_typesupport_fastrtps_c.c\n'}
[2.290208] (robot_msgs) StdoutLine: {'line': b'-- Up-to-date: /data/rl_deploy/install/robot_msgs/local/lib/python3.10/dist-packages/robot_msgs/librobot_msgs__rosidl_generator_py.so\n'}
[2.290345] (robot_msgs) StdoutLine: {'line': b'-- Up-to-date: /data/rl_deploy/install/robot_msgs/local/lib/python3.10/dist-packages/robot_msgs/robot_msgs_s__rosidl_typesupport_c.cpython-310-aarch64-linux-gnu.so\n'}
[2.291107] (robot_msgs) StdoutLine: {'line': b'-- Up-to-date: /data/rl_deploy/install/robot_msgs/local/lib/python3.10/dist-packages/robot_msgs/msg\n'}
[2.291252] (robot_msgs) StdoutLine: {'line': b'-- Up-to-date: /data/rl_deploy/install/robot_msgs/local/lib/python3.10/dist-packages/robot_msgs/msg/_robot_state_s.c\n'}
[2.291373] (robot_msgs) StdoutLine: {'line': b'-- Up-to-date: /data/rl_deploy/install/robot_msgs/local/lib/python3.10/dist-packages/robot_msgs/msg/_robot_state.py\n'}
[2.292561] (robot_msgs) StdoutLine: {'line': b'-- Up-to-date: /data/rl_deploy/install/robot_msgs/local/lib/python3.10/dist-packages/robot_msgs/msg/__init__.py\n'}
[2.298666] (node_app_msgs) StdoutLine: {'line': b'[100%] Built target ament_cmake_python_build_node_app_msgs_egg\n'}
[2.304943] (-) TimerEvent: {}
[2.313319] (node_app_msgs) CommandEnded: {'returncode': 0}
[2.316986] (node_app_msgs) JobProgress: {'identifier': 'node_app_msgs', 'progress': 'install'}
[2.317104] (node_app_msgs) Command: {'cmd': ['/usr/local/bin/cmake', '--install', '/data/rl_deploy/build/node_app_msgs'], 'cwd': '/data/rl_deploy/build/node_app_msgs', 'env': OrderedDict([('LESSOPEN', '| /usr/bin/lesspipe %s'), ('USER', 'root'), ('SSH_CLIENT', '192.168.8.113 50272 22'), ('LC_TIME', 'zh_CN.UTF-8'), ('XDG_SESSION_TYPE', 'tty'), ('GIT_ASKPASS', '/root/.vscode-server/cli/servers/Stable-61b3d0ab13be7dda2389f1d3e60a119c7f660cc3/server/extensions/git/dist/askpass.sh'), ('SHLVL', '2'), ('LD_LIBRARY_PATH', '/data/rl_deploy/install/node_control_msgs/lib:/opt/ros/humble/lib/aarch64-linux-gnu:/opt/ros/humble/lib:/app/lib:/app/lib:/usr/local/cuda-12/lib64:/usr/local/cuda-12/lib64:/usr/local/cuda-12/lib64'), ('BROWSER', '/root/.vscode-server/cli/servers/Stable-61b3d0ab13be7dda2389f1d3e60a119c7f660cc3/server/bin/helpers/browser.sh'), ('LYOS_LOCALHOST_ONLY', '1'), ('MOTD_SHOWN', 'pam'), ('HOME', '/root'), ('OLDPWD', '/root/.vscode-server'), ('TERM_PROGRAM_VERSION', '1.110.1'), ('VSCODE_IPC_HOOK_CLI', '/run/user/0/vscode-ipc-2d12e5c4-ef4a-4996-a4ea-3ebfab8c4620.sock'), ('JETSON_L4T', '36.4.4'), ('ROS_PYTHON_VERSION', '3'), ('JETSON_MODEL', 'NVIDIA Jetson Orin NX Engineering Reference Developer Kit Super'), ('VSCODE_GIT_ASKPASS_MAIN', '/root/.vscode-server/cli/servers/Stable-61b3d0ab13be7dda2389f1d3e60a119c7f660cc3/server/extensions/git/dist/askpass-main.js'), ('LC_MONETARY', 'zh_CN.UTF-8'), ('VSCODE_GIT_ASKPASS_NODE', '/root/.vscode-server/cli/servers/Stable-61b3d0ab13be7dda2389f1d3e60a119c7f660cc3/server/node'), ('VSCODE_PYTHON_AUTOACTIVATE_GUARD', '1'), ('DBUS_SESSION_BUS_ADDRESS', 'unix:path=/run/user/0/bus'), ('COLORTERM', 'truecolor'), ('LYOS_DOMAIN_ID', '18:45:b3:02:00:08'), ('DEBUGINFOD_URLS', ''), ('ROS_DISTRO', 'humble'), ('LOGNAME', 'root'), ('JETSON_MODULE', 'NVIDIA Jetson Orin NX (16GB ram)'), ('JETSON_SERIAL_NUMBER', 'DummySN'), ('_', '/usr/bin/colcon'), ('ROS_VERSION', '2'), ('XDG_SESSION_CLASS', 'user'), ('TERM', 'xterm-256color'), ('XDG_SESSION_ID', '5'), ('ROS_LOCALHOST_ONLY', '1'), ('PATH', '/root/.vscode-server/cli/servers/Stable-61b3d0ab13be7dda2389f1d3e60a119c7f660cc3/server/bin/remote-cli:/opt/ros/humble/bin:/usr/local/sbin:/usr/local/bin:/usr/sbin:/usr/bin:/sbin:/bin:/usr/games:/usr/local/games:/snap/bin:/app/bin:/app/bin:/usr/local/cuda-12/bin:/usr/local/cuda-12/bin:/usr/local/cuda-12/bin'), ('LC_ADDRESS', 'zh_CN.UTF-8'), ('XDG_RUNTIME_DIR', '/run/user/0'), ('LANG', 'en_US.UTF-8'), ('LC_TELEPHONE', 'zh_CN.UTF-8'), ('LS_COLORS', 'rs=0:di=01;34:ln=01;36:mh=00:pi=40;33:so=01;35:do=01;35:bd=40;33;01:cd=40;33;01:or=40;31;01:mi=00:su=37;41:sg=30;43:ca=30;41:tw=30;42:ow=34;42:st=37;44:ex=01;32:*.tar=01;31:*.tgz=01;31:*.arc=01;31:*.arj=01;31:*.taz=01;31:*.lha=01;31:*.lz4=01;31:*.lzh=01;31:*.lzma=01;31:*.tlz=01;31:*.txz=01;31:*.tzo=01;31:*.t7z=01;31:*.zip=01;31:*.z=01;31:*.dz=01;31:*.gz=01;31:*.lrz=01;31:*.lz=01;31:*.lzo=01;31:*.xz=01;31:*.zst=01;31:*.tzst=01;31:*.bz2=01;31:*.bz=01;31:*.tbz=01;31:*.tbz2=01;31:*.tz=01;31:*.deb=01;31:*.rpm=01;31:*.jar=01;31:*.war=01;31:*.ear=01;31:*.sar=01;31:*.rar=01;31:*.alz=01;31:*.ace=01;31:*.zoo=01;31:*.cpio=01;31:*.7z=01;31:*.rz=01;31:*.cab=01;31:*.wim=01;31:*.swm=01;31:*.dwm=01;31:*.esd=01;31:*.jpg=01;35:*.jpeg=01;35:*.mjpg=01;35:*.mjpeg=01;35:*.gif=01;35:*.bmp=01;35:*.pbm=01;35:*.pgm=01;35:*.ppm=01;35:*.tga=01;35:*.xbm=01;35:*.xpm=01;35:*.tif=01;35:*.tiff=01;35:*.png=01;35:*.svg=01;35:*.svgz=01;35:*.mng=01;35:*.pcx=01;35:*.mov=01;35:*.mpg=01;35:*.mpeg=01;35:*.m2v=01;35:*.mkv=01;35:*.webm=01;35:*.webp=01;35:*.ogm=01;35:*.mp4=01;35:*.m4v=01;35:*.mp4v=01;35:*.vob=01;35:*.qt=01;35:*.nuv=01;35:*.wmv=01;35:*.asf=01;35:*.rm=01;35:*.rmvb=01;35:*.flc=01;35:*.avi=01;35:*.fli=01;35:*.flv=01;35:*.gl=01;35:*.dl=01;35:*.xcf=01;35:*.xwd=01;35:*.yuv=01;35:*.cgm=01;35:*.emf=01;35:*.ogv=01;35:*.ogx=01;35:*.aac=00;36:*.au=00;36:*.flac=00;36:*.m4a=00;36:*.mid=00;36:*.midi=00;36:*.mka=00;36:*.mp3=00;36:*.mpc=00;36:*.ogg=00;36:*.ra=00;36:*.wav=00;36:*.oga=00;36:*.opus=00;36:*.spx=00;36:*.xspf=00;36:'), ('JETSON_SOC', 'tegra234'), ('VSCODE_GIT_IPC_HANDLE', '/run/user/0/vscode-git-994ffc2805.sock'), ('TERM_PROGRAM', 'vscode'), ('ROSDISTRO_INDEX_URL', 'https://mirrors.tuna.tsinghua.edu.cn/rosdistro/index_v4.yaml'), ('ROS_DOMAIN_ID', '193'), ('AMENT_PREFIX_PATH', '/data/rl_deploy/install/node_control_msgs:/opt/ros/humble'), ('SHELL', '/bin/bash'), ('LC_NAME', 'zh_CN.UTF-8'), ('LESSCLOSE', '/usr/bin/lesspipe %s %s'), ('LC_MEASUREMENT', 'zh_CN.UTF-8'), ('LC_IDENTIFICATION', 'zh_CN.UTF-8'), ('VSCODE_GIT_ASKPASS_EXTRA_ARGS', ''), ('JETSON_CUDA_ARCH_BIN', '8.7'), ('PWD', '/data/rl_deploy/build/node_app_msgs'), ('LC_ALL', 'en_US.UTF-8'), ('SSH_CONNECTION', '192.168.8.113 50272 192.168.8.111 22'), ('XDG_DATA_DIRS', '/usr/share/gnome:/usr/local/share:/usr/share:/var/lib/snapd/desktop'), ('PYTHONPATH', '/data/rl_deploy/install/node_control_msgs/local/lib/python3.10/dist-packages:/opt/ros/humble/lib/python3.10/site-packages:/opt/ros/humble/local/lib/python3.10/dist-packages'), ('LC_NUMERIC', 'zh_CN.UTF-8'), ('LC_PAPER', 'zh_CN.UTF-8'), ('COLCON', '1'), ('JETSON_JETPACK', '6.2.1'), ('JETSON_P_NUMBER', 'p3767-0000'), ('CMAKE_PREFIX_PATH', '/data/rl_deploy/install/node_control_msgs:/opt/ros/humble')]), 'shell': False}
[2.331005] (robot_msgs) StdoutLine: {'line': b"Listing '/data/rl_deploy/install/robot_msgs/local/lib/python3.10/dist-packages/robot_msgs'...\n"}
[2.331439] (robot_msgs) StdoutLine: {'line': b"Listing '/data/rl_deploy/install/robot_msgs/local/lib/python3.10/dist-packages/robot_msgs/msg'...\n"}
[2.343366] (robot_msgs) StdoutLine: {'line': b'-- Up-to-date: /data/rl_deploy/install/robot_msgs/local/lib/python3.10/dist-packages/robot_msgs/robot_msgs_s__rosidl_typesupport_fastrtps_c.cpython-310-aarch64-linux-gnu.so\n'}
[2.343965] (robot_msgs) StdoutLine: {'line': b'-- Up-to-date: /data/rl_deploy/install/robot_msgs/local/lib/python3.10/dist-packages/robot_msgs/robot_msgs_s__rosidl_typesupport_introspection_c.cpython-310-aarch64-linux-gnu.so\n'}
[2.344369] (robot_msgs) StdoutLine: {'line': b'-- Up-to-date: /data/rl_deploy/install/robot_msgs/local/lib/python3.10/dist-packages/robot_msgs/robot_msgs_s__rosidl_typesupport_c.cpython-310-aarch64-linux-gnu.so\n'}
[2.344956] (robot_msgs) StdoutLine: {'line': b'-- Up-to-date: /data/rl_deploy/install/robot_msgs/lib/librobot_msgs__rosidl_generator_py.so\n'}
[2.345215] (robot_msgs) StdoutLine: {'line': b'-- Up-to-date: /data/rl_deploy/install/robot_msgs/share/ament_index/resource_index/rust_packages/robot_msgs\n'}
[2.345433] (robot_msgs) StdoutLine: {'line': b'-- Up-to-date: /data/rl_deploy/install/robot_msgs/share/robot_msgs/rust\n'}
[2.345570] (robot_msgs) StdoutLine: {'line': b'-- Up-to-date: /data/rl_deploy/install/robot_msgs/share/robot_msgs/rust/Cargo.toml\n'}
[2.345766] (robot_msgs) StdoutLine: {'line': b'-- Up-to-date: /data/rl_deploy/install/robot_msgs/share/robot_msgs/rust/src\n'}
[2.346051] (robot_msgs) StdoutLine: {'line': b'-- Up-to-date: /data/rl_deploy/install/robot_msgs/share/robot_msgs/rust/src/lib.rs\n'}
[2.346229] (robot_msgs) StdoutLine: {'line': b'-- Up-to-date: /data/rl_deploy/install/robot_msgs/share/robot_msgs/rust/src/msg.rs\n'}
[2.346354] (robot_msgs) StdoutLine: {'line': b'-- Up-to-date: /data/rl_deploy/install/robot_msgs/share/robot_msgs/rust/src/msg\n'}
[2.346521] (robot_msgs) StdoutLine: {'line': b'-- Up-to-date: /data/rl_deploy/install/robot_msgs/share/robot_msgs/rust/src/msg/rmw.rs\n'}
[2.346661] (robot_msgs) StdoutLine: {'line': b'-- Up-to-date: /data/rl_deploy/install/robot_msgs/share/robot_msgs/rust/build.rs\n'}
[2.346802] (robot_msgs) StdoutLine: {'line': b'-- Up-to-date: /data/rl_deploy/install/robot_msgs/share/robot_msgs/msg/RobotState.idl\n'}
[2.347076] (robot_msgs) StdoutLine: {'line': b'-- Up-to-date: /data/rl_deploy/install/robot_msgs/share/robot_msgs/msg/RobotState.msg\n'}
[2.347202] (robot_msgs) StdoutLine: {'line': b'-- Up-to-date: /data/rl_deploy/install/robot_msgs/share/ament_index/resource_index/package_run_dependencies/robot_msgs\n'}
[2.347314] (robot_msgs) StdoutLine: {'line': b'-- Up-to-date: /data/rl_deploy/install/robot_msgs/share/ament_index/resource_index/parent_prefix_path/robot_msgs\n'}
[2.347513] (robot_msgs) StdoutLine: {'line': b'-- Up-to-date: /data/rl_deploy/install/robot_msgs/share/robot_msgs/environment/ament_prefix_path.sh\n'}
[2.347657] (robot_msgs) StdoutLine: {'line': b'-- Up-to-date: /data/rl_deploy/install/robot_msgs/share/robot_msgs/environment/ament_prefix_path.dsv\n'}
[2.347839] (robot_msgs) StdoutLine: {'line': b'-- Up-to-date: /data/rl_deploy/install/robot_msgs/share/robot_msgs/environment/path.sh\n'}
[2.348103] (robot_msgs) StdoutLine: {'line': b'-- Up-to-date: /data/rl_deploy/install/robot_msgs/share/robot_msgs/environment/path.dsv\n'}
[2.348246] (robot_msgs) StdoutLine: {'line': b'-- Up-to-date: /data/rl_deploy/install/robot_msgs/share/robot_msgs/local_setup.bash\n'}
[2.348421] (robot_msgs) StdoutLine: {'line': b'-- Up-to-date: /data/rl_deploy/install/robot_msgs/share/robot_msgs/local_setup.sh\n'}
[2.348551] (robot_msgs) StdoutLine: {'line': b'-- Up-to-date: /data/rl_deploy/install/robot_msgs/share/robot_msgs/local_setup.zsh\n'}
[2.348694] (robot_msgs) StdoutLine: {'line': b'-- Up-to-date: /data/rl_deploy/install/robot_msgs/share/robot_msgs/local_setup.dsv\n'}
[2.348803] (robot_msgs) StdoutLine: {'line': b'-- Installing: /data/rl_deploy/install/robot_msgs/share/robot_msgs/package.dsv\n'}
[2.349091] (robot_msgs) StdoutLine: {'line': b'-- Up-to-date: /data/rl_deploy/install/robot_msgs/share/ament_index/resource_index/packages/robot_msgs\n'}
[2.349255] (robot_msgs) StdoutLine: {'line': b'-- Up-to-date: /data/rl_deploy/install/robot_msgs/share/robot_msgs/cmake/export_robot_msgs__rosidl_generator_cExport.cmake\n'}
[2.349424] (robot_msgs) StdoutLine: {'line': b'-- Up-to-date: /data/rl_deploy/install/robot_msgs/share/robot_msgs/cmake/export_robot_msgs__rosidl_generator_cExport-noconfig.cmake\n'}
[2.349551] (robot_msgs) StdoutLine: {'line': b'-- Up-to-date: /data/rl_deploy/install/robot_msgs/share/robot_msgs/cmake/export_robot_msgs__rosidl_typesupport_fastrtps_cExport.cmake\n'}
[2.349749] (robot_msgs) StdoutLine: {'line': b'-- Up-to-date: /data/rl_deploy/install/robot_msgs/share/robot_msgs/cmake/export_robot_msgs__rosidl_typesupport_fastrtps_cExport-noconfig.cmake\n'}
[2.350072] (robot_msgs) StdoutLine: {'line': b'-- Up-to-date: /data/rl_deploy/install/robot_msgs/share/robot_msgs/cmake/export_robot_msgs__rosidl_generator_cppExport.cmake\n'}
[2.350260] (robot_msgs) StdoutLine: {'line': b'-- Up-to-date: /data/rl_deploy/install/robot_msgs/share/robot_msgs/cmake/export_robot_msgs__rosidl_typesupport_fastrtps_cppExport.cmake\n'}
[2.350469] (robot_msgs) StdoutLine: {'line': b'-- Up-to-date: /data/rl_deploy/install/robot_msgs/share/robot_msgs/cmake/export_robot_msgs__rosidl_typesupport_fastrtps_cppExport-noconfig.cmake\n'}
[2.350587] (robot_msgs) StdoutLine: {'line': b'-- Up-to-date: /data/rl_deploy/install/robot_msgs/share/robot_msgs/cmake/robot_msgs__rosidl_typesupport_introspection_cExport.cmake\n'}
[2.350694] (robot_msgs) StdoutLine: {'line': b'-- Up-to-date: /data/rl_deploy/install/robot_msgs/share/robot_msgs/cmake/robot_msgs__rosidl_typesupport_introspection_cExport-noconfig.cmake\n'}
[2.350826] (robot_msgs) StdoutLine: {'line': b'-- Up-to-date: /data/rl_deploy/install/robot_msgs/share/robot_msgs/cmake/robot_msgs__rosidl_typesupport_cExport.cmake\n'}
[2.351041] (robot_msgs) StdoutLine: {'line': b'-- Up-to-date: /data/rl_deploy/install/robot_msgs/share/robot_msgs/cmake/robot_msgs__rosidl_typesupport_cExport-noconfig.cmake\n'}
[2.351174] (robot_msgs) StdoutLine: {'line': b'-- Up-to-date: /data/rl_deploy/install/robot_msgs/share/robot_msgs/cmake/robot_msgs__rosidl_typesupport_introspection_cppExport.cmake\n'}
[2.351286] (robot_msgs) StdoutLine: {'line': b'-- Up-to-date: /data/rl_deploy/install/robot_msgs/share/robot_msgs/cmake/robot_msgs__rosidl_typesupport_introspection_cppExport-noconfig.cmake\n'}
[2.351438] (robot_msgs) StdoutLine: {'line': b'-- Up-to-date: /data/rl_deploy/install/robot_msgs/share/robot_msgs/cmake/robot_msgs__rosidl_typesupport_cppExport.cmake\n'}
[2.351555] (robot_msgs) StdoutLine: {'line': b'-- Up-to-date: /data/rl_deploy/install/robot_msgs/share/robot_msgs/cmake/robot_msgs__rosidl_typesupport_cppExport-noconfig.cmake\n'}
[2.351663] (robot_msgs) StdoutLine: {'line': b'-- Up-to-date: /data/rl_deploy/install/robot_msgs/share/robot_msgs/cmake/export_robot_msgs__rosidl_generator_pyExport.cmake\n'}
[2.351913] (robot_msgs) StdoutLine: {'line': b'-- Up-to-date: /data/rl_deploy/install/robot_msgs/share/robot_msgs/cmake/export_robot_msgs__rosidl_generator_pyExport-noconfig.cmake\n'}
[2.352089] (robot_msgs) StdoutLine: {'line': b'-- Up-to-date: /data/rl_deploy/install/robot_msgs/share/robot_msgs/cmake/rosidl_cmake-extras.cmake\n'}
[2.352202] (robot_msgs) StdoutLine: {'line': b'-- Up-to-date: /data/rl_deploy/install/robot_msgs/share/robot_msgs/cmake/ament_cmake_export_dependencies-extras.cmake\n'}
[2.352307] (robot_msgs) StdoutLine: {'line': b'-- Up-to-date: /data/rl_deploy/install/robot_msgs/share/robot_msgs/cmake/ament_cmake_export_include_directories-extras.cmake\n'}
[2.352453] (robot_msgs) StdoutLine: {'line': b'-- Up-to-date: /data/rl_deploy/install/robot_msgs/share/robot_msgs/cmake/ament_cmake_export_libraries-extras.cmake\n'}
[2.352561] (robot_msgs) StdoutLine: {'line': b'-- Up-to-date: /data/rl_deploy/install/robot_msgs/share/robot_msgs/cmake/ament_cmake_export_targets-extras.cmake\n'}
[2.352664] (robot_msgs) StdoutLine: {'line': b'-- Up-to-date: /data/rl_deploy/install/robot_msgs/share/robot_msgs/cmake/rosidl_cmake_export_typesupport_targets-extras.cmake\n'}
[2.352767] (robot_msgs) StdoutLine: {'line': b'-- Up-to-date: /data/rl_deploy/install/robot_msgs/share/robot_msgs/cmake/rosidl_cmake_export_typesupport_libraries-extras.cmake\n'}
[2.352912] (robot_msgs) StdoutLine: {'line': b'-- Up-to-date: /data/rl_deploy/install/robot_msgs/share/robot_msgs/cmake/robot_msgsConfig.cmake\n'}
[2.353258] (robot_msgs) StdoutLine: {'line': b'-- Up-to-date: /data/rl_deploy/install/robot_msgs/share/robot_msgs/cmake/robot_msgsConfig-version.cmake\n'}
[2.353842] (robot_msgs) StdoutLine: {'line': b'-- Up-to-date: /data/rl_deploy/install/robot_msgs/share/robot_msgs/package.xml\n'}
[2.355168] (robot_msgs) CommandEnded: {'returncode': 0}
[2.386166] (robot_msgs) JobEnded: {'identifier': 'robot_msgs', 'rc': 0}
[2.388652] (robot_state) JobStarted: {'identifier': 'robot_state'}
[2.404000] (robot_state) JobProgress: {'identifier': 'robot_state', 'progress': 'cmake'}
[2.404995] (-) TimerEvent: {}
[2.405764] (robot_state) JobProgress: {'identifier': 'robot_state', 'progress': 'build'}
[2.406839] (robot_state) Command: {'cmd': ['/usr/local/bin/cmake', '--build', '/data/rl_deploy/build/robot_state', '--', '-j8', '-l8'], 'cwd': '/data/rl_deploy/build/robot_state', 'env': OrderedDict([('LESSOPEN', '| /usr/bin/lesspipe %s'), ('USER', 'root'), ('SSH_CLIENT', '192.168.8.113 50272 22'), ('LC_TIME', 'zh_CN.UTF-8'), ('XDG_SESSION_TYPE', 'tty'), ('GIT_ASKPASS', '/root/.vscode-server/cli/servers/Stable-61b3d0ab13be7dda2389f1d3e60a119c7f660cc3/server/extensions/git/dist/askpass.sh'), ('SHLVL', '2'), ('LD_LIBRARY_PATH', '/data/rl_deploy/install/robot_msgs/lib:/data/rl_deploy/install/node_control_msgs/lib:/opt/ros/humble/lib/aarch64-linux-gnu:/opt/ros/humble/lib:/app/lib:/app/lib:/usr/local/cuda-12/lib64:/usr/local/cuda-12/lib64:/usr/local/cuda-12/lib64'), ('BROWSER', '/root/.vscode-server/cli/servers/Stable-61b3d0ab13be7dda2389f1d3e60a119c7f660cc3/server/bin/helpers/browser.sh'), ('LYOS_LOCALHOST_ONLY', '1'), ('MOTD_SHOWN', 'pam'), ('HOME', '/root'), ('OLDPWD', '/root/.vscode-server'), ('TERM_PROGRAM_VERSION', '1.110.1'), ('VSCODE_IPC_HOOK_CLI', '/run/user/0/vscode-ipc-2d12e5c4-ef4a-4996-a4ea-3ebfab8c4620.sock'), ('JETSON_L4T', '36.4.4'), ('ROS_PYTHON_VERSION', '3'), ('JETSON_MODEL', 'NVIDIA Jetson Orin NX Engineering Reference Developer Kit Super'), ('VSCODE_GIT_ASKPASS_MAIN', '/root/.vscode-server/cli/servers/Stable-61b3d0ab13be7dda2389f1d3e60a119c7f660cc3/server/extensions/git/dist/askpass-main.js'), ('LC_MONETARY', 'zh_CN.UTF-8'), ('VSCODE_GIT_ASKPASS_NODE', '/root/.vscode-server/cli/servers/Stable-61b3d0ab13be7dda2389f1d3e60a119c7f660cc3/server/node'), ('VSCODE_PYTHON_AUTOACTIVATE_GUARD', '1'), ('DBUS_SESSION_BUS_ADDRESS', 'unix:path=/run/user/0/bus'), ('COLORTERM', 'truecolor'), ('LYOS_DOMAIN_ID', '18:45:b3:02:00:08'), ('DEBUGINFOD_URLS', ''), ('ROS_DISTRO', 'humble'), ('LOGNAME', 'root'), ('JETSON_MODULE', 'NVIDIA Jetson Orin NX (16GB ram)'), ('JETSON_SERIAL_NUMBER', 'DummySN'), ('_', '/usr/bin/colcon'), ('ROS_VERSION', '2'), ('XDG_SESSION_CLASS', 'user'), ('TERM', 'xterm-256color'), ('XDG_SESSION_ID', '5'), ('ROS_LOCALHOST_ONLY', '1'), ('PATH', '/root/.vscode-server/cli/servers/Stable-61b3d0ab13be7dda2389f1d3e60a119c7f660cc3/server/bin/remote-cli:/opt/ros/humble/bin:/usr/local/sbin:/usr/local/bin:/usr/sbin:/usr/bin:/sbin:/bin:/usr/games:/usr/local/games:/snap/bin:/app/bin:/app/bin:/usr/local/cuda-12/bin:/usr/local/cuda-12/bin:/usr/local/cuda-12/bin'), ('LC_ADDRESS', 'zh_CN.UTF-8'), ('XDG_RUNTIME_DIR', '/run/user/0'), ('LANG', 'en_US.UTF-8'), ('LC_TELEPHONE', 'zh_CN.UTF-8'), ('LS_COLORS', 'rs=0:di=01;34:ln=01;36:mh=00:pi=40;33:so=01;35:do=01;35:bd=40;33;01:cd=40;33;01:or=40;31;01:mi=00:su=37;41:sg=30;43:ca=30;41:tw=30;42:ow=34;42:st=37;44:ex=01;32:*.tar=01;31:*.tgz=01;31:*.arc=01;31:*.arj=01;31:*.taz=01;31:*.lha=01;31:*.lz4=01;31:*.lzh=01;31:*.lzma=01;31:*.tlz=01;31:*.txz=01;31:*.tzo=01;31:*.t7z=01;31:*.zip=01;31:*.z=01;31:*.dz=01;31:*.gz=01;31:*.lrz=01;31:*.lz=01;31:*.lzo=01;31:*.xz=01;31:*.zst=01;31:*.tzst=01;31:*.bz2=01;31:*.bz=01;31:*.tbz=01;31:*.tbz2=01;31:*.tz=01;31:*.deb=01;31:*.rpm=01;31:*.jar=01;31:*.war=01;31:*.ear=01;31:*.sar=01;31:*.rar=01;31:*.alz=01;31:*.ace=01;31:*.zoo=01;31:*.cpio=01;31:*.7z=01;31:*.rz=01;31:*.cab=01;31:*.wim=01;31:*.swm=01;31:*.dwm=01;31:*.esd=01;31:*.jpg=01;35:*.jpeg=01;35:*.mjpg=01;35:*.mjpeg=01;35:*.gif=01;35:*.bmp=01;35:*.pbm=01;35:*.pgm=01;35:*.ppm=01;35:*.tga=01;35:*.xbm=01;35:*.xpm=01;35:*.tif=01;35:*.tiff=01;35:*.png=01;35:*.svg=01;35:*.svgz=01;35:*.mng=01;35:*.pcx=01;35:*.mov=01;35:*.mpg=01;35:*.mpeg=01;35:*.m2v=01;35:*.mkv=01;35:*.webm=01;35:*.webp=01;35:*.ogm=01;35:*.mp4=01;35:*.m4v=01;35:*.mp4v=01;35:*.vob=01;35:*.qt=01;35:*.nuv=01;35:*.wmv=01;35:*.asf=01;35:*.rm=01;35:*.rmvb=01;35:*.flc=01;35:*.avi=01;35:*.fli=01;35:*.flv=01;35:*.gl=01;35:*.dl=01;35:*.xcf=01;35:*.xwd=01;35:*.yuv=01;35:*.cgm=01;35:*.emf=01;35:*.ogv=01;35:*.ogx=01;35:*.aac=00;36:*.au=00;36:*.flac=00;36:*.m4a=00;36:*.mid=00;36:*.midi=00;36:*.mka=00;36:*.mp3=00;36:*.mpc=00;36:*.ogg=00;36:*.ra=00;36:*.wav=00;36:*.oga=00;36:*.opus=00;36:*.spx=00;36:*.xspf=00;36:'), ('JETSON_SOC', 'tegra234'), ('VSCODE_GIT_IPC_HANDLE', '/run/user/0/vscode-git-994ffc2805.sock'), ('TERM_PROGRAM', 'vscode'), ('ROSDISTRO_INDEX_URL', 'https://mirrors.tuna.tsinghua.edu.cn/rosdistro/index_v4.yaml'), ('ROS_DOMAIN_ID', '193'), ('AMENT_PREFIX_PATH', '/data/rl_deploy/install/robot_msgs:/data/rl_deploy/install/node_control_msgs:/opt/ros/humble'), ('SHELL', '/bin/bash'), ('LC_NAME', 'zh_CN.UTF-8'), ('LESSCLOSE', '/usr/bin/lesspipe %s %s'), ('LC_MEASUREMENT', 'zh_CN.UTF-8'), ('LC_IDENTIFICATION', 'zh_CN.UTF-8'), ('VSCODE_GIT_ASKPASS_EXTRA_ARGS', ''), ('JETSON_CUDA_ARCH_BIN', '8.7'), ('PWD', '/data/rl_deploy/build/robot_state'), ('LC_ALL', 'en_US.UTF-8'), ('SSH_CONNECTION', '192.168.8.113 50272 192.168.8.111 22'), ('XDG_DATA_DIRS', '/usr/share/gnome:/usr/local/share:/usr/share:/var/lib/snapd/desktop'), ('PYTHONPATH', '/data/rl_deploy/install/robot_msgs/local/lib/python3.10/dist-packages:/data/rl_deploy/install/node_control_msgs/local/lib/python3.10/dist-packages:/opt/ros/humble/lib/python3.10/site-packages:/opt/ros/humble/local/lib/python3.10/dist-packages'), ('LC_NUMERIC', 'zh_CN.UTF-8'), ('LC_PAPER', 'zh_CN.UTF-8'), ('COLCON', '1'), ('JETSON_JETPACK', '6.2.1'), ('JETSON_P_NUMBER', 'p3767-0000'), ('CMAKE_PREFIX_PATH', '/data/rl_deploy/install/robot_msgs:/data/rl_deploy/install/node_control_msgs:/opt/ros/humble')]), 'shell': False}
[2.472976] (node_app_msgs) StdoutLine: {'line': b'-- Install configuration: ""\n'}
[2.473577] (node_app_msgs) StdoutLine: {'line': b'-- Up-to-date: /data/rl_deploy/install/node_app_msgs/share/ament_index/resource_index/rosidl_interfaces/node_app_msgs\n'}
[2.473763] (node_app_msgs) StdoutLine: {'line': b'-- Up-to-date: /data/rl_deploy/install/node_app_msgs/include/node_app_msgs/node_app_msgs\n'}
[2.474022] (node_app_msgs) StdoutLine: {'line': b'-- Up-to-date: /data/rl_deploy/install/node_app_msgs/include/node_app_msgs/node_app_msgs/msg\n'}
[2.474288] (node_app_msgs) StdoutLine: {'line': b'-- Up-to-date: /data/rl_deploy/install/node_app_msgs/include/node_app_msgs/node_app_msgs/msg/lrs_cmd_state_feedback.h\n'}
[2.474510] (node_app_msgs) StdoutLine: {'line': b'-- Up-to-date: /data/rl_deploy/install/node_app_msgs/include/node_app_msgs/node_app_msgs/msg/lrs_cmd_action.h\n'}
[2.474912] (node_app_msgs) StdoutLine: {'line': b'-- Up-to-date: /data/rl_deploy/install/node_app_msgs/include/node_app_msgs/node_app_msgs/msg/iot_cmd_msg.h\n'}
[2.475238] (node_app_msgs) StdoutLine: {'line': b'-- Up-to-date: /data/rl_deploy/install/node_app_msgs/include/node_app_msgs/node_app_msgs/msg/lrs_cmd_state.h\n'}
[2.475557] (node_app_msgs) StdoutLine: {'line': b'-- Up-to-date: /data/rl_deploy/install/node_app_msgs/include/node_app_msgs/node_app_msgs/msg/detail\n'}
[2.475705] (node_app_msgs) StdoutLine: {'line': b'-- Up-to-date: /data/rl_deploy/install/node_app_msgs/include/node_app_msgs/node_app_msgs/msg/detail/lrs_state__functions.h\n'}
[2.475832] (node_app_msgs) StdoutLine: {'line': b'-- Up-to-date: /data/rl_deploy/install/node_app_msgs/include/node_app_msgs/node_app_msgs/msg/detail/lrs_cmd_state__type_support.h\n'}
[2.476154] (node_app_msgs) StdoutLine: {'line': b'-- Up-to-date: /data/rl_deploy/install/node_app_msgs/include/node_app_msgs/node_app_msgs/msg/detail/lrs_cmd_state_feedback__functions.c\n'}
[2.476288] (node_app_msgs) StdoutLine: {'line': b'-- Up-to-date: /data/rl_deploy/install/node_app_msgs/include/node_app_msgs/node_app_msgs/msg/detail/lrs_cmd_action_feedback__functions.h\n'}
[2.476484] (node_app_msgs) StdoutLine: {'line': b'-- Up-to-date: /data/rl_deploy/install/node_app_msgs/include/node_app_msgs/node_app_msgs/msg/detail/lrs_cmd_state_feedback__struct.h\n'}
[2.476629] (node_app_msgs) StdoutLine: {'line': b'-- Up-to-date: /data/rl_deploy/install/node_app_msgs/include/node_app_msgs/node_app_msgs/msg/detail/lrs_cmd_state_feedback__functions.h\n'}
[2.476961] (node_app_msgs) StdoutLine: {'line': b'-- Up-to-date: /data/rl_deploy/install/node_app_msgs/include/node_app_msgs/node_app_msgs/msg/detail/iot_cmd_msg__functions.c\n'}
[2.477217] (node_app_msgs) StdoutLine: {'line': b'-- Up-to-date: /data/rl_deploy/install/node_app_msgs/include/node_app_msgs/node_app_msgs/msg/detail/lrs_state__functions.c\n'}
[2.477470] (node_app_msgs) StdoutLine: {'line': b'-- Up-to-date: /data/rl_deploy/install/node_app_msgs/include/node_app_msgs/node_app_msgs/msg/detail/lrs_cmd_state__functions.c\n'}
[2.477598] (node_app_msgs) StdoutLine: {'line': b'-- Up-to-date: /data/rl_deploy/install/node_app_msgs/include/node_app_msgs/node_app_msgs/msg/detail/lrs_cmd_action__functions.c\n'}
[2.477713] (node_app_msgs) StdoutLine: {'line': b'-- Up-to-date: /data/rl_deploy/install/node_app_msgs/include/node_app_msgs/node_app_msgs/msg/detail/lrs_state__type_support.h\n'}
[2.477836] (node_app_msgs) StdoutLine: {'line': b'-- Up-to-date: /data/rl_deploy/install/node_app_msgs/include/node_app_msgs/node_app_msgs/msg/detail/lrs_cmd_state_feedback__type_support.h\n'}
[2.478141] (node_app_msgs) StdoutLine: {'line': b'-- Up-to-date: /data/rl_deploy/install/node_app_msgs/include/node_app_msgs/node_app_msgs/msg/detail/lrs_cmd_action__functions.h\n'}
[2.478350] (node_app_msgs) StdoutLine: {'line': b'-- Up-to-date: /data/rl_deploy/install/node_app_msgs/include/node_app_msgs/node_app_msgs/msg/detail/lrs_cmd_action__struct.h\n'}
[2.478527] (node_app_msgs) StdoutLine: {'line': b'-- Up-to-date: /data/rl_deploy/install/node_app_msgs/include/node_app_msgs/node_app_msgs/msg/detail/lrs_cmd_action__type_support.h\n'}
[2.478729] (node_app_msgs) StdoutLine: {'line': b'-- Up-to-date: /data/rl_deploy/install/node_app_msgs/include/node_app_msgs/node_app_msgs/msg/detail/lrs_cmd_action_feedback__type_support.h\n'}
[2.478961] (node_app_msgs) StdoutLine: {'line': b'-- Up-to-date: /data/rl_deploy/install/node_app_msgs/include/node_app_msgs/node_app_msgs/msg/detail/iot_cmd_msg__functions.h\n'}
[2.479245] (node_app_msgs) StdoutLine: {'line': b'-- Up-to-date: /data/rl_deploy/install/node_app_msgs/include/node_app_msgs/node_app_msgs/msg/detail/lrs_state__struct.h\n'}
[2.479515] (node_app_msgs) StdoutLine: {'line': b'-- Up-to-date: /data/rl_deploy/install/node_app_msgs/include/node_app_msgs/node_app_msgs/msg/detail/lrs_cmd_action_feedback__struct.h\n'}
[2.479635] (node_app_msgs) StdoutLine: {'line': b'-- Up-to-date: /data/rl_deploy/install/node_app_msgs/include/node_app_msgs/node_app_msgs/msg/detail/lrs_cmd_action_feedback__functions.c\n'}
[2.479769] (node_app_msgs) StdoutLine: {'line': b'-- Up-to-date: /data/rl_deploy/install/node_app_msgs/include/node_app_msgs/node_app_msgs/msg/detail/lrs_cmd_state__functions.h\n'}
[2.479959] (node_app_msgs) StdoutLine: {'line': b'-- Up-to-date: /data/rl_deploy/install/node_app_msgs/include/node_app_msgs/node_app_msgs/msg/detail/iot_cmd_msg__struct.h\n'}
[2.480085] (node_app_msgs) StdoutLine: {'line': b'-- Up-to-date: /data/rl_deploy/install/node_app_msgs/include/node_app_msgs/node_app_msgs/msg/detail/iot_cmd_msg__type_support.h\n'}
[2.480196] (node_app_msgs) StdoutLine: {'line': b'-- Up-to-date: /data/rl_deploy/install/node_app_msgs/include/node_app_msgs/node_app_msgs/msg/detail/lrs_cmd_state__struct.h\n'}
[2.480377] (node_app_msgs) StdoutLine: {'line': b'-- Up-to-date: /data/rl_deploy/install/node_app_msgs/include/node_app_msgs/node_app_msgs/msg/lrs_cmd_action_feedback.h\n'}
[2.480539] (node_app_msgs) StdoutLine: {'line': b'-- Up-to-date: /data/rl_deploy/install/node_app_msgs/include/node_app_msgs/node_app_msgs/msg/rosidl_generator_c__visibility_control.h\n'}
[2.480712] (node_app_msgs) StdoutLine: {'line': b'-- Up-to-date: /data/rl_deploy/install/node_app_msgs/include/node_app_msgs/node_app_msgs/msg/lrs_state.h\n'}
[2.480941] (node_app_msgs) StdoutLine: {'line': b'-- Up-to-date: /data/rl_deploy/install/node_app_msgs/share/node_app_msgs/environment/library_path.sh\n'}
[2.481235] (node_app_msgs) StdoutLine: {'line': b'-- Up-to-date: /data/rl_deploy/install/node_app_msgs/share/node_app_msgs/environment/library_path.dsv\n'}
[2.481535] (node_app_msgs) StdoutLine: {'line': b'-- Up-to-date: /data/rl_deploy/install/node_app_msgs/lib/libnode_app_msgs__rosidl_generator_c.so\n'}
[2.481657] (node_app_msgs) StdoutLine: {'line': b'-- Up-to-date: /data/rl_deploy/install/node_app_msgs/include/node_app_msgs/node_app_msgs\n'}
[2.481767] (node_app_msgs) StdoutLine: {'line': b'-- Up-to-date: /data/rl_deploy/install/node_app_msgs/include/node_app_msgs/node_app_msgs/msg\n'}
[2.481952] (node_app_msgs) StdoutLine: {'line': b'-- Up-to-date: /data/rl_deploy/install/node_app_msgs/include/node_app_msgs/node_app_msgs/msg/detail\n'}
[2.482217] (node_app_msgs) StdoutLine: {'line': b'-- Up-to-date: /data/rl_deploy/install/node_app_msgs/include/node_app_msgs/node_app_msgs/msg/detail/lrs_cmd_action_feedback__rosidl_typesupport_fastrtps_c.h\n'}
[2.482444] (node_app_msgs) StdoutLine: {'line': b'-- Up-to-date: /data/rl_deploy/install/node_app_msgs/include/node_app_msgs/node_app_msgs/msg/detail/lrs_state__rosidl_typesupport_fastrtps_c.h\n'}
[2.482568] (node_app_msgs) StdoutLine: {'line': b'-- Up-to-date: /data/rl_deploy/install/node_app_msgs/include/node_app_msgs/node_app_msgs/msg/detail/lrs_cmd_action__rosidl_typesupport_fastrtps_c.h\n'}
[2.482822] (node_app_msgs) StdoutLine: {'line': b'-- Up-to-date: /data/rl_deploy/install/node_app_msgs/include/node_app_msgs/node_app_msgs/msg/detail/iot_cmd_msg__rosidl_typesupport_fastrtps_c.h\n'}
[2.483039] (node_app_msgs) StdoutLine: {'line': b'-- Up-to-date: /data/rl_deploy/install/node_app_msgs/include/node_app_msgs/node_app_msgs/msg/detail/lrs_cmd_state_feedback__rosidl_typesupport_fastrtps_c.h\n'}
[2.483160] (node_app_msgs) StdoutLine: {'line': b'-- Up-to-date: /data/rl_deploy/install/node_app_msgs/include/node_app_msgs/node_app_msgs/msg/detail/lrs_cmd_state__rosidl_typesupport_fastrtps_c.h\n'}
[2.483341] (node_app_msgs) StdoutLine: {'line': b'-- Up-to-date: /data/rl_deploy/install/node_app_msgs/include/node_app_msgs/node_app_msgs/msg/rosidl_typesupport_fastrtps_c__visibility_control.h\n'}
[2.483517] (node_app_msgs) StdoutLine: {'line': b'-- Up-to-date: /data/rl_deploy/install/node_app_msgs/lib/libnode_app_msgs__rosidl_typesupport_fastrtps_c.so\n'}
[2.483652] (node_app_msgs) StdoutLine: {'line': b'-- Up-to-date: /data/rl_deploy/install/node_app_msgs/include/node_app_msgs/node_app_msgs\n'}
[2.483783] (node_app_msgs) StdoutLine: {'line': b'-- Up-to-date: /data/rl_deploy/install/node_app_msgs/include/node_app_msgs/node_app_msgs/msg\n'}
[2.483964] (node_app_msgs) StdoutLine: {'line': b'-- Up-to-date: /data/rl_deploy/install/node_app_msgs/include/node_app_msgs/node_app_msgs/msg/detail\n'}
[2.484270] (node_app_msgs) StdoutLine: {'line': b'-- Up-to-date: /data/rl_deploy/install/node_app_msgs/include/node_app_msgs/node_app_msgs/msg/detail/lrs_cmd_state_feedback__type_support.c\n'}
[2.484530] (node_app_msgs) StdoutLine: {'line': b'-- Up-to-date: /data/rl_deploy/install/node_app_msgs/include/node_app_msgs/node_app_msgs/msg/detail/lrs_cmd_action_feedback__rosidl_typesupport_introspection_c.h\n'}
[2.485116] (node_app_msgs) StdoutLine: {'line': b'-- Up-to-date: /data/rl_deploy/install/node_app_msgs/include/node_app_msgs/node_app_msgs/msg/detail/lrs_cmd_action__rosidl_typesupport_introspection_c.h\n'}
[2.485589] (node_app_msgs) StdoutLine: {'line': b'-- Up-to-date: /data/rl_deploy/install/node_app_msgs/include/node_app_msgs/node_app_msgs/msg/detail/iot_cmd_msg__type_support.c\n'}
[2.485752] (node_app_msgs) StdoutLine: {'line': b'-- Up-to-date: /data/rl_deploy/install/node_app_msgs/include/node_app_msgs/node_app_msgs/msg/detail/lrs_cmd_state__type_support.c\n'}
[2.485934] (node_app_msgs) StdoutLine: {'line': b'-- Up-to-date: /data/rl_deploy/install/node_app_msgs/include/node_app_msgs/node_app_msgs/msg/detail/lrs_cmd_state_feedback__rosidl_typesupport_introspection_c.h\n'}
[2.486806] (node_app_msgs) StdoutLine: {'line': b'-- Up-to-date: /data/rl_deploy/install/node_app_msgs/include/node_app_msgs/node_app_msgs/msg/detail/lrs_state__rosidl_typesupport_introspection_c.h\n'}
[2.487055] (node_app_msgs) StdoutLine: {'line': b'-- Up-to-date: /data/rl_deploy/install/node_app_msgs/include/node_app_msgs/node_app_msgs/msg/detail/lrs_cmd_action__type_support.c\n'}
[2.487488] (node_app_msgs) StdoutLine: {'line': b'-- Up-to-date: /data/rl_deploy/install/node_app_msgs/include/node_app_msgs/node_app_msgs/msg/detail/lrs_state__type_support.c\n'}
[2.488134] (node_app_msgs) StdoutLine: {'line': b'-- Up-to-date: /data/rl_deploy/install/node_app_msgs/include/node_app_msgs/node_app_msgs/msg/detail/lrs_cmd_action_feedback__type_support.c\n'}
[2.488261] (node_app_msgs) StdoutLine: {'line': b'-- Up-to-date: /data/rl_deploy/install/node_app_msgs/include/node_app_msgs/node_app_msgs/msg/detail/iot_cmd_msg__rosidl_typesupport_introspection_c.h\n'}
[2.488532] (node_app_msgs) StdoutLine: {'line': b'-- Up-to-date: /data/rl_deploy/install/node_app_msgs/include/node_app_msgs/node_app_msgs/msg/detail/lrs_cmd_state__rosidl_typesupport_introspection_c.h\n'}
[2.488680] (node_app_msgs) StdoutLine: {'line': b'-- Up-to-date: /data/rl_deploy/install/node_app_msgs/include/node_app_msgs/node_app_msgs/msg/rosidl_typesupport_introspection_c__visibility_control.h\n'}
[2.489519] (node_app_msgs) StdoutLine: {'line': b'-- Up-to-date: /data/rl_deploy/install/node_app_msgs/lib/libnode_app_msgs__rosidl_typesupport_introspection_c.so\n'}
[2.489656] (node_app_msgs) StdoutLine: {'line': b'-- Up-to-date: /data/rl_deploy/install/node_app_msgs/lib/libnode_app_msgs__rosidl_typesupport_c.so\n'}
[2.489789] (node_app_msgs) StdoutLine: {'line': b'-- Up-to-date: /data/rl_deploy/install/node_app_msgs/include/node_app_msgs/node_app_msgs\n'}
[2.489994] (node_app_msgs) StdoutLine: {'line': b'-- Up-to-date: /data/rl_deploy/install/node_app_msgs/include/node_app_msgs/node_app_msgs/msg\n'}
[2.490433] (node_app_msgs) StdoutLine: {'line': b'-- Up-to-date: /data/rl_deploy/install/node_app_msgs/include/node_app_msgs/node_app_msgs/msg/lrs_cmd_state.hpp\n'}
[2.491114] (node_app_msgs) StdoutLine: {'line': b'-- Up-to-date: /data/rl_deploy/install/node_app_msgs/include/node_app_msgs/node_app_msgs/msg/iot_cmd_msg.hpp\n'}
[2.491552] (node_app_msgs) StdoutLine: {'line': b'-- Up-to-date: /data/rl_deploy/install/node_app_msgs/include/node_app_msgs/node_app_msgs/msg/lrs_cmd_action.hpp\n'}
[2.491746] (node_app_msgs) StdoutLine: {'line': b'-- Up-to-date: /data/rl_deploy/install/node_app_msgs/include/node_app_msgs/node_app_msgs/msg/lrs_state.hpp\n'}
[2.491960] (node_app_msgs) StdoutLine: {'line': b'-- Up-to-date: /data/rl_deploy/install/node_app_msgs/include/node_app_msgs/node_app_msgs/msg/detail\n'}
[2.492594] (node_app_msgs) StdoutLine: {'line': b'-- Up-to-date: /data/rl_deploy/install/node_app_msgs/include/node_app_msgs/node_app_msgs/msg/detail/lrs_cmd_action__builder.hpp\n'}
[2.492719] (node_app_msgs) StdoutLine: {'line': b'-- Up-to-date: /data/rl_deploy/install/node_app_msgs/include/node_app_msgs/node_app_msgs/msg/detail/lrs_cmd_state__builder.hpp\n'}
[2.492841] (node_app_msgs) StdoutLine: {'line': b'-- Up-to-date: /data/rl_deploy/install/node_app_msgs/include/node_app_msgs/node_app_msgs/msg/detail/iot_cmd_msg__struct.hpp\n'}
[2.493192] (node_app_msgs) StdoutLine: {'line': b'-- Up-to-date: /data/rl_deploy/install/node_app_msgs/include/node_app_msgs/node_app_msgs/msg/detail/lrs_state__struct.hpp\n'}
[2.493519] (node_app_msgs) StdoutLine: {'line': b'-- Up-to-date: /data/rl_deploy/install/node_app_msgs/include/node_app_msgs/node_app_msgs/msg/detail/lrs_cmd_state__struct.hpp\n'}
[2.493649] (node_app_msgs) StdoutLine: {'line': b'-- Up-to-date: /data/rl_deploy/install/node_app_msgs/include/node_app_msgs/node_app_msgs/msg/detail/lrs_state__builder.hpp\n'}
[2.493760] (node_app_msgs) StdoutLine: {'line': b'-- Up-to-date: /data/rl_deploy/install/node_app_msgs/include/node_app_msgs/node_app_msgs/msg/detail/iot_cmd_msg__type_support.hpp\n'}
[2.493938] (node_app_msgs) StdoutLine: {'line': b'-- Up-to-date: /data/rl_deploy/install/node_app_msgs/include/node_app_msgs/node_app_msgs/msg/detail/lrs_cmd_action_feedback__struct.hpp\n'}
[2.494461] (node_app_msgs) StdoutLine: {'line': b'-- Up-to-date: /data/rl_deploy/install/node_app_msgs/include/node_app_msgs/node_app_msgs/msg/detail/lrs_cmd_action_feedback__traits.hpp\n'}
[2.495228] (node_app_msgs) StdoutLine: {'line': b'-- Up-to-date: /data/rl_deploy/install/node_app_msgs/include/node_app_msgs/node_app_msgs/msg/detail/lrs_cmd_state_feedback__type_support.hpp\n'}
[2.496520] (node_app_msgs) StdoutLine: {'line': b'-- Up-to-date: /data/rl_deploy/install/node_app_msgs/include/node_app_msgs/node_app_msgs/msg/detail/lrs_cmd_state_feedback__builder.hpp\n'}
[2.496751] (node_app_msgs) StdoutLine: {'line': b'-- Up-to-date: /data/rl_deploy/install/node_app_msgs/include/node_app_msgs/node_app_msgs/msg/detail/lrs_cmd_action__traits.hpp\n'}
[2.496952] (node_app_msgs) StdoutLine: {'line': b'-- Up-to-date: /data/rl_deploy/install/node_app_msgs/include/node_app_msgs/node_app_msgs/msg/detail/lrs_state__traits.hpp\n'}
[2.497111] (node_app_msgs) StdoutLine: {'line': b'-- Up-to-date: /data/rl_deploy/install/node_app_msgs/include/node_app_msgs/node_app_msgs/msg/detail/lrs_cmd_state_feedback__struct.hpp\n'}
[2.497227] (node_app_msgs) StdoutLine: {'line': b'-- Up-to-date: /data/rl_deploy/install/node_app_msgs/include/node_app_msgs/node_app_msgs/msg/detail/lrs_cmd_state__type_support.hpp\n'}
[2.497434] (node_app_msgs) StdoutLine: {'line': b'-- Up-to-date: /data/rl_deploy/install/node_app_msgs/include/node_app_msgs/node_app_msgs/msg/detail/lrs_cmd_action__struct.hpp\n'}
[2.497565] (node_app_msgs) StdoutLine: {'line': b'-- Up-to-date: /data/rl_deploy/install/node_app_msgs/include/node_app_msgs/node_app_msgs/msg/detail/iot_cmd_msg__traits.hpp\n'}
[2.497675] (node_app_msgs) StdoutLine: {'line': b'-- Up-to-date: /data/rl_deploy/install/node_app_msgs/include/node_app_msgs/node_app_msgs/msg/detail/lrs_cmd_action_feedback__type_support.hpp\n'}
[2.497854] (node_app_msgs) StdoutLine: {'line': b'-- Up-to-date: /data/rl_deploy/install/node_app_msgs/include/node_app_msgs/node_app_msgs/msg/detail/lrs_cmd_state__traits.hpp\n'}
[2.498048] (node_app_msgs) StdoutLine: {'line': b'-- Up-to-date: /data/rl_deploy/install/node_app_msgs/include/node_app_msgs/node_app_msgs/msg/detail/lrs_cmd_state_feedback__traits.hpp\n'}
[2.498161] (node_app_msgs) StdoutLine: {'line': b'-- Up-to-date: /data/rl_deploy/install/node_app_msgs/include/node_app_msgs/node_app_msgs/msg/detail/lrs_cmd_action__type_support.hpp\n'}
[2.498292] (node_app_msgs) StdoutLine: {'line': b'-- Up-to-date: /data/rl_deploy/install/node_app_msgs/include/node_app_msgs/node_app_msgs/msg/detail/lrs_cmd_action_feedback__builder.hpp\n'}
[2.498436] (node_app_msgs) StdoutLine: {'line': b'-- Up-to-date: /data/rl_deploy/install/node_app_msgs/include/node_app_msgs/node_app_msgs/msg/detail/iot_cmd_msg__builder.hpp\n'}
[2.498551] (node_app_msgs) StdoutLine: {'line': b'-- Up-to-date: /data/rl_deploy/install/node_app_msgs/include/node_app_msgs/node_app_msgs/msg/detail/lrs_state__type_support.hpp\n'}
[2.498684] (node_app_msgs) StdoutLine: {'line': b'-- Up-to-date: /data/rl_deploy/install/node_app_msgs/include/node_app_msgs/node_app_msgs/msg/lrs_cmd_state_feedback.hpp\n'}
[2.498794] (node_app_msgs) StdoutLine: {'line': b'-- Up-to-date: /data/rl_deploy/install/node_app_msgs/include/node_app_msgs/node_app_msgs/msg/rosidl_generator_cpp__visibility_control.hpp\n'}
[2.498975] (node_app_msgs) StdoutLine: {'line': b'-- Up-to-date: /data/rl_deploy/install/node_app_msgs/include/node_app_msgs/node_app_msgs/msg/lrs_cmd_action_feedback.hpp\n'}
[2.499094] (node_app_msgs) StdoutLine: {'line': b'-- Up-to-date: /data/rl_deploy/install/node_app_msgs/include/node_app_msgs/node_app_msgs\n'}
[2.499201] (node_app_msgs) StdoutLine: {'line': b'-- Up-to-date: /data/rl_deploy/install/node_app_msgs/include/node_app_msgs/node_app_msgs/msg\n'}
[2.499303] (node_app_msgs) StdoutLine: {'line': b'-- Up-to-date: /data/rl_deploy/install/node_app_msgs/include/node_app_msgs/node_app_msgs/msg/rosidl_typesupport_fastrtps_cpp__visibility_control.h\n'}
[2.499441] (node_app_msgs) StdoutLine: {'line': b'-- Up-to-date: /data/rl_deploy/install/node_app_msgs/include/node_app_msgs/node_app_msgs/msg/detail\n'}
[2.499616] (node_app_msgs) StdoutLine: {'line': b'-- Up-to-date: /data/rl_deploy/install/node_app_msgs/include/node_app_msgs/node_app_msgs/msg/detail/iot_cmd_msg__rosidl_typesupport_fastrtps_cpp.hpp\n'}
[2.499753] (node_app_msgs) StdoutLine: {'line': b'-- Up-to-date: /data/rl_deploy/install/node_app_msgs/include/node_app_msgs/node_app_msgs/msg/detail/lrs_cmd_action__rosidl_typesupport_fastrtps_cpp.hpp\n'}
[2.500440] (node_app_msgs) StdoutLine: {'line': b'-- Up-to-date: /data/rl_deploy/install/node_app_msgs/include/node_app_msgs/node_app_msgs/msg/detail/lrs_cmd_action_feedback__rosidl_typesupport_fastrtps_cpp.hpp\n'}
[2.500604] (node_app_msgs) StdoutLine: {'line': b'-- Up-to-date: /data/rl_deploy/install/node_app_msgs/include/node_app_msgs/node_app_msgs/msg/detail/dds_fastrtps\n'}
[2.500717] (node_app_msgs) StdoutLine: {'line': b'-- Up-to-date: /data/rl_deploy/install/node_app_msgs/include/node_app_msgs/node_app_msgs/msg/detail/lrs_state__rosidl_typesupport_fastrtps_cpp.hpp\n'}
[2.500824] (node_app_msgs) StdoutLine: {'line': b'-- Up-to-date: /data/rl_deploy/install/node_app_msgs/include/node_app_msgs/node_app_msgs/msg/detail/lrs_cmd_state_feedback__rosidl_typesupport_fastrtps_cpp.hpp\n'}
[2.501553] (node_app_msgs) StdoutLine: {'line': b'-- Up-to-date: /data/rl_deploy/install/node_app_msgs/include/node_app_msgs/node_app_msgs/msg/detail/lrs_cmd_state__rosidl_typesupport_fastrtps_cpp.hpp\n'}
[2.501690] (node_app_msgs) StdoutLine: {'line': b'-- Up-to-date: /data/rl_deploy/install/node_app_msgs/lib/libnode_app_msgs__rosidl_typesupport_fastrtps_cpp.so\n'}
[2.501799] (node_app_msgs) StdoutLine: {'line': b'-- Up-to-date: /data/rl_deploy/install/node_app_msgs/include/node_app_msgs/node_app_msgs\n'}
[2.502525] (node_app_msgs) StdoutLine: {'line': b'-- Up-to-date: /data/rl_deploy/install/node_app_msgs/include/node_app_msgs/node_app_msgs/msg\n'}
[2.502683] (node_app_msgs) StdoutLine: {'line': b'-- Up-to-date: /data/rl_deploy/install/node_app_msgs/include/node_app_msgs/node_app_msgs/msg/detail\n'}
[2.502792] (node_app_msgs) StdoutLine: {'line': b'-- Up-to-date: /data/rl_deploy/install/node_app_msgs/include/node_app_msgs/node_app_msgs/msg/detail/lrs_cmd_state__type_support.cpp\n'}
[2.503506] (node_app_msgs) StdoutLine: {'line': b'-- Up-to-date: /data/rl_deploy/install/node_app_msgs/include/node_app_msgs/node_app_msgs/msg/detail/lrs_cmd_state__rosidl_typesupport_introspection_cpp.hpp\n'}
[2.503660] (node_app_msgs) StdoutLine: {'line': b'-- Up-to-date: /data/rl_deploy/install/node_app_msgs/include/node_app_msgs/node_app_msgs/msg/detail/iot_cmd_msg__type_support.cpp\n'}
[2.503791] (node_app_msgs) StdoutLine: {'line': b'-- Up-to-date: /data/rl_deploy/install/node_app_msgs/include/node_app_msgs/node_app_msgs/msg/detail/iot_cmd_msg__rosidl_typesupport_introspection_cpp.hpp\n'}
[2.504527] (node_app_msgs) StdoutLine: {'line': b'-- Up-to-date: /data/rl_deploy/install/node_app_msgs/include/node_app_msgs/node_app_msgs/msg/detail/lrs_cmd_action__type_support.cpp\n'}
[2.504687] (node_app_msgs) StdoutLine: {'line': b'-- Up-to-date: /data/rl_deploy/install/node_app_msgs/include/node_app_msgs/node_app_msgs/msg/detail/lrs_cmd_action__rosidl_typesupport_introspection_cpp.hpp\n'}
[2.504799] (node_app_msgs) StdoutLine: {'line': b'-- Up-to-date: /data/rl_deploy/install/node_app_msgs/include/node_app_msgs/node_app_msgs/msg/detail/lrs_cmd_action_feedback__type_support.cpp\n'}
[2.505504] (-) TimerEvent: {}
[2.505719] (node_app_msgs) StdoutLine: {'line': b'-- Up-to-date: /data/rl_deploy/install/node_app_msgs/include/node_app_msgs/node_app_msgs/msg/detail/lrs_cmd_action_feedback__rosidl_typesupport_introspection_cpp.hpp\n'}
[2.506428] (node_app_msgs) StdoutLine: {'line': b'-- Up-to-date: /data/rl_deploy/install/node_app_msgs/include/node_app_msgs/node_app_msgs/msg/detail/lrs_state__type_support.cpp\n'}
[2.506614] (node_app_msgs) StdoutLine: {'line': b'-- Up-to-date: /data/rl_deploy/install/node_app_msgs/include/node_app_msgs/node_app_msgs/msg/detail/lrs_state__rosidl_typesupport_introspection_cpp.hpp\n'}
[2.506732] (node_app_msgs) StdoutLine: {'line': b'-- Up-to-date: /data/rl_deploy/install/node_app_msgs/include/node_app_msgs/node_app_msgs/msg/detail/lrs_cmd_state_feedback__rosidl_typesupport_introspection_cpp.hpp\n'}
[2.507421] (node_app_msgs) StdoutLine: {'line': b'-- Up-to-date: /data/rl_deploy/install/node_app_msgs/include/node_app_msgs/node_app_msgs/msg/detail/lrs_cmd_state_feedback__type_support.cpp\n'}
[2.507602] (node_app_msgs) StdoutLine: {'line': b'-- Up-to-date: /data/rl_deploy/install/node_app_msgs/lib/libnode_app_msgs__rosidl_typesupport_introspection_cpp.so\n'}
[2.507732] (node_app_msgs) StdoutLine: {'line': b'-- Up-to-date: /data/rl_deploy/install/node_app_msgs/lib/libnode_app_msgs__rosidl_typesupport_cpp.so\n'}
[2.507846] (node_app_msgs) StdoutLine: {'line': b'-- Up-to-date: /data/rl_deploy/install/node_app_msgs/share/node_app_msgs/environment/pythonpath.sh\n'}
[2.508562] (node_app_msgs) StdoutLine: {'line': b'-- Up-to-date: /data/rl_deploy/install/node_app_msgs/share/node_app_msgs/environment/pythonpath.dsv\n'}
[2.508680] (node_app_msgs) StdoutLine: {'line': b'-- Up-to-date: /data/rl_deploy/install/node_app_msgs/local/lib/python3.10/dist-packages/node_app_msgs-0.0.0-py3.10.egg-info\n'}
[2.508787] (node_app_msgs) StdoutLine: {'line': b'-- Installing: /data/rl_deploy/install/node_app_msgs/local/lib/python3.10/dist-packages/node_app_msgs-0.0.0-py3.10.egg-info/top_level.txt\n'}
[2.509492] (node_app_msgs) StdoutLine: {'line': b'-- Installing: /data/rl_deploy/install/node_app_msgs/local/lib/python3.10/dist-packages/node_app_msgs-0.0.0-py3.10.egg-info/PKG-INFO\n'}
[2.509623] (node_app_msgs) StdoutLine: {'line': b'-- Installing: /data/rl_deploy/install/node_app_msgs/local/lib/python3.10/dist-packages/node_app_msgs-0.0.0-py3.10.egg-info/SOURCES.txt\n'}
[2.509742] (node_app_msgs) StdoutLine: {'line': b'-- Installing: /data/rl_deploy/install/node_app_msgs/local/lib/python3.10/dist-packages/node_app_msgs-0.0.0-py3.10.egg-info/dependency_links.txt\n'}
[2.509849] (node_app_msgs) StdoutLine: {'line': b'-- Up-to-date: /data/rl_deploy/install/node_app_msgs/local/lib/python3.10/dist-packages/node_app_msgs\n'}
[2.510573] (node_app_msgs) StdoutLine: {'line': b'-- Up-to-date: /data/rl_deploy/install/node_app_msgs/local/lib/python3.10/dist-packages/node_app_msgs/libnode_app_msgs__rosidl_generator_py.so\n'}
[2.510712] (node_app_msgs) StdoutLine: {'line': b'-- Up-to-date: /data/rl_deploy/install/node_app_msgs/local/lib/python3.10/dist-packages/node_app_msgs/node_app_msgs_s__rosidl_typesupport_introspection_c.cpython-310-aarch64-linux-gnu.so\n'}
[2.510823] (node_app_msgs) StdoutLine: {'line': b'-- Up-to-date: /data/rl_deploy/install/node_app_msgs/local/lib/python3.10/dist-packages/node_app_msgs/_node_app_msgs_s.ep.rosidl_typesupport_introspection_c.c\n'}
[2.511556] (node_app_msgs) StdoutLine: {'line': b'-- Up-to-date: /data/rl_deploy/install/node_app_msgs/local/lib/python3.10/dist-packages/node_app_msgs/_node_app_msgs_s.ep.rosidl_typesupport_c.c\n'}
[2.511700] (node_app_msgs) StdoutLine: {'line': b'-- Up-to-date: /data/rl_deploy/install/node_app_msgs/local/lib/python3.10/dist-packages/node_app_msgs/node_app_msgs_s__rosidl_typesupport_c.cpython-310-aarch64-linux-gnu.so\n'}
[2.511824] (node_app_msgs) StdoutLine: {'line': b'-- Up-to-date: /data/rl_deploy/install/node_app_msgs/local/lib/python3.10/dist-packages/node_app_msgs/__init__.py\n'}
[2.512621] (node_app_msgs) StdoutLine: {'line': b'-- Up-to-date: /data/rl_deploy/install/node_app_msgs/local/lib/python3.10/dist-packages/node_app_msgs/_node_app_msgs_s.ep.rosidl_typesupport_fastrtps_c.c\n'}
[2.512757] (node_app_msgs) StdoutLine: {'line': b'-- Up-to-date: /data/rl_deploy/install/node_app_msgs/local/lib/python3.10/dist-packages/node_app_msgs/msg\n'}
[2.513447] (node_app_msgs) StdoutLine: {'line': b'-- Up-to-date: /data/rl_deploy/install/node_app_msgs/local/lib/python3.10/dist-packages/node_app_msgs/msg/_lrs_state_s.c\n'}
[2.513619] (node_app_msgs) StdoutLine: {'line': b'-- Up-to-date: /data/rl_deploy/install/node_app_msgs/local/lib/python3.10/dist-packages/node_app_msgs/msg/_lrs_cmd_action_feedback.py\n'}
[2.513742] (node_app_msgs) StdoutLine: {'line': b'-- Up-to-date: /data/rl_deploy/install/node_app_msgs/local/lib/python3.10/dist-packages/node_app_msgs/msg/_lrs_cmd_state.py\n'}
[2.513850] (node_app_msgs) StdoutLine: {'line': b'-- Up-to-date: /data/rl_deploy/install/node_app_msgs/local/lib/python3.10/dist-packages/node_app_msgs/msg/_iot_cmd_msg.py\n'}
[2.514575] (node_app_msgs) StdoutLine: {'line': b'-- Up-to-date: /data/rl_deploy/install/node_app_msgs/local/lib/python3.10/dist-packages/node_app_msgs/msg/_lrs_cmd_action_feedback_s.c\n'}
[2.514729] (node_app_msgs) StdoutLine: {'line': b'-- Up-to-date: /data/rl_deploy/install/node_app_msgs/local/lib/python3.10/dist-packages/node_app_msgs/msg/_lrs_cmd_action_s.c\n'}
[2.514847] (node_app_msgs) StdoutLine: {'line': b'-- Up-to-date: /data/rl_deploy/install/node_app_msgs/local/lib/python3.10/dist-packages/node_app_msgs/msg/_lrs_state.py\n'}
[2.515567] (node_app_msgs) StdoutLine: {'line': b'-- Up-to-date: /data/rl_deploy/install/node_app_msgs/local/lib/python3.10/dist-packages/node_app_msgs/msg/_iot_cmd_msg_s.c\n'}
[2.515683] (node_app_msgs) StdoutLine: {'line': b'-- Up-to-date: /data/rl_deploy/install/node_app_msgs/local/lib/python3.10/dist-packages/node_app_msgs/msg/__init__.py\n'}
[2.515810] (node_app_msgs) StdoutLine: {'line': b'-- Up-to-date: /data/rl_deploy/install/node_app_msgs/local/lib/python3.10/dist-packages/node_app_msgs/msg/_lrs_cmd_state_feedback_s.c\n'}
[2.516174] (node_app_msgs) StdoutLine: {'line': b'-- Up-to-date: /data/rl_deploy/install/node_app_msgs/local/lib/python3.10/dist-packages/node_app_msgs/msg/_lrs_cmd_action.py\n'}
[2.516295] (node_app_msgs) StdoutLine: {'line': b'-- Up-to-date: /data/rl_deploy/install/node_app_msgs/local/lib/python3.10/dist-packages/node_app_msgs/msg/_lrs_cmd_state_feedback.py\n'}
[2.516970] (node_app_msgs) StdoutLine: {'line': b'-- Up-to-date: /data/rl_deploy/install/node_app_msgs/local/lib/python3.10/dist-packages/node_app_msgs/msg/_lrs_cmd_state_s.c\n'}
[2.517125] (node_app_msgs) StdoutLine: {'line': b'-- Up-to-date: /data/rl_deploy/install/node_app_msgs/local/lib/python3.10/dist-packages/node_app_msgs/node_app_msgs_s__rosidl_typesupport_fastrtps_c.cpython-310-aarch64-linux-gnu.so\n'}
[2.571487] (node_app_msgs) StdoutLine: {'line': b"Listing '/data/rl_deploy/install/node_app_msgs/local/lib/python3.10/dist-packages/node_app_msgs'...\n"}
[2.571999] (node_app_msgs) StdoutLine: {'line': b"Listing '/data/rl_deploy/install/node_app_msgs/local/lib/python3.10/dist-packages/node_app_msgs/msg'...\n"}
[2.585133] (node_app_msgs) StdoutLine: {'line': b'-- Up-to-date: /data/rl_deploy/install/node_app_msgs/local/lib/python3.10/dist-packages/node_app_msgs/node_app_msgs_s__rosidl_typesupport_fastrtps_c.cpython-310-aarch64-linux-gnu.so\n'}
[2.586248] (node_app_msgs) StdoutLine: {'line': b'-- Up-to-date: /data/rl_deploy/install/node_app_msgs/local/lib/python3.10/dist-packages/node_app_msgs/node_app_msgs_s__rosidl_typesupport_introspection_c.cpython-310-aarch64-linux-gnu.so\n'}
[2.587092] (node_app_msgs) StdoutLine: {'line': b'-- Up-to-date: /data/rl_deploy/install/node_app_msgs/local/lib/python3.10/dist-packages/node_app_msgs/node_app_msgs_s__rosidl_typesupport_c.cpython-310-aarch64-linux-gnu.so\n'}
[2.591627] (node_app_msgs) StdoutLine: {'line': b'-- Up-to-date: /data/rl_deploy/install/node_app_msgs/lib/libnode_app_msgs__rosidl_generator_py.so\n'}
[2.592479] (node_app_msgs) StdoutLine: {'line': b'-- Up-to-date: /data/rl_deploy/install/node_app_msgs/share/ament_index/resource_index/rust_packages/node_app_msgs\n'}
[2.593013] (node_app_msgs) StdoutLine: {'line': b'-- Up-to-date: /data/rl_deploy/install/node_app_msgs/share/node_app_msgs/rust\n'}
[2.593439] (node_app_msgs) StdoutLine: {'line': b'-- Up-to-date: /data/rl_deploy/install/node_app_msgs/share/node_app_msgs/rust/Cargo.toml\n'}
[2.593772] (node_app_msgs) StdoutLine: {'line': b'-- Up-to-date: /data/rl_deploy/install/node_app_msgs/share/node_app_msgs/rust/src\n'}
[2.594343] (node_app_msgs) StdoutLine: {'line': b'-- Up-to-date: /data/rl_deploy/install/node_app_msgs/share/node_app_msgs/rust/src/lib.rs\n'}
[2.594598] (node_app_msgs) StdoutLine: {'line': b'-- Up-to-date: /data/rl_deploy/install/node_app_msgs/share/node_app_msgs/rust/src/msg.rs\n'}
[2.594779] (node_app_msgs) StdoutLine: {'line': b'-- Up-to-date: /data/rl_deploy/install/node_app_msgs/share/node_app_msgs/rust/src/msg\n'}
[2.595359] (node_app_msgs) StdoutLine: {'line': b'-- Up-to-date: /data/rl_deploy/install/node_app_msgs/share/node_app_msgs/rust/src/msg/rmw.rs\n'}
[2.595764] (node_app_msgs) StdoutLine: {'line': b'-- Up-to-date: /data/rl_deploy/install/node_app_msgs/share/node_app_msgs/rust/build.rs\n'}
[2.596291] (node_app_msgs) StdoutLine: {'line': b'-- Up-to-date: /data/rl_deploy/install/node_app_msgs/share/node_app_msgs/msg/IotCmdMsg.idl\n'}
[2.596511] (node_app_msgs) StdoutLine: {'line': b'-- Up-to-date: /data/rl_deploy/install/node_app_msgs/share/node_app_msgs/msg/LrsCmdAction.idl\n'}
[2.596737] (node_app_msgs) StdoutLine: {'line': b'-- Up-to-date: /data/rl_deploy/install/node_app_msgs/share/node_app_msgs/msg/LrsCmdActionFeedback.idl\n'}
[2.597192] (node_app_msgs) StdoutLine: {'line': b'-- Up-to-date: /data/rl_deploy/install/node_app_msgs/share/node_app_msgs/msg/LrsCmdState.idl\n'}
[2.597468] (node_app_msgs) StdoutLine: {'line': b'-- Up-to-date: /data/rl_deploy/install/node_app_msgs/share/node_app_msgs/msg/LrsCmdStateFeedback.idl\n'}
[2.597611] (node_app_msgs) StdoutLine: {'line': b'-- Up-to-date: /data/rl_deploy/install/node_app_msgs/share/node_app_msgs/msg/LrsState.idl\n'}
[2.597730] (node_app_msgs) StdoutLine: {'line': b'-- Up-to-date: /data/rl_deploy/install/node_app_msgs/share/node_app_msgs/msg/IotCmdMsg.msg\n'}
[2.597838] (node_app_msgs) StdoutLine: {'line': b'-- Up-to-date: /data/rl_deploy/install/node_app_msgs/share/node_app_msgs/msg/LrsCmdAction.msg\n'}
[2.598227] (node_app_msgs) StdoutLine: {'line': b'-- Up-to-date: /data/rl_deploy/install/node_app_msgs/share/node_app_msgs/msg/LrsCmdActionFeedback.msg\n'}
[2.598437] (node_app_msgs) StdoutLine: {'line': b'-- Up-to-date: /data/rl_deploy/install/node_app_msgs/share/node_app_msgs/msg/LrsCmdState.msg\n'}
[2.598621] (node_app_msgs) StdoutLine: {'line': b'-- Up-to-date: /data/rl_deploy/install/node_app_msgs/share/node_app_msgs/msg/LrsCmdStateFeedback.msg\n'}
[2.598755] (node_app_msgs) StdoutLine: {'line': b'-- Up-to-date: /data/rl_deploy/install/node_app_msgs/share/node_app_msgs/msg/LrsState.msg\n'}
[2.599169] (node_app_msgs) StdoutLine: {'line': b'-- Up-to-date: /data/rl_deploy/install/node_app_msgs/share/ament_index/resource_index/package_run_dependencies/node_app_msgs\n'}
[2.599435] (node_app_msgs) StdoutLine: {'line': b'-- Up-to-date: /data/rl_deploy/install/node_app_msgs/share/ament_index/resource_index/parent_prefix_path/node_app_msgs\n'}
[2.599631] (node_app_msgs) StdoutLine: {'line': b'-- Up-to-date: /data/rl_deploy/install/node_app_msgs/share/node_app_msgs/environment/ament_prefix_path.sh\n'}
[2.599775] (node_app_msgs) StdoutLine: {'line': b'-- Up-to-date: /data/rl_deploy/install/node_app_msgs/share/node_app_msgs/environment/ament_prefix_path.dsv\n'}
[2.600133] (node_app_msgs) StdoutLine: {'line': b'-- Up-to-date: /data/rl_deploy/install/node_app_msgs/share/node_app_msgs/environment/path.sh\n'}
[2.600431] (node_app_msgs) StdoutLine: {'line': b'-- Up-to-date: /data/rl_deploy/install/node_app_msgs/share/node_app_msgs/environment/path.dsv\n'}
[2.600569] (node_app_msgs) StdoutLine: {'line': b'-- Up-to-date: /data/rl_deploy/install/node_app_msgs/share/node_app_msgs/local_setup.bash\n'}
[2.600743] (node_app_msgs) StdoutLine: {'line': b'-- Up-to-date: /data/rl_deploy/install/node_app_msgs/share/node_app_msgs/local_setup.sh\n'}
[2.601104] (node_app_msgs) StdoutLine: {'line': b'-- Up-to-date: /data/rl_deploy/install/node_app_msgs/share/node_app_msgs/local_setup.zsh\n'}
[2.601284] (node_app_msgs) StdoutLine: {'line': b'-- Up-to-date: /data/rl_deploy/install/node_app_msgs/share/node_app_msgs/local_setup.dsv\n'}
[2.601521] (node_app_msgs) StdoutLine: {'line': b'-- Installing: /data/rl_deploy/install/node_app_msgs/share/node_app_msgs/package.dsv\n'}
[2.601647] (node_app_msgs) StdoutLine: {'line': b'-- Up-to-date: /data/rl_deploy/install/node_app_msgs/share/ament_index/resource_index/packages/node_app_msgs\n'}
[2.602078] (node_app_msgs) StdoutLine: {'line': b'-- Up-to-date: /data/rl_deploy/install/node_app_msgs/share/node_app_msgs/cmake/export_node_app_msgs__rosidl_generator_cExport.cmake\n'}
[2.602287] (node_app_msgs) StdoutLine: {'line': b'-- Up-to-date: /data/rl_deploy/install/node_app_msgs/share/node_app_msgs/cmake/export_node_app_msgs__rosidl_generator_cExport-noconfig.cmake\n'}
[2.602602] (node_app_msgs) StdoutLine: {'line': b'-- Up-to-date: /data/rl_deploy/install/node_app_msgs/share/node_app_msgs/cmake/export_node_app_msgs__rosidl_typesupport_fastrtps_cExport.cmake\n'}
[2.602962] (node_app_msgs) StdoutLine: {'line': b'-- Up-to-date: /data/rl_deploy/install/node_app_msgs/share/node_app_msgs/cmake/export_node_app_msgs__rosidl_typesupport_fastrtps_cExport-noconfig.cmake\n'}
[2.603189] (node_app_msgs) StdoutLine: {'line': b'-- Up-to-date: /data/rl_deploy/install/node_app_msgs/share/node_app_msgs/cmake/node_app_msgs__rosidl_typesupport_introspection_cExport.cmake\n'}
[2.603414] (node_app_msgs) StdoutLine: {'line': b'-- Up-to-date: /data/rl_deploy/install/node_app_msgs/share/node_app_msgs/cmake/node_app_msgs__rosidl_typesupport_introspection_cExport-noconfig.cmake\n'}
[2.603549] (node_app_msgs) StdoutLine: {'line': b'-- Up-to-date: /data/rl_deploy/install/node_app_msgs/share/node_app_msgs/cmake/node_app_msgs__rosidl_typesupport_cExport.cmake\n'}
[2.603937] (node_app_msgs) StdoutLine: {'line': b'-- Up-to-date: /data/rl_deploy/install/node_app_msgs/share/node_app_msgs/cmake/node_app_msgs__rosidl_typesupport_cExport-noconfig.cmake\n'}
[2.604119] (node_app_msgs) StdoutLine: {'line': b'-- Up-to-date: /data/rl_deploy/install/node_app_msgs/share/node_app_msgs/cmake/export_node_app_msgs__rosidl_generator_cppExport.cmake\n'}
[2.604240] (node_app_msgs) StdoutLine: {'line': b'-- Up-to-date: /data/rl_deploy/install/node_app_msgs/share/node_app_msgs/cmake/export_node_app_msgs__rosidl_typesupport_fastrtps_cppExport.cmake\n'}
[2.604351] (node_app_msgs) StdoutLine: {'line': b'-- Up-to-date: /data/rl_deploy/install/node_app_msgs/share/node_app_msgs/cmake/export_node_app_msgs__rosidl_typesupport_fastrtps_cppExport-noconfig.cmake\n'}
[2.604530] (node_app_msgs) StdoutLine: {'line': b'-- Up-to-date: /data/rl_deploy/install/node_app_msgs/share/node_app_msgs/cmake/node_app_msgs__rosidl_typesupport_introspection_cppExport.cmake\n'}
[2.604638] (node_app_msgs) StdoutLine: {'line': b'-- Up-to-date: /data/rl_deploy/install/node_app_msgs/share/node_app_msgs/cmake/node_app_msgs__rosidl_typesupport_introspection_cppExport-noconfig.cmake\n'}
[2.604947] (node_app_msgs) StdoutLine: {'line': b'-- Up-to-date: /data/rl_deploy/install/node_app_msgs/share/node_app_msgs/cmake/node_app_msgs__rosidl_typesupport_cppExport.cmake\n'}
[2.605119] (node_app_msgs) StdoutLine: {'line': b'-- Up-to-date: /data/rl_deploy/install/node_app_msgs/share/node_app_msgs/cmake/node_app_msgs__rosidl_typesupport_cppExport-noconfig.cmake\n'}
[2.605237] (node_app_msgs) StdoutLine: {'line': b'-- Up-to-date: /data/rl_deploy/install/node_app_msgs/share/node_app_msgs/cmake/export_node_app_msgs__rosidl_generator_pyExport.cmake\n'}
[2.605345] (node_app_msgs) StdoutLine: {'line': b'-- Up-to-date: /data/rl_deploy/install/node_app_msgs/share/node_app_msgs/cmake/export_node_app_msgs__rosidl_generator_pyExport-noconfig.cmake\n'}
[2.605544] (-) TimerEvent: {}
[2.605932] (node_app_msgs) StdoutLine: {'line': b'-- Up-to-date: /data/rl_deploy/install/node_app_msgs/share/node_app_msgs/cmake/rosidl_cmake-extras.cmake\n'}
[2.606118] (node_app_msgs) StdoutLine: {'line': b'-- Up-to-date: /data/rl_deploy/install/node_app_msgs/share/node_app_msgs/cmake/ament_cmake_export_dependencies-extras.cmake\n'}
[2.606242] (robot_state) StdoutLine: {'line': b'[100%] Built target robot_state_node\n'}
[2.606537] (node_app_msgs) StdoutLine: {'line': b'-- Up-to-date: /data/rl_deploy/install/node_app_msgs/share/node_app_msgs/cmake/ament_cmake_export_include_directories-extras.cmake\n'}
[2.607443] (node_app_msgs) StdoutLine: {'line': b'-- Up-to-date: /data/rl_deploy/install/node_app_msgs/share/node_app_msgs/cmake/ament_cmake_export_libraries-extras.cmake\n'}
[2.608362] (node_app_msgs) StdoutLine: {'line': b'-- Up-to-date: /data/rl_deploy/install/node_app_msgs/share/node_app_msgs/cmake/ament_cmake_export_targets-extras.cmake\n'}
[2.610143] (node_app_msgs) StdoutLine: {'line': b'-- Up-to-date: /data/rl_deploy/install/node_app_msgs/share/node_app_msgs/cmake/rosidl_cmake_export_typesupport_targets-extras.cmake\n'}
[2.610371] (node_app_msgs) StdoutLine: {'line': b'-- Up-to-date: /data/rl_deploy/install/node_app_msgs/share/node_app_msgs/cmake/rosidl_cmake_export_typesupport_libraries-extras.cmake\n'}
[2.610576] (node_app_msgs) StdoutLine: {'line': b'-- Up-to-date: /data/rl_deploy/install/node_app_msgs/share/node_app_msgs/cmake/node_app_msgsConfig.cmake\n'}
[2.610881] (node_app_msgs) StdoutLine: {'line': b'-- Up-to-date: /data/rl_deploy/install/node_app_msgs/share/node_app_msgs/cmake/node_app_msgsConfig-version.cmake\n'}
[2.611281] (node_app_msgs) StdoutLine: {'line': b'-- Up-to-date: /data/rl_deploy/install/node_app_msgs/share/node_app_msgs/package.xml\n'}
[2.611553] (node_app_msgs) CommandEnded: {'returncode': 0}
[2.653782] (node_app_msgs) JobEnded: {'identifier': 'node_app_msgs', 'rc': 0}
[2.656582] (robot_rl_controller) JobStarted: {'identifier': 'robot_rl_controller'}
[2.665168] (robot_state) CommandEnded: {'returncode': 0}
[2.667612] (robot_state) JobProgress: {'identifier': 'robot_state', 'progress': 'install'}
[2.668280] (robot_state) Command: {'cmd': ['/usr/local/bin/cmake', '--install', '/data/rl_deploy/build/robot_state'], 'cwd': '/data/rl_deploy/build/robot_state', 'env': OrderedDict([('LESSOPEN', '| /usr/bin/lesspipe %s'), ('USER', 'root'), ('SSH_CLIENT', '192.168.8.113 50272 22'), ('LC_TIME', 'zh_CN.UTF-8'), ('XDG_SESSION_TYPE', 'tty'), ('GIT_ASKPASS', '/root/.vscode-server/cli/servers/Stable-61b3d0ab13be7dda2389f1d3e60a119c7f660cc3/server/extensions/git/dist/askpass.sh'), ('SHLVL', '2'), ('LD_LIBRARY_PATH', '/data/rl_deploy/install/robot_msgs/lib:/data/rl_deploy/install/node_control_msgs/lib:/opt/ros/humble/lib/aarch64-linux-gnu:/opt/ros/humble/lib:/app/lib:/app/lib:/usr/local/cuda-12/lib64:/usr/local/cuda-12/lib64:/usr/local/cuda-12/lib64'), ('BROWSER', '/root/.vscode-server/cli/servers/Stable-61b3d0ab13be7dda2389f1d3e60a119c7f660cc3/server/bin/helpers/browser.sh'), ('LYOS_LOCALHOST_ONLY', '1'), ('MOTD_SHOWN', 'pam'), ('HOME', '/root'), ('OLDPWD', '/root/.vscode-server'), ('TERM_PROGRAM_VERSION', '1.110.1'), ('VSCODE_IPC_HOOK_CLI', '/run/user/0/vscode-ipc-2d12e5c4-ef4a-4996-a4ea-3ebfab8c4620.sock'), ('JETSON_L4T', '36.4.4'), ('ROS_PYTHON_VERSION', '3'), ('JETSON_MODEL', 'NVIDIA Jetson Orin NX Engineering Reference Developer Kit Super'), ('VSCODE_GIT_ASKPASS_MAIN', '/root/.vscode-server/cli/servers/Stable-61b3d0ab13be7dda2389f1d3e60a119c7f660cc3/server/extensions/git/dist/askpass-main.js'), ('LC_MONETARY', 'zh_CN.UTF-8'), ('VSCODE_GIT_ASKPASS_NODE', '/root/.vscode-server/cli/servers/Stable-61b3d0ab13be7dda2389f1d3e60a119c7f660cc3/server/node'), ('VSCODE_PYTHON_AUTOACTIVATE_GUARD', '1'), ('DBUS_SESSION_BUS_ADDRESS', 'unix:path=/run/user/0/bus'), ('COLORTERM', 'truecolor'), ('LYOS_DOMAIN_ID', '18:45:b3:02:00:08'), ('DEBUGINFOD_URLS', ''), ('ROS_DISTRO', 'humble'), ('LOGNAME', 'root'), ('JETSON_MODULE', 'NVIDIA Jetson Orin NX (16GB ram)'), ('JETSON_SERIAL_NUMBER', 'DummySN'), ('_', '/usr/bin/colcon'), ('ROS_VERSION', '2'), ('XDG_SESSION_CLASS', 'user'), ('TERM', 'xterm-256color'), ('XDG_SESSION_ID', '5'), ('ROS_LOCALHOST_ONLY', '1'), ('PATH', '/root/.vscode-server/cli/servers/Stable-61b3d0ab13be7dda2389f1d3e60a119c7f660cc3/server/bin/remote-cli:/opt/ros/humble/bin:/usr/local/sbin:/usr/local/bin:/usr/sbin:/usr/bin:/sbin:/bin:/usr/games:/usr/local/games:/snap/bin:/app/bin:/app/bin:/usr/local/cuda-12/bin:/usr/local/cuda-12/bin:/usr/local/cuda-12/bin'), ('LC_ADDRESS', 'zh_CN.UTF-8'), ('XDG_RUNTIME_DIR', '/run/user/0'), ('LANG', 'en_US.UTF-8'), ('LC_TELEPHONE', 'zh_CN.UTF-8'), ('LS_COLORS', 'rs=0:di=01;34:ln=01;36:mh=00:pi=40;33:so=01;35:do=01;35:bd=40;33;01:cd=40;33;01:or=40;31;01:mi=00:su=37;41:sg=30;43:ca=30;41:tw=30;42:ow=34;42:st=37;44:ex=01;32:*.tar=01;31:*.tgz=01;31:*.arc=01;31:*.arj=01;31:*.taz=01;31:*.lha=01;31:*.lz4=01;31:*.lzh=01;31:*.lzma=01;31:*.tlz=01;31:*.txz=01;31:*.tzo=01;31:*.t7z=01;31:*.zip=01;31:*.z=01;31:*.dz=01;31:*.gz=01;31:*.lrz=01;31:*.lz=01;31:*.lzo=01;31:*.xz=01;31:*.zst=01;31:*.tzst=01;31:*.bz2=01;31:*.bz=01;31:*.tbz=01;31:*.tbz2=01;31:*.tz=01;31:*.deb=01;31:*.rpm=01;31:*.jar=01;31:*.war=01;31:*.ear=01;31:*.sar=01;31:*.rar=01;31:*.alz=01;31:*.ace=01;31:*.zoo=01;31:*.cpio=01;31:*.7z=01;31:*.rz=01;31:*.cab=01;31:*.wim=01;31:*.swm=01;31:*.dwm=01;31:*.esd=01;31:*.jpg=01;35:*.jpeg=01;35:*.mjpg=01;35:*.mjpeg=01;35:*.gif=01;35:*.bmp=01;35:*.pbm=01;35:*.pgm=01;35:*.ppm=01;35:*.tga=01;35:*.xbm=01;35:*.xpm=01;35:*.tif=01;35:*.tiff=01;35:*.png=01;35:*.svg=01;35:*.svgz=01;35:*.mng=01;35:*.pcx=01;35:*.mov=01;35:*.mpg=01;35:*.mpeg=01;35:*.m2v=01;35:*.mkv=01;35:*.webm=01;35:*.webp=01;35:*.ogm=01;35:*.mp4=01;35:*.m4v=01;35:*.mp4v=01;35:*.vob=01;35:*.qt=01;35:*.nuv=01;35:*.wmv=01;35:*.asf=01;35:*.rm=01;35:*.rmvb=01;35:*.flc=01;35:*.avi=01;35:*.fli=01;35:*.flv=01;35:*.gl=01;35:*.dl=01;35:*.xcf=01;35:*.xwd=01;35:*.yuv=01;35:*.cgm=01;35:*.emf=01;35:*.ogv=01;35:*.ogx=01;35:*.aac=00;36:*.au=00;36:*.flac=00;36:*.m4a=00;36:*.mid=00;36:*.midi=00;36:*.mka=00;36:*.mp3=00;36:*.mpc=00;36:*.ogg=00;36:*.ra=00;36:*.wav=00;36:*.oga=00;36:*.opus=00;36:*.spx=00;36:*.xspf=00;36:'), ('JETSON_SOC', 'tegra234'), ('VSCODE_GIT_IPC_HANDLE', '/run/user/0/vscode-git-994ffc2805.sock'), ('TERM_PROGRAM', 'vscode'), ('ROSDISTRO_INDEX_URL', 'https://mirrors.tuna.tsinghua.edu.cn/rosdistro/index_v4.yaml'), ('ROS_DOMAIN_ID', '193'), ('AMENT_PREFIX_PATH', '/data/rl_deploy/install/robot_msgs:/data/rl_deploy/install/node_control_msgs:/opt/ros/humble'), ('SHELL', '/bin/bash'), ('LC_NAME', 'zh_CN.UTF-8'), ('LESSCLOSE', '/usr/bin/lesspipe %s %s'), ('LC_MEASUREMENT', 'zh_CN.UTF-8'), ('LC_IDENTIFICATION', 'zh_CN.UTF-8'), ('VSCODE_GIT_ASKPASS_EXTRA_ARGS', ''), ('JETSON_CUDA_ARCH_BIN', '8.7'), ('PWD', '/data/rl_deploy/build/robot_state'), ('LC_ALL', 'en_US.UTF-8'), ('SSH_CONNECTION', '192.168.8.113 50272 192.168.8.111 22'), ('XDG_DATA_DIRS', '/usr/share/gnome:/usr/local/share:/usr/share:/var/lib/snapd/desktop'), ('PYTHONPATH', '/data/rl_deploy/install/robot_msgs/local/lib/python3.10/dist-packages:/data/rl_deploy/install/node_control_msgs/local/lib/python3.10/dist-packages:/opt/ros/humble/lib/python3.10/site-packages:/opt/ros/humble/local/lib/python3.10/dist-packages'), ('LC_NUMERIC', 'zh_CN.UTF-8'), ('LC_PAPER', 'zh_CN.UTF-8'), ('COLCON', '1'), ('JETSON_JETPACK', '6.2.1'), ('JETSON_P_NUMBER', 'p3767-0000'), ('CMAKE_PREFIX_PATH', '/data/rl_deploy/install/robot_msgs:/data/rl_deploy/install/node_control_msgs:/opt/ros/humble')]), 'shell': False}
[2.705770] (-) TimerEvent: {}
[2.806384] (-) TimerEvent: {}
[2.840531] (robot_state) StdoutLine: {'line': b'-- Install configuration: ""\n'}
[2.841135] (robot_state) StdoutLine: {'line': b'-- Up-to-date: /data/rl_deploy/install/robot_state/lib/robot_state/robot_state_node\n'}
[2.841485] (robot_state) StdoutLine: {'line': b'-- Up-to-date: /data/rl_deploy/install/robot_state/share/ament_index/resource_index/package_run_dependencies/robot_state\n'}
[2.841904] (robot_state) StdoutLine: {'line': b'-- Up-to-date: /data/rl_deploy/install/robot_state/share/ament_index/resource_index/parent_prefix_path/robot_state\n'}
[2.842169] (robot_state) StdoutLine: {'line': b'-- Up-to-date: /data/rl_deploy/install/robot_state/share/robot_state/environment/ament_prefix_path.sh\n'}
[2.842313] (robot_state) StdoutLine: {'line': b'-- Up-to-date: /data/rl_deploy/install/robot_state/share/robot_state/environment/ament_prefix_path.dsv\n'}
[2.842431] (robot_state) StdoutLine: {'line': b'-- Up-to-date: /data/rl_deploy/install/robot_state/share/robot_state/environment/path.sh\n'}
[2.842542] (robot_state) StdoutLine: {'line': b'-- Up-to-date: /data/rl_deploy/install/robot_state/share/robot_state/environment/path.dsv\n'}
[2.842645] (robot_state) StdoutLine: {'line': b'-- Up-to-date: /data/rl_deploy/install/robot_state/share/robot_state/local_setup.bash\n'}
[2.842815] (robot_state) StdoutLine: {'line': b'-- Up-to-date: /data/rl_deploy/install/robot_state/share/robot_state/local_setup.sh\n'}
[2.842924] (robot_state) StdoutLine: {'line': b'-- Up-to-date: /data/rl_deploy/install/robot_state/share/robot_state/local_setup.zsh\n'}
[2.843026] (robot_state) StdoutLine: {'line': b'-- Up-to-date: /data/rl_deploy/install/robot_state/share/robot_state/local_setup.dsv\n'}
[2.843123] (robot_state) StdoutLine: {'line': b'-- Installing: /data/rl_deploy/install/robot_state/share/robot_state/package.dsv\n'}
[2.843221] (robot_state) StdoutLine: {'line': b'-- Up-to-date: /data/rl_deploy/install/robot_state/share/ament_index/resource_index/packages/robot_state\n'}
[2.843535] (robot_state) StdoutLine: {'line': b'-- Up-to-date: /data/rl_deploy/install/robot_state/share/robot_state/cmake/robot_stateConfig.cmake\n'}
[2.843797] (robot_state) StdoutLine: {'line': b'-- Up-to-date: /data/rl_deploy/install/robot_state/share/robot_state/cmake/robot_stateConfig-version.cmake\n'}
[2.843919] (robot_state) StdoutLine: {'line': b'-- Up-to-date: /data/rl_deploy/install/robot_state/share/robot_state/package.xml\n'}
[2.906507] (-) TimerEvent: {}
[3.007218] (-) TimerEvent: {}
[3.107702] (-) TimerEvent: {}
[3.139999] (robot_state) CommandEnded: {'returncode': 0}
[3.172352] (robot_state) JobEnded: {'identifier': 'robot_state', 'rc': 0}
[3.207826] (-) TimerEvent: {}
[3.308283] (-) TimerEvent: {}
[3.408744] (-) TimerEvent: {}
[3.509182] (-) TimerEvent: {}
[3.609708] (-) TimerEvent: {}
[3.710156] (-) TimerEvent: {}
[3.810598] (-) TimerEvent: {}
[3.911049] (-) TimerEvent: {}
[3.925891] (robot_rl_controller) Command: {'cmd': ['/usr/bin/python3', '-W', 'ignore:setup.py install is deprecated', '-W', 'ignore:easy_install command is deprecated', 'setup.py', 'egg_info', '--egg-base', '../../build/robot_rl_controller', 'build', '--build-base', '/data/rl_deploy/build/robot_rl_controller/build', 'install', '--record', '/data/rl_deploy/build/robot_rl_controller/install.log', '--single-version-externally-managed', 'install_data'], 'cwd': '/data/rl_deploy/src/robot_rl_controller', 'env': {'LESSOPEN': '| /usr/bin/lesspipe %s', 'USER': 'root', 'SSH_CLIENT': '192.168.8.113 50272 22', 'LC_TIME': 'zh_CN.UTF-8', 'XDG_SESSION_TYPE': 'tty', 'GIT_ASKPASS': '/root/.vscode-server/cli/servers/Stable-61b3d0ab13be7dda2389f1d3e60a119c7f660cc3/server/extensions/git/dist/askpass.sh', 'SHLVL': '2', 'LD_LIBRARY_PATH': '/data/rl_deploy/install/robot_msgs/lib:/data/rl_deploy/install/node_app_msgs/lib:/data/rl_deploy/install/node_control_msgs/lib:/opt/ros/humble/lib/aarch64-linux-gnu:/opt/ros/humble/lib:/app/lib:/app/lib:/usr/local/cuda-12/lib64:/usr/local/cuda-12/lib64:/usr/local/cuda-12/lib64', 'BROWSER': '/root/.vscode-server/cli/servers/Stable-61b3d0ab13be7dda2389f1d3e60a119c7f660cc3/server/bin/helpers/browser.sh', 'LYOS_LOCALHOST_ONLY': '1', 'MOTD_SHOWN': 'pam', 'HOME': '/root', 'OLDPWD': '/root/.vscode-server', 'TERM_PROGRAM_VERSION': '1.110.1', 'VSCODE_IPC_HOOK_CLI': '/run/user/0/vscode-ipc-2d12e5c4-ef4a-4996-a4ea-3ebfab8c4620.sock', 'JETSON_L4T': '36.4.4', 'ROS_PYTHON_VERSION': '3', 'JETSON_MODEL': 'NVIDIA Jetson Orin NX Engineering Reference Developer Kit Super', 'VSCODE_GIT_ASKPASS_MAIN': '/root/.vscode-server/cli/servers/Stable-61b3d0ab13be7dda2389f1d3e60a119c7f660cc3/server/extensions/git/dist/askpass-main.js', 'LC_MONETARY': 'zh_CN.UTF-8', 'VSCODE_GIT_ASKPASS_NODE': '/root/.vscode-server/cli/servers/Stable-61b3d0ab13be7dda2389f1d3e60a119c7f660cc3/server/node', 'VSCODE_PYTHON_AUTOACTIVATE_GUARD': '1', 'DBUS_SESSION_BUS_ADDRESS': 'unix:path=/run/user/0/bus', 'COLORTERM': 'truecolor', 'LYOS_DOMAIN_ID': '18:45:b3:02:00:08', 'DEBUGINFOD_URLS': '', 'ROS_DISTRO': 'humble', 'LOGNAME': 'root', 'JETSON_MODULE': 'NVIDIA Jetson Orin NX (16GB ram)', 'JETSON_SERIAL_NUMBER': 'DummySN', '_': '/usr/bin/colcon', 'ROS_VERSION': '2', 'XDG_SESSION_CLASS': 'user', 'TERM': 'xterm-256color', 'XDG_SESSION_ID': '5', 'ROS_LOCALHOST_ONLY': '1', 'PATH': '/root/.vscode-server/cli/servers/Stable-61b3d0ab13be7dda2389f1d3e60a119c7f660cc3/server/bin/remote-cli:/opt/ros/humble/bin:/usr/local/sbin:/usr/local/bin:/usr/sbin:/usr/bin:/sbin:/bin:/usr/games:/usr/local/games:/snap/bin:/app/bin:/app/bin:/usr/local/cuda-12/bin:/usr/local/cuda-12/bin:/usr/local/cuda-12/bin', 'LC_ADDRESS': 'zh_CN.UTF-8', 'XDG_RUNTIME_DIR': '/run/user/0', 'LANG': 'en_US.UTF-8', 'LC_TELEPHONE': 'zh_CN.UTF-8', 'LS_COLORS': 'rs=0:di=01;34:ln=01;36:mh=00:pi=40;33:so=01;35:do=01;35:bd=40;33;01:cd=40;33;01:or=40;31;01:mi=00:su=37;41:sg=30;43:ca=30;41:tw=30;42:ow=34;42:st=37;44:ex=01;32:*.tar=01;31:*.tgz=01;31:*.arc=01;31:*.arj=01;31:*.taz=01;31:*.lha=01;31:*.lz4=01;31:*.lzh=01;31:*.lzma=01;31:*.tlz=01;31:*.txz=01;31:*.tzo=01;31:*.t7z=01;31:*.zip=01;31:*.z=01;31:*.dz=01;31:*.gz=01;31:*.lrz=01;31:*.lz=01;31:*.lzo=01;31:*.xz=01;31:*.zst=01;31:*.tzst=01;31:*.bz2=01;31:*.bz=01;31:*.tbz=01;31:*.tbz2=01;31:*.tz=01;31:*.deb=01;31:*.rpm=01;31:*.jar=01;31:*.war=01;31:*.ear=01;31:*.sar=01;31:*.rar=01;31:*.alz=01;31:*.ace=01;31:*.zoo=01;31:*.cpio=01;31:*.7z=01;31:*.rz=01;31:*.cab=01;31:*.wim=01;31:*.swm=01;31:*.dwm=01;31:*.esd=01;31:*.jpg=01;35:*.jpeg=01;35:*.mjpg=01;35:*.mjpeg=01;35:*.gif=01;35:*.bmp=01;35:*.pbm=01;35:*.pgm=01;35:*.ppm=01;35:*.tga=01;35:*.xbm=01;35:*.xpm=01;35:*.tif=01;35:*.tiff=01;35:*.png=01;35:*.svg=01;35:*.svgz=01;35:*.mng=01;35:*.pcx=01;35:*.mov=01;35:*.mpg=01;35:*.mpeg=01;35:*.m2v=01;35:*.mkv=01;35:*.webm=01;35:*.webp=01;35:*.ogm=01;35:*.mp4=01;35:*.m4v=01;35:*.mp4v=01;35:*.vob=01;35:*.qt=01;35:*.nuv=01;35:*.wmv=01;35:*.asf=01;35:*.rm=01;35:*.rmvb=01;35:*.flc=01;35:*.avi=01;35:*.fli=01;35:*.flv=01;35:*.gl=01;35:*.dl=01;35:*.xcf=01;35:*.xwd=01;35:*.yuv=01;35:*.cgm=01;35:*.emf=01;35:*.ogv=01;35:*.ogx=01;35:*.aac=00;36:*.au=00;36:*.flac=00;36:*.m4a=00;36:*.mid=00;36:*.midi=00;36:*.mka=00;36:*.mp3=00;36:*.mpc=00;36:*.ogg=00;36:*.ra=00;36:*.wav=00;36:*.oga=00;36:*.opus=00;36:*.spx=00;36:*.xspf=00;36:', 'JETSON_SOC': 'tegra234', 'VSCODE_GIT_IPC_HANDLE': '/run/user/0/vscode-git-994ffc2805.sock', 'TERM_PROGRAM': 'vscode', 'ROSDISTRO_INDEX_URL': 'https://mirrors.tuna.tsinghua.edu.cn/rosdistro/index_v4.yaml', 'ROS_DOMAIN_ID': '193', 'AMENT_PREFIX_PATH': '/data/rl_deploy/install/robot_msgs:/data/rl_deploy/install/node_app_msgs:/data/rl_deploy/install/node_control_msgs:/opt/ros/humble', 'SHELL': '/bin/bash', 'LC_NAME': 'zh_CN.UTF-8', 'LESSCLOSE': '/usr/bin/lesspipe %s %s', 'LC_MEASUREMENT': 'zh_CN.UTF-8', 'LC_IDENTIFICATION': 'zh_CN.UTF-8', 'VSCODE_GIT_ASKPASS_EXTRA_ARGS': '', 'JETSON_CUDA_ARCH_BIN': '8.7', 'PWD': '/data/rl_deploy/build/robot_rl_controller', 'LC_ALL': 'en_US.UTF-8', 'SSH_CONNECTION': '192.168.8.113 50272 192.168.8.111 22', 'XDG_DATA_DIRS': '/usr/share/gnome:/usr/local/share:/usr/share:/var/lib/snapd/desktop', 'PYTHONPATH': '/data/rl_deploy/build/robot_rl_controller/prefix_override:/usr/lib/python3/dist-packages/colcon_core/task/python/colcon_distutils_commands:/data/rl_deploy/install/robot_rl_controller/lib/python3.10/site-packages:/data/rl_deploy/install/robot_msgs/local/lib/python3.10/dist-packages:/data/rl_deploy/install/node_app_msgs/local/lib/python3.10/dist-packages:/data/rl_deploy/install/node_control_msgs/local/lib/python3.10/dist-packages:/opt/ros/humble/lib/python3.10/site-packages:/opt/ros/humble/local/lib/python3.10/dist-packages', 'LC_NUMERIC': 'zh_CN.UTF-8', 'LC_PAPER': 'zh_CN.UTF-8', 'COLCON': '1', 'JETSON_JETPACK': '6.2.1', 'JETSON_P_NUMBER': 'p3767-0000', 'CMAKE_PREFIX_PATH': '/data/rl_deploy/install/robot_msgs:/data/rl_deploy/install/node_app_msgs:/data/rl_deploy/install/node_control_msgs'}, 'shell': False}
[4.011188] (-) TimerEvent: {}
[4.111795] (-) TimerEvent: {}
[4.212266] (-) TimerEvent: {}
[4.312717] (-) TimerEvent: {}
[4.322739] (robot_rl_controller) StdoutLine: {'line': b'running egg_info\n'}
[4.324061] (robot_rl_controller) StdoutLine: {'line': b'writing ../../build/robot_rl_controller/robot_rl_controller.egg-info/PKG-INFO\n'}
[4.324533] (robot_rl_controller) StdoutLine: {'line': b'writing dependency_links to ../../build/robot_rl_controller/robot_rl_controller.egg-info/dependency_links.txt\n'}
[4.324942] (robot_rl_controller) StdoutLine: {'line': b'writing entry points to ../../build/robot_rl_controller/robot_rl_controller.egg-info/entry_points.txt\n'}
[4.325196] (robot_rl_controller) StdoutLine: {'line': b'writing requirements to ../../build/robot_rl_controller/robot_rl_controller.egg-info/requires.txt\n'}
[4.325477] (robot_rl_controller) StdoutLine: {'line': b'writing top-level names to ../../build/robot_rl_controller/robot_rl_controller.egg-info/top_level.txt\n'}
[4.328677] (robot_rl_controller) StdoutLine: {'line': b"reading manifest file '../../build/robot_rl_controller/robot_rl_controller.egg-info/SOURCES.txt'\n"}
[4.330479] (robot_rl_controller) StdoutLine: {'line': b"writing manifest file '../../build/robot_rl_controller/robot_rl_controller.egg-info/SOURCES.txt'\n"}
[4.330775] (robot_rl_controller) StdoutLine: {'line': b'running build\n'}
[4.330925] (robot_rl_controller) StdoutLine: {'line': b'running build_py\n'}
[4.331488] (robot_rl_controller) StdoutLine: {'line': b'running install\n'}
[4.332115] (robot_rl_controller) StdoutLine: {'line': b'running install_lib\n'}
[4.334668] (robot_rl_controller) StdoutLine: {'line': b'running install_data\n'}
[4.335090] (robot_rl_controller) StdoutLine: {'line': b'copying config/waist_15_robot_controller_config.yaml -> /data/rl_deploy/install/robot_rl_controller/share/robot_rl_controller/config\n'}
[4.335984] (robot_rl_controller) StdoutLine: {'line': b'running install_egg_info\n'}
[4.339167] (robot_rl_controller) StdoutLine: {'line': b"removing '/data/rl_deploy/install/robot_rl_controller/lib/python3.10/site-packages/robot_rl_controller-0.0.0-py3.10.egg-info' (and everything under it)\n"}
[4.339827] (robot_rl_controller) StdoutLine: {'line': b'Copying ../../build/robot_rl_controller/robot_rl_controller.egg-info to /data/rl_deploy/install/robot_rl_controller/lib/python3.10/site-packages/robot_rl_controller-0.0.0-py3.10.egg-info\n'}
[4.341584] (robot_rl_controller) StdoutLine: {'line': b'running install_scripts\n'}
[4.377892] (robot_rl_controller) StdoutLine: {'line': b'Installing action_robot_controller script to /data/rl_deploy/install/robot_rl_controller/lib/robot_rl_controller\n'}
[4.378360] (robot_rl_controller) StdoutLine: {'line': b'Installing dance_robot_controller script to /data/rl_deploy/install/robot_rl_controller/lib/robot_rl_controller\n'}
[4.378687] (robot_rl_controller) StdoutLine: {'line': b'Installing s_waist_15_action_robot_controller script to /data/rl_deploy/install/robot_rl_controller/lib/robot_rl_controller\n'}
[4.378877] (robot_rl_controller) StdoutLine: {'line': b'Installing waist_15_action_robot_controller script to /data/rl_deploy/install/robot_rl_controller/lib/robot_rl_controller\n'}
[4.379574] (robot_rl_controller) StdoutLine: {'line': b"writing list of installed files to '/data/rl_deploy/build/robot_rl_controller/install.log'\n"}
[4.412842] (-) TimerEvent: {}
[4.440924] (robot_rl_controller) CommandEnded: {'returncode': 0}
[4.457072] (robot_rl_controller) JobEnded: {'identifier': 'robot_rl_controller', 'rc': 0}
[4.459223] (-) EventReactorShutdown: {}
